original performance,number of trades,q learning performance,number of trades
1204.2041569295193,743,1192.4921354210894,736,1339.415475040252,706
