original performance,number of trades,q learning performance,number of trades
527.2818497973593,1839,584.4630708712692,1569,109.69060078254935,714
