original performance,number of trades,q learning performance,number of trades
527.2818497973593,1839,583.8831345130658,1566,109.97676979727437,714
