original performance,number of trades,q learning performance,number of trades
527.2818497973593,1839,582.1873250247719,1569,109.97676979727437,714
