original performance,number of trades,q learning performance,number of trades
527.2818497973593,1839,584.9799915748922,1569,109.58127750001368,714
