original performance,number of trades,q learning performance,number of trades
527.2818497973593,1839,585.5649072343376,1570,109.8674465147387,714
