original performance,number of trades,q learning performance,number of trades
527.2818497973593,1839,586.7225386504155,1570,109.97676979727437,714
