original performance,number of trades,q learning performance,number of trades
527.2818497973593,1839,585.9971501755821,1569,109.8674465147387,714
