original performance,number of trades,q learning performance,number of trades
527.2818497973593,1839,588.9553752534708,1570,109.97676979727437,714
