original performance,number of trades,q learning performance,number of trades
527.2818497973593,1839,581.1258819560628,1569,109.8674465147387,714
