original performance,number of trades,q learning performance,number of trades
527.2818497973593,1839,588.637141078293,1570,112.08532813149674,714
