original performance,number of trades,q learning performance,number of trades
527.2818497973593,1839,588.1091018190809,1570,112.37149714622177,714
