original performance,number of trades,q learning performance,number of trades
527.2818497973593,1839,600.9866888990107,1552,109.97676979727437,714
