original performance,number of trades,q learning performance,number of trades
527.2818497973593,1839,584.3730162990337,1568,107.94139633392419,714
