original performance,number of trades,q learning performance,number of trades
527.2818497973593,1839,590.9814709060046,1568,109.97676979727437,714
