original performance,number of trades,q learning performance,number of trades
527.2818497973593,1839,596.4797607909376,1565,107.94139633392419,714
