original performance,number of trades,q learning performance,number of trades
527.2818497973593,1839,584.4873739216993,1567,109.97676979727437,714
