original performance,number of trades,q learning performance,number of trades
527.2818497973593,1839,582.5434634497858,1550,109.8674465147387,714
