original performance,number of trades,q learning performance,number of trades
527.2818497973593,1839,587.400545181138,1566,112.08532813149674,714
