original performance,number of trades,q learning performance,number of trades
527.2818497973593,1839,588.2860351951259,1570,109.8674465147387,714
