original performance,number of trades,q learning performance,number of trades
527.2818497973593,1839,588.248322389018,1569,112.08532813149674,714
