original performance,number of trades,q learning performance,number of trades
527.2818497973593,1839,588.0808530688133,1566,107.94139633392419,714
