original performance,number of trades,q learning performance,number of trades
527.2818497973593,1839,594.1136701342085,1562,109.58127750001368,714
