original performance,number of trades,q learning performance,number of trades,q learning training performance,number of trades
-249.1508136906036,584,-187.42958707809447,480,-1100.5264713938643,205
1090.9103340664603,577,1231.0823987071733,502,980.5287807161008,289
975.217861286108,552,916.8259889906731,483,94.35692110928622,220
-417.46131121923054,126,-477.94988127208893,105,-50000,0
