original performance,number of trades,q learning performance,number of trades
527.2818497973593,1839,581.3302099142865,1570,107.94139633392419,714
