original performance,number of trades,q learning performance,number of trades
527.2818497973593,1839,585.7536448484773,1570,109.8674465147387,714
