original performance,number of trades,q learning performance,number of trades
527.2818497973593,1839,584.9452848981141,1570,109.8674465147387,714
