original performance,number of trades,q learning performance,number of trades
527.2818497973593,1839,586.1029163141919,1570,109.97676979727437,714
