original performance,number of trades,q learning performance,number of trades
527.2818497973593,1839,591.8249480830907,1566,109.97676979727437,714
