original performance,number of trades,q learning performance,number of trades
527.2818497973593,1839,588.3357529172472,1570,107.65522731919917,714
