original performance,number of trades,q learning performance,number of trades
527.2818497973593,1839,585.0490670039736,1566,109.97676979727437,714
