original performance,number of trades,q learning performance,number of trades
527.2818497973593,1839,581.7445799671874,1568,112.08532813149674,714
