original performance,number of trades,q learning performance,number of trades
527.2818497973593,1839,589.1981689064366,1570,112.37149714622177,714
