original performance,number of trades,q learning performance,number of trades
527.2818497973593,1839,601.0320502135087,1547,109.97676979727437,714
