original performance,number of trades,q learning performance,number of trades
527.2818497973593,1839,589.5197798739276,1569,107.94139633392419,714
