original performance,number of trades,q learning performance,number of trades
527.2818497973593,1839,585.0913513844905,1569,107.65522731919917,714
