original performance,number of trades,q learning performance,number of trades
941.9464628752287,1110,878.8932754325068,956,983.0330677053975,887
