original performance,number of trades,q learning performance,number of trades
941.9464628752287,1110,919.1279045033973,967,983.0330677053975,887
