original performance,number of trades,q learning performance,number of trades
941.9464628752287,1110,900.5901626147361,972,983.0330677053975,887
