original performance,number of trades,q learning performance,number of trades
941.9464628752287,1110,907.599347634124,971,983.0330677053975,887
