original performance,number of trades,q learning performance,number of trades
941.9464628752287,1110,1136.3035282472365,588,983.0330677053975,887
