original performance,number of trades,q learning performance,number of trades
941.9464628752287,1110,1100.9511126274842,717,983.0330677053975,887
