original performance,number of trades,q learning performance,number of trades
941.9464628752287,1110,1008.6721541001148,742,983.0330677053975,887
