original performance,number of trades,q learning performance,number of trades
941.9464628752287,1110,916.3476524117067,970,983.0330677053975,887
