original performance,number of trades,q learning performance,number of trades
941.9464628752287,1110,1043.4472436657031,731,983.0330677053975,887
