original performance,number of trades,q learning performance,number of trades
941.9464628752287,1110,1053.4586884120724,583,983.0330677053975,887
