original performance,number of trades,q learning performance,number of trades
941.9464628752287,1110,1071.3837356883082,725,983.0330677053975,887
