original performance,number of trades,q learning performance,number of trades
941.9464628752287,1110,1139.2553280101104,595,983.0330677053975,887
