original performance,number of trades,q learning performance,number of trades
941.9464628752287,1110,1082.7789783530914,718,983.0330677053975,887
