original performance,number of trades,q learning performance,number of trades
941.9464628752287,1110,897.9815260180537,965,983.0330677053975,887
