original performance,number of trades,q learning performance,number of trades
941.9464628752287,1110,898.3562992304164,971,983.0330677053975,887
