original performance,number of trades,q learning performance,number of trades
941.9464628752287,1110,894.8351888272784,969,983.0330677053975,887
