original performance,number of trades,q learning performance,number of trades
941.9464628752287,1110,919.5632524510102,966,983.0330677053975,887
