original performance,number of trades,q learning performance,number of trades
941.9464628752287,1110,916.2699687631015,969,983.0330677053975,887
