original performance,number of trades,q learning performance,number of trades
941.9464628752287,1110,1067.635284318595,580,983.0330677053975,887
