original performance,number of trades,q learning performance,number of trades
941.9464628752287,1110,1100.9797942254872,603,983.0330677053975,887
