original performance,number of trades,q learning performance,number of trades
941.9464628752287,1110,1012.7823218936012,735,983.0330677053975,887
