original performance,number of trades,q learning performance,number of trades
941.9464628752287,1110,1061.6878583320447,581,983.0330677053975,887
