original performance,number of trades,q learning performance,number of trades
941.9464628752287,1110,915.8373249394978,962,983.0330677053975,887
