original performance,number of trades,q learning performance,number of trades
941.9464628752287,1110,937.4267413799579,962,983.0330677053975,887
