original performance,number of trades,q learning performance,number of trades
941.9464628752287,1110,906.4355534099492,962,983.0330677053975,887
