original performance,number of trades,q learning performance,number of trades
941.9464628752287,1110,904.6399192849426,969,983.0330677053975,887
