original performance,number of trades,q learning performance,number of trades
941.9464628752287,1110,1084.3953043899642,727,983.0330677053975,887
