original performance,number of trades,q learning performance,number of trades
941.9464628752287,1110,907.5981261767025,971,983.0330677053975,887
