original performance,number of trades,q learning performance,number of trades
941.9464628752287,1110,915.972509765625,935,983.0330677053975,887
