original performance,number of trades,q learning performance,number of trades
941.9464628752287,1110,931.6769030051256,945,983.0330677053975,887
