original performance,number of trades,q learning performance,number of trades
941.9464628752287,1110,879.3586551291958,958,983.0330677053975,887
