original performance,number of trades,q learning performance,number of trades
941.9464628752287,1110,1062.6959070580988,742,983.0330677053975,887
