original performance,number of trades,q learning performance,number of trades,q learning training performance,number of trades
857.4705308328463,508,922.1640753495066,437,968.281139977842,461
1254.8013902630723,456,1014.9878301781345,415,998.9970082744187,426
258.74048060587006,146,171.88623737839032,106,-50000,0
