original performance,number of trades,q learning performance,number of trades
941.9464628752287,1110,898.9079314525537,971,983.0330677053975,887
