original performance,number of trades,q learning performance,number of trades
941.9464628752287,1110,924.8168707142015,961,983.0330677053975,887
