original performance,number of trades,q learning performance,number of trades
941.9464628752287,1110,927.7571370266941,926,983.0330677053975,887
