original performance,number of trades,q learning performance,number of trades
941.9464628752287,1110,1074.822674161407,734,983.0330677053975,887
