original performance,number of trades,q learning performance,number of trades
941.9464628752287,1110,1057.4631758331248,593,983.0330677053975,887
