original performance,number of trades,q learning performance,number of trades
941.9464628752287,1110,894.6624031308842,946,983.0330677053975,887
