original performance,number of trades,q learning performance,number of trades,q learning training performance,number of trades
857.4705308328463,508,1176.1507723665115,393,968.281139977842,461
1254.8013902630723,456,1181.1757997606621,244,998.9970082744187,426
258.74048060587006,146,396.75973353435086,97,-50000,0
