original performance,number of trades,q learning performance,number of trades
941.9464628752287,1110,1081.994602760336,726,983.0330677053975,887
