original performance,number of trades,q learning performance,number of trades
941.9464628752287,1110,910.3210213199227,962,983.0330677053975,887
