original performance,number of trades,q learning performance,number of trades
-59.92019241323687,1637,-89.9029163911492,1468,37.737076508520616,673
