original performance,number of trades,q learning performance,number of trades
-59.92019241323687,1637,-90.2392517048295,1469,37.737076508520616,673
