original performance,number of trades,q learning performance,number of trades
-59.92019241323687,1637,-91.17978400040712,1468,37.737076508520616,673
