original performance,number of trades,q learning performance,number of trades
-59.92019241323687,1637,-99.64490849340905,1455,37.737076508520616,673
