original performance,number of trades,q learning performance,number of trades
-59.92019241323687,1637,-97.80072352878007,1455,37.737076508520616,673
