original performance,number of trades,q learning performance,number of trades
489.71433011810325,1529,524.258868337506,1295,763.8410948662862,548
