original performance,number of trades,q learning performance,number of trades,q learning training performance,number of trades
-175.16291382831076,460,-232.87539324596878,379,-965.0193110498889,174
836.3426149332298,530,409.65666759802673,257,1092.9431199476453,225
1318.4206282627435,405,1382.5994973004183,187,2285.81260484017,149
-1103.5357406673147,134,-593.8197995322091,70,-50000,0
