original performance,number of trades,q learning performance,number of trades
489.71433011810325,1529,348.357885625553,713,763.8410948662862,548
