original performance,number of trades,q learning performance,number of trades,q learning training performance,number of trades
-175.16291382831076,460,-98.24580248664407,340,-965.0193110498889,174
836.3426149332298,530,-9.164389748243416,159,1092.9431199476453,225
1318.4206282627435,405,1052.5250355995308,177,2285.81260484017,149
-1103.5357406673147,134,227.47895108736478,65,-50000,0
