original performance,number of trades,q learning performance,number of trades,q learning training performance,number of trades
-175.16291382831076,460,-248.48412964959888,391,-965.0193110498889,174
836.3426149332298,530,521.2398084947826,391,1092.9431199476453,225
1318.4206282627435,405,1522.8013948034068,305,2285.81260484017,149
-1103.5357406673147,134,-574.8281300978227,110,-50000,0
