original performance,number of trades,q learning performance,number of trades,q learning training performance,number of trades
-175.16291382831076,460,-188.06289336861195,411,-965.0193110498889,174
836.3426149332298,530,386.70245475861407,413,1092.9431199476453,225
1318.4206282627435,405,1320.1329122789864,294,2285.81260484017,149
-1103.5357406673147,134,-601.9806349570291,114,-50000,0
