original performance,number of trades,q learning performance,number of trades
489.71433011810325,1529,140.34716386913757,723,763.8410948662862,548
