original performance,number of trades,q learning performance,number of trades,q learning training performance,number of trades
-175.16291382831076,460,-250.00785318323085,370,-965.0193110498889,174
836.3426149332298,530,734.7108647895582,264,1092.9431199476453,225
1318.4206282627435,405,1483.486927674946,190,2285.81260484017,149
-1103.5357406673147,134,-244.8900072776665,59,-50000,0
