original performance,number of trades,q learning performance,number of trades
489.71433011810325,1529,475.33640154613266,1181,763.8410948662862,548
