original performance,number of trades,q learning performance,number of trades,q learning training performance,number of trades
-175.16291382831076,460,-215.0406733658614,373,-965.0193110498889,174
836.3426149332298,530,291.0583697749119,255,1092.9431199476453,225
1318.4206282627435,405,1444.0491597202847,175,2285.81260484017,149
-1103.5357406673147,134,-694.332503133006,77,-50000,0
