original performance,number of trades,q learning performance,number of trades,q learning training performance,number of trades
-175.16291382831076,460,-209.27240705962228,404,-965.0193110498889,174
836.3426149332298,530,439.4688837274077,394,1092.9431199476453,225
1318.4206282627435,405,1774.3379241223606,265,2285.81260484017,149
-1103.5357406673147,134,-822.3013970874605,105,-50000,0
