original performance,number of trades,q learning performance,number of trades
489.71433011810325,1529,163.48588553956552,663,763.8410948662862,548
