original performance,number of trades,q learning performance,number of trades,q learning training performance,number of trades
-175.16291382831076,460,-188.2375735908527,407,-965.0193110498889,174
836.3426149332298,530,461.99754782076235,432,1092.9431199476453,225
1318.4206282627435,405,1914.6916322444035,325,2285.81260484017,149
-1103.5357406673147,134,-657.7829638455821,113,-50000,0
