original performance,number of trades,q learning performance,number of trades,q learning training performance,number of trades
-175.16291382831076,460,-210.57202475678687,408,-965.0193110498889,174
836.3426149332298,530,505.5788294474284,426,1092.9431199476453,225
1318.4206282627435,405,1998.2196980507142,310,2285.81260484017,149
-1103.5357406673147,134,-662.4117126793697,116,-50000,0
