original performance,number of trades,q learning performance,number of trades,q learning training performance,number of trades
-175.16291382831076,460,-123.40785470329912,401,-965.0193110498889,174
836.3426149332298,530,461.800881581026,425,1092.9431199476453,225
1318.4206282627435,405,1479.6497558760123,321,2285.81260484017,149
-1103.5357406673147,134,-618.5697340788664,108,-50000,0
