original performance,number of trades,q learning performance,number of trades,q learning training performance,number of trades
-175.16291382831076,460,-286.0752131703136,364,-965.0193110498889,174
836.3426149332298,530,515.3959384346673,287,1092.9431199476453,225
1318.4206282627435,405,1457.888213897238,196,2285.81260484017,149
-1103.5357406673147,134,-465.92293774879585,59,-50000,0
