original performance,number of trades,q learning performance,number of trades
489.71433011810325,1529,114.71373472673022,706,763.8410948662862,548
