original performance,number of trades,q learning performance,number of trades
489.71433011810325,1529,354.63660902320504,1213,763.8410948662862,548
