original performance,number of trades,q learning performance,number of trades
489.71433011810325,1529,508.0368646970057,1221,763.8410948662862,548
