original performance,number of trades,q learning performance,number of trades
489.71433011810325,1529,511.5858405856514,1233,763.8410948662862,548
