original performance,number of trades,q learning performance,number of trades
489.71433011810325,1529,390.80573946592824,1208,763.8410948662862,548
