original performance,number of trades,q learning performance,number of trades,q learning training performance,number of trades
-175.16291382831076,460,-302.48099815695355,397,-965.0193110498889,174
836.3426149332298,530,511.7057653999329,400,1092.9431199476453,225
1318.4206282627435,405,1832.2414587756473,293,2285.81260484017,149
-1103.5357406673147,134,-522.6695518843625,109,-50000,0
