original performance,number of trades,q learning performance,number of trades
489.71433011810325,1529,402.24386072993974,1199,763.8410948662862,548
