original performance,number of trades,q learning performance,number of trades
489.71433011810325,1529,404.50564292359024,1168,763.8410948662862,548
