original performance,number of trades,q learning performance,number of trades
489.71433011810325,1529,397.58357340656516,1258,763.8410948662862,548
