original performance,number of trades,q learning performance,number of trades
489.71433011810325,1529,190.69859439289192,694,763.8410948662862,548
