original performance,number of trades,q learning performance,number of trades,q learning training performance,number of trades
-175.16291382831076,460,-198.9266921117491,399,-965.0193110498889,174
836.3426149332298,530,520.0317873747452,437,1092.9431199476453,225
1318.4206282627435,405,1471.2517069090836,318,2285.81260484017,149
-1103.5357406673147,134,-557.7956879874256,107,-50000,0
