original performance,number of trades,q learning performance,number of trades,q learning training performance,number of trades
-175.16291382831076,460,-271.6102561758022,396,-965.0193110498889,174
836.3426149332298,530,463.0435970734785,374,1092.9431199476453,225
1318.4206282627435,405,1440.6514506869846,306,2285.81260484017,149
-1103.5357406673147,134,-738.7021465624794,118,-50000,0
