original performance,number of trades,q learning performance,number of trades
489.71433011810325,1529,517.1863500756681,1263,763.8410948662862,548
