original performance,number of trades,q learning performance,number of trades
489.71433011810325,1529,139.96399339429377,735,763.8410948662862,548
