original performance,number of trades,q learning performance,number of trades,q learning training performance,number of trades
-175.16291382831076,460,-231.8859002724672,390,-965.0193110498889,174
836.3426149332298,530,445.0448259926368,363,1092.9431199476453,225
1318.4206282627435,405,1383.476184690321,296,2285.81260484017,149
-1103.5357406673147,134,-472.1293435096741,112,-50000,0
