original performance,number of trades,q learning performance,number of trades
489.71433011810325,1529,285.0480632589321,693,763.8410948662862,548
