original performance,number of trades,q learning performance,number of trades
489.71433011810325,1529,351.1667792928878,1194,763.8410948662862,548
