original performance,number of trades,q learning performance,number of trades,q learning training performance,number of trades
-175.16291382831076,460,-191.23884135874073,398,-965.0193110498889,174
836.3426149332298,530,545.0217599891755,415,1092.9431199476453,225
1318.4206282627435,405,1493.239209143029,327,2285.81260484017,149
-1103.5357406673147,134,-661.2245728065228,116,-50000,0
