original performance,number of trades,q learning performance,number of trades,q learning training performance,number of trades
-175.16291382831076,460,-198.28745580949712,407,-965.0193110498889,174
836.3426149332298,530,540.128067690319,419,1092.9431199476453,225
1318.4206282627435,405,1714.2018418985085,333,2285.81260484017,149
-1103.5357406673147,134,-1013.7435314274636,119,-50000,0
