original performance,number of trades,q learning performance,number of trades
489.71433011810325,1529,262.0388684886834,893,763.8410948662862,548
