original performance,number of trades,q learning performance,number of trades
489.71433011810325,1529,424.2863839037137,1197,763.8410948662862,548
