original performance,number of trades,q learning performance,number of trades,q learning training performance,number of trades
-175.16291382831076,460,-247.49775476353142,372,-965.0193110498889,174
836.3426149332298,530,704.2270626427992,265,1092.9431199476453,225
1318.4206282627435,405,1066.8581416538784,175,2285.81260484017,149
-1103.5357406673147,134,-413.89786412165716,65,-50000,0
