original performance,number of trades,q learning performance,number of trades,q learning training performance,number of trades
-175.16291382831076,460,-164.3468043578798,402,-965.0193110498889,174
836.3426149332298,530,506.5113034665006,412,1092.9431199476453,225
1318.4206282627435,405,2016.7274291094611,306,2285.81260484017,149
-1103.5357406673147,134,-732.3694428516035,119,-50000,0
