original performance,number of trades,q learning performance,number of trades
489.71433011810325,1529,474.8092149849398,1245,763.8410948662862,548
