original performance,number of trades,q learning performance,number of trades
489.71433011810325,1529,484.02593635845716,1251,763.8410948662862,548
