original performance,number of trades,q learning performance,number of trades
489.71433011810325,1529,542.8425111254923,1239,763.8410948662862,548
