original performance,number of trades,q learning performance,number of trades,q learning training performance,number of trades
-175.16291382831076,460,-227.15836740127338,406,-965.0193110498889,174
836.3426149332298,530,359.76571993196393,438,1092.9431199476453,225
1318.4206282627435,405,1378.8364209008596,315,2285.81260484017,149
-1103.5357406673147,134,-696.0340387376689,118,-50000,0
