original performance,number of trades,q learning performance,number of trades,q learning training performance,number of trades
-175.16291382831076,460,-251.82023520268518,403,-965.0193110498889,174
836.3426149332298,530,592.9716463676561,422,1092.9431199476453,225
1318.4206282627435,405,1849.7834491729736,312,2285.81260484017,149
-1103.5357406673147,134,-598.4990102533709,114,-50000,0
