original performance,number of trades,q learning performance,number of trades,q learning training performance,number of trades
-175.16291382831076,460,-192.60588039260313,332,-965.0193110498889,174
836.3426149332298,530,416.7519818605298,137,1092.9431199476453,225
1318.4206282627435,405,941.6640221668266,171,2285.81260484017,149
-1103.5357406673147,134,-404.25171308164244,54,-50000,0
