original performance,number of trades,q learning performance,number of trades,q learning training performance,number of trades
-175.16291382831076,460,-230.47770454541262,397,-965.0193110498889,174
836.3426149332298,530,586.8546727375812,415,1092.9431199476453,225
1318.4206282627435,405,1737.0348640189873,333,2285.81260484017,149
-1103.5357406673147,134,-654.841441138316,118,-50000,0
