original performance,number of trades,q learning performance,number of trades,q learning training performance,number of trades
-175.16291382831076,460,-222.27662013275454,396,-965.0193110498889,174
836.3426149332298,530,709.472255725127,416,1092.9431199476453,225
1318.4206282627435,405,1927.1996394616585,324,2285.81260484017,149
-1103.5357406673147,134,-654.0131634443234,117,-50000,0
