original performance,number of trades,q learning performance,number of trades
489.71433011810325,1529,258.85009137621444,899,763.8410948662862,548
