original performance,number of trades,q learning performance,number of trades,q learning training performance,number of trades
-175.16291382831076,460,-226.26728557068625,405,-965.0193110498889,174
836.3426149332298,530,339.7151812122354,427,1092.9431199476453,225
1318.4206282627435,405,1717.5492377823698,334,2285.81260484017,149
-1103.5357406673147,134,-777.3826504389446,120,-50000,0
