original performance,number of trades,q learning performance,number of trades,q learning training performance,number of trades
-175.16291382831076,460,-222.11258657355057,323,-965.0193110498889,174
836.3426149332298,530,226.24684491838727,140,1092.9431199476453,225
1318.4206282627435,405,1406.8729263857792,152,2285.81260484017,149
-1103.5357406673147,134,-663.7522263118199,70,-50000,0
