original performance,number of trades,q learning performance,number of trades,q learning training performance,number of trades
-175.16291382831076,460,-182.52603425955098,389,-965.0193110498889,174
836.3426149332298,530,554.2181510411183,371,1092.9431199476453,225
1318.4206282627435,405,1731.0778471564604,297,2285.81260484017,149
-1103.5357406673147,134,-641.8492185693038,114,-50000,0
