original performance,number of trades,q learning performance,number of trades,q learning training performance,number of trades
-175.16291382831076,460,-178.06616486443414,324,-965.0193110498889,174
836.3426149332298,530,190.77533860640094,132,1092.9431199476453,225
1318.4206282627435,405,1018.779742639276,158,2285.81260484017,149
-1103.5357406673147,134,-411.2546709998179,59,-50000,0
