original performance,number of trades,q learning performance,number of trades
489.71433011810325,1529,442.58616340310505,1191,763.8410948662862,548
