original performance,number of trades,q learning performance,number of trades,q learning training performance,number of trades
-175.16291382831076,460,-225.24405303879163,402,-965.0193110498889,174
836.3426149332298,530,310.4729166245998,399,1092.9431199476453,225
1318.4206282627435,405,1463.276465626833,303,2285.81260484017,149
-1103.5357406673147,134,-610.4410605057426,115,-50000,0
