original performance,number of trades,q learning performance,number of trades,q learning training performance,number of trades
-175.16291382831076,460,-185.00786639798073,403,-965.0193110498889,174
836.3426149332298,530,500.1154336268359,404,1092.9431199476453,225
1318.4206282627435,405,1581.4084725952148,300,2285.81260484017,149
-1103.5357406673147,134,-720.1214218139648,117,-50000,0
