original performance,number of trades,q learning performance,number of trades
489.71433011810325,1529,411.54380162878067,1188,763.8410948662862,548
