original performance,number of trades,q learning performance,number of trades
489.71433011810325,1529,450.96974714597064,1152,763.8410948662862,548
