original performance,number of trades,q learning performance,number of trades,q learning training performance,number of trades
-175.16291382831076,460,-193.15120698891434,408,-965.0193110498889,174
836.3426149332298,530,455.7506992072228,413,1092.9431199476453,225
1318.4206282627435,405,1577.0520811794565,294,2285.81260484017,149
-1103.5357406673147,134,-632.7912812104096,111,-50000,0
