original performance,number of trades,q learning performance,number of trades,q learning training performance,number of trades
-175.16291382831076,460,-194.53202149596396,395,-965.0193110498889,174
836.3426149332298,530,492.75936255491604,391,1092.9431199476453,225
1318.4206282627435,405,1882.9736249373734,326,2285.81260484017,149
-1103.5357406673147,134,-817.296054178033,121,-50000,0
