original performance,number of trades,q learning performance,number of trades
489.71433011810325,1529,517.906692498847,1264,763.8410948662862,548
