original performance,number of trades,q learning performance,number of trades
489.71433011810325,1529,387.442024467624,1225,763.8410948662862,548
