original performance,number of trades,q learning performance,number of trades
489.71433011810325,1529,224.321663031533,741,763.8410948662862,548
