original performance,number of trades,q learning performance,number of trades,q learning training performance,number of trades
-175.16291382831076,460,-179.75080141898914,390,-965.0193110498889,174
836.3426149332298,530,554.8552797862461,392,1092.9431199476453,225
1318.4206282627435,405,1935.1271341027993,303,2285.81260484017,149
-1103.5357406673147,134,-695.4111618554892,119,-50000,0
