original performance,number of trades,q learning performance,number of trades,q learning training performance,number of trades
-175.16291382831076,460,-167.4296126583506,394,-965.0193110498889,174
836.3426149332298,530,456.7358063434033,376,1092.9431199476453,225
1318.4206282627435,405,1684.4104116784836,293,2285.81260484017,149
-1103.5357406673147,134,-644.2500114440918,116,-50000,0
