original performance,number of trades,q learning performance,number of trades
489.71433011810325,1529,243.010289500342,913,763.8410948662862,548
