original performance,number of trades,q learning performance,number of trades,q learning training performance,number of trades
-175.16291382831076,460,-181.0812490430929,413,-965.0193110498889,174
836.3426149332298,530,552.0726590102978,445,1092.9431199476453,225
1318.4206282627435,405,1737.8013077007283,339,2285.81260484017,149
-1103.5357406673147,134,-565.3485032454781,115,-50000,0
