original performance,number of trades,q learning performance,number of trades
489.71433011810325,1529,229.30690399829393,671,763.8410948662862,548
