original performance,number of trades,q learning performance,number of trades
489.71433011810325,1529,463.38402295075645,1290,763.8410948662862,548
