original performance,number of trades,q learning performance,number of trades,q learning training performance,number of trades
-175.16291382831076,460,-161.91576381635062,395,-965.0193110498889,174
836.3426149332298,530,498.0651195871218,409,1092.9431199476453,225
1318.4206282627435,405,1722.418283766764,326,2285.81260484017,149
-1103.5357406673147,134,-791.2712506380948,121,-50000,0
