original performance,number of trades,q learning performance,number of trades,q learning training performance,number of trades
-175.16291382831076,460,-170.0001044625241,393,-965.0193110498889,174
836.3426149332298,530,558.9594382476806,400,1092.9431199476453,225
1318.4206282627435,405,1786.282909121714,309,2285.81260484017,149
-1103.5357406673147,134,-743.0432047803863,119,-50000,0
