original performance,number of trades,q learning performance,number of trades
489.71433011810325,1529,326.2236594689357,1232,763.8410948662862,548
