original performance,number of trades,q learning performance,number of trades
489.71433011810325,1529,473.26112877494893,1253,763.8410948662862,548
