original performance,number of trades,q learning performance,number of trades
489.71433011810325,1529,-47.16543412321552,844,763.8410948662862,548
