original performance,number of trades,q learning performance,number of trades
489.71433011810325,1529,540.6894107102555,1204,763.8410948662862,548
