original performance,number of trades,q learning performance,number of trades
489.71433011810325,1529,440.9643498117445,1261,763.8410948662862,548
