original performance,number of trades,q learning performance,number of trades
489.71433011810325,1529,532.4822021200013,1261,763.8410948662862,548
