original performance,number of trades,q learning performance,number of trades
489.71433011810325,1529,159.8237632769717,836,763.8410948662862,548
