original performance,number of trades,q learning performance,number of trades,q learning training performance,number of trades
-175.16291382831076,460,-198.25591276206222,408,-965.0193110498889,174
836.3426149332298,530,524.9817139774491,429,1092.9431199476453,225
1318.4206282627435,405,1902.1867600702176,314,2285.81260484017,149
-1103.5357406673147,134,-533.8542737874899,111,-50000,0
