original performance,number of trades,q learning performance,number of trades,q learning training performance,number of trades
-175.16291382831076,460,-264.8912376327131,398,-965.0193110498889,174
836.3426149332298,530,504.42352096448366,419,1092.9431199476453,225
1318.4206282627435,405,1745.2101695424035,336,2285.81260484017,149
-1103.5357406673147,134,-779.5786833562771,119,-50000,0
