original performance,number of trades,q learning performance,number of trades,q learning training performance,number of trades
-175.16291382831076,460,-336.938516399677,325,-965.0193110498889,174
836.3426149332298,530,-99.48472627003987,168,1092.9431199476453,225
1318.4206282627435,405,796.9798300001356,180,2285.81260484017,149
-1103.5357406673147,134,-185.68523115678266,55,-50000,0
