original performance,number of trades,q learning performance,number of trades
489.71433011810325,1529,520.2437101772334,1313,763.8410948662862,548
