original performance,number of trades,q learning performance,number of trades
489.71433011810325,1529,393.52309500221315,1230,763.8410948662862,548
