original performance,number of trades,q learning performance,number of trades,q learning training performance,number of trades
-175.16291382831076,460,-139.43645252239037,339,-965.0193110498889,174
836.3426149332298,530,-92.65652326667833,159,1092.9431199476453,225
1318.4206282627435,405,1138.9492692355452,145,2285.81260484017,149
-1103.5357406673147,134,-548.8742201899139,71,-50000,0
