original performance,number of trades,q learning performance,number of trades
489.71433011810325,1529,475.83968868979923,1185,763.8410948662862,548
