original performance,number of trades,q learning performance,number of trades,q learning training performance,number of trades
-175.16291382831076,460,-336.35332554997626,370,-965.0193110498889,174
836.3426149332298,530,321.3568910118041,246,1092.9431199476453,225
1318.4206282627435,405,1038.1175364938013,187,2285.81260484017,149
-1103.5357406673147,134,-402.5561318617601,65,-50000,0
