original performance,number of trades,q learning performance,number of trades,q learning training performance,number of trades
-175.16291382831076,460,-213.55595903193696,376,-965.0193110498889,174
836.3426149332298,530,371.73979175914417,275,1092.9431199476453,225
1318.4206282627435,405,1134.1262383894486,187,2285.81260484017,149
-1103.5357406673147,134,-21.422566710925494,61,-50000,0
