original performance,number of trades,q learning performance,number of trades
489.71433011810325,1529,407.62963074645995,1250,763.8410948662862,548
