original performance,number of trades,q learning performance,number of trades,q learning training performance,number of trades
-175.16291382831076,460,-258.34126275634765,375,-965.0193110498889,174
836.3426149332298,530,327.5811330757889,255,1092.9431199476453,225
1318.4206282627435,405,1378.2348591542384,171,2285.81260484017,149
-1103.5357406673147,134,-486.55508138263036,63,-50000,0
