original performance,number of trades,q learning performance,number of trades
489.71433011810325,1529,369.7558346923828,1250,763.8410948662862,548
