original performance,number of trades,q learning performance,number of trades
489.71433011810325,1529,333.47221619228145,1219,763.8410948662862,548
