original performance,number of trades,q learning performance,number of trades,q learning training performance,number of trades
-175.16291382831076,460,-158.72254345085048,316,-965.0193110498889,174
836.3426149332298,530,163.21104999971107,169,1092.9431199476453,225
1318.4206282627435,405,1153.6147047087204,172,2285.81260484017,149
-1103.5357406673147,134,-921.6673250198364,60,-50000,0
