original performance,number of trades,q learning performance,number of trades,q learning training performance,number of trades
-175.16291382831076,460,-198.4810775082,407,-965.0193110498889,174
836.3426149332298,530,423.63577502082376,425,1092.9431199476453,225
1318.4206282627435,405,1636.162744698935,302,2285.81260484017,149
-1103.5357406673147,134,-708.3235829240185,118,-50000,0
