original performance,number of trades,q learning performance,number of trades,q learning training performance,number of trades
-175.16291382831076,460,-214.3523593042411,408,-965.0193110498889,174
836.3426149332298,530,545.9274615970268,422,1092.9431199476453,225
1318.4206282627435,405,1613.083556147274,307,2285.81260484017,149
-1103.5357406673147,134,-435.2296785072044,108,-50000,0
