original performance,number of trades,q learning performance,number of trades
489.71433011810325,1529,484.5613498717972,1262,763.8410948662862,548
