original performance,number of trades,q learning performance,number of trades
489.71433011810325,1529,502.8165686190883,1264,763.8410948662862,548
