original performance,number of trades,q learning performance,number of trades,q learning training performance,number of trades
-175.16291382831076,460,-214.71379117404715,408,-965.0193110498889,174
836.3426149332298,530,382.1327881250626,390,1092.9431199476453,225
1318.4206282627435,405,1359.4321200795416,274,2285.81260484017,149
-1103.5357406673147,134,-563.7414123802854,114,-50000,0
