original performance,number of trades,q learning performance,number of trades,q learning training performance,number of trades
-175.16291382831076,460,-167.57476623177178,341,-965.0193110498889,174
836.3426149332298,530,-214.16525217692057,135,1092.9431199476453,225
1318.4206282627435,405,1218.7427174798374,174,2285.81260484017,149
-1103.5357406673147,134,-336.0949182902297,73,-50000,0
