original performance,number of trades,q learning performance,number of trades,q learning training performance,number of trades
-175.16291382831076,460,-218.32737420174072,394,-965.0193110498889,174
836.3426149332298,530,486.13588247947325,412,1092.9431199476453,225
1318.4206282627435,405,1548.6264561979,319,2285.81260484017,149
-1103.5357406673147,134,-704.6283376627955,116,-50000,0
