original performance,number of trades,q learning performance,number of trades
489.71433011810325,1529,466.20062516440805,1278,763.8410948662862,548
