original performance,number of trades,q learning performance,number of trades,q learning training performance,number of trades
-175.16291382831076,460,-246.1457029366199,405,-965.0193110498889,174
836.3426149332298,530,493.58292012948255,416,1092.9431199476453,225
1318.4206282627435,405,1904.498343410552,317,2285.81260484017,149
-1103.5357406673147,134,-1018.9894917374951,118,-50000,0
