original performance,number of trades,q learning performance,number of trades
489.71433011810325,1529,424.2884371509291,1241,763.8410948662862,548
