original performance,number of trades,q learning performance,number of trades,q learning training performance,number of trades
-175.16291382831076,460,-253.46588869145847,374,-965.0193110498889,174
836.3426149332298,530,810.5095418916716,286,1092.9431199476453,225
1318.4206282627435,405,946.4019831451922,181,2285.81260484017,149
-1103.5357406673147,134,-361.57009087234246,61,-50000,0
