original performance,number of trades,q learning performance,number of trades
489.71433011810325,1529,482.7402443897481,1225,763.8410948662862,548
