original performance,number of trades,q learning performance,number of trades
489.71433011810325,1529,154.81735665376615,673,763.8410948662862,548
