original performance,number of trades,q learning performance,number of trades
489.71433011810325,1529,483.1261746262431,1244,763.8410948662862,548
