original performance,number of trades,q learning performance,number of trades
489.71433011810325,1529,515.5787932353142,1248,763.8410948662862,548
