original performance,number of trades,q learning performance,number of trades
489.71433011810325,1529,423.45532517236654,1189,763.8410948662862,548
