original performance,number of trades,q learning performance,number of trades,q learning training performance,number of trades
-175.16291382831076,460,-196.72217999376016,394,-965.0193110498889,174
836.3426149332298,530,411.4232913139171,399,1092.9431199476453,225
1318.4206282627435,405,1581.3635983281322,308,2285.81260484017,149
-1103.5357406673147,134,-672.6037037136318,111,-50000,0
