original performance,number of trades,q learning performance,number of trades
489.71433011810325,1529,441.62702915103364,1253,763.8410948662862,548
