original performance,number of trades,q learning performance,number of trades
489.71433011810325,1529,491.5214486745155,1171,763.8410948662862,548
