original performance,number of trades,q learning performance,number of trades,q learning training performance,number of trades
-175.16291382831076,460,-231.1676555104775,404,-965.0193110498889,174
836.3426149332298,530,486.7234203921163,406,1092.9431199476453,225
1318.4206282627435,405,1975.1262167927614,319,2285.81260484017,149
-1103.5357406673147,134,-763.3689500183618,119,-50000,0
