original performance,number of trades,q learning performance,number of trades
489.71433011810325,1529,407.19039293295276,1252,763.8410948662862,548
