original performance,number of trades,q learning performance,number of trades
489.71433011810325,1529,424.7251974855441,1173,763.8410948662862,548
