original performance,number of trades,q learning performance,number of trades,q learning training performance,number of trades
-175.16291382831076,460,-250.67491765301344,393,-965.0193110498889,174
836.3426149332298,530,502.6918692229896,372,1092.9431199476453,225
1318.4206282627435,405,1771.1331736468271,287,2285.81260484017,149
-1103.5357406673147,134,-716.4822196313891,118,-50000,0
