original performance,number of trades,q learning performance,number of trades
489.71433011810325,1529,442.1839564076458,1255,763.8410948662862,548
