original performance,number of trades,q learning performance,number of trades,q learning training performance,number of trades
-175.16291382831076,460,-252.68819867502344,404,-965.0193110498889,174
836.3426149332298,530,456.51959111568704,411,1092.9431199476453,225
1318.4206282627435,405,1387.638110722927,302,2285.81260484017,149
-1103.5357406673147,134,-616.7454309463501,112,-50000,0
