original performance,number of trades,q learning performance,number of trades
489.71433011810325,1529,470.17425522323725,1161,763.8410948662862,548
