original performance,number of trades,q learning performance,number of trades
489.71433011810325,1529,141.20379664601268,868,763.8410948662862,548
