original performance,number of trades,q learning performance,number of trades,q learning training performance,number of trades
-175.16291382831076,460,-266.66257943366105,399,-965.0193110498889,174
836.3426149332298,530,549.1324100206845,398,1092.9431199476453,225
1318.4206282627435,405,1556.4639789543278,301,2285.81260484017,149
-1103.5357406673147,134,-593.4155176888524,113,-50000,0
