original performance,number of trades,q learning performance,number of trades
489.71433011810325,1529,410.14096735196637,1226,763.8410948662862,548
