original performance,number of trades,q learning performance,number of trades
489.71433011810325,1529,185.86017780164732,685,763.8410948662862,548
