original performance,number of trades,q learning performance,number of trades,q learning training performance,number of trades
-175.16291382831076,460,-237.88516590513032,406,-965.0193110498889,174
836.3426149332298,530,469.25165203769814,418,1092.9431199476453,225
1318.4206282627435,405,1394.257196075219,277,2285.81260484017,149
-1103.5357406673147,134,-746.4137899572199,110,-50000,0
