original performance,number of trades,q learning performance,number of trades
489.71433011810325,1529,368.4291429150012,1161,763.8410948662862,548
