original performance,number of trades,q learning performance,number of trades,q learning training performance,number of trades
-175.16291382831076,460,-163.7413219019697,406,-965.0193110498889,174
836.3426149332298,530,559.8563944440369,436,1092.9431199476453,225
1318.4206282627435,405,1961.9282610849234,325,2285.81260484017,149
-1103.5357406673147,134,-575.758538976446,111,-50000,0
