original performance,number of trades,q learning performance,number of trades
489.71433011810325,1529,444.9233630975492,1179,763.8410948662862,548
