original performance,number of trades,q learning performance,number of trades
489.71433011810325,1529,465.3252233296096,1222,763.8410948662862,548
