original performance,number of trades,q learning performance,number of trades
489.71433011810325,1529,351.77771225813274,1184,763.8410948662862,548
