original performance,number of trades,q learning performance,number of trades
489.71433011810325,1529,439.7701854053336,1257,763.8410948662862,548
