original performance,number of trades,q learning performance,number of trades,q learning training performance,number of trades
-175.16291382831076,460,-238.00355328646575,330,-965.0193110498889,174
836.3426149332298,530,123.03056011049766,127,1092.9431199476453,225
1318.4206282627435,405,1205.4575531903436,170,2285.81260484017,149
-1103.5357406673147,134,-51.48674017190933,64,-50000,0
