original performance,number of trades,q learning performance,number of trades
489.71433011810325,1529,602.5634955081193,1253,763.8410948662862,548
