original performance,number of trades,q learning performance,number of trades
489.71433011810325,1529,317.35307097170676,902,763.8410948662862,548
