original performance,number of trades,q learning performance,number of trades,q learning training performance,number of trades
-175.16291382831076,460,-294.67598478379716,397,-965.0193110498889,174
836.3426149332298,530,457.9198747734278,403,1092.9431199476453,225
1318.4206282627435,405,1567.5842607400796,333,2285.81260484017,149
-1103.5357406673147,134,-683.9646492982522,117,-50000,0
