original performance,number of trades,q learning performance,number of trades
489.71433011810325,1529,525.7026610340146,1251,763.8410948662862,548
