original performance,number of trades,q learning performance,number of trades
1204.2041569295193,743,1191.1008010670564,709,837.2928364129714,324
