original performance,number of trades,q learning performance,number of trades
1204.2041569295193,743,1169.2204772354996,719,837.2928364129714,324
