original performance,number of trades,q learning performance,number of trades
-512.3732065736104,1721,-465.0474772881448,1459,-489.45076303896695,644
