original performance,number of trades,q learning performance,number of trades
-512.3732065736104,1721,-470.66355895996094,1444,-485.73912562494695,644
