original performance,number of trades,q learning performance,number of trades
-512.3732065736104,1721,-572.8367033540533,890,-485.73912562494695,644
