original performance,number of trades,q learning performance,number of trades
-512.3732065736104,1721,-523.3407667712436,1464,-489.9422826352327,644
