original performance,number of trades,q learning performance,number of trades
-512.3732065736104,1721,-481.1243837033176,1445,-495.06817577196205,644
