original performance,number of trades,q learning performance,number of trades
-512.3732065736104,1721,-493.56296116747404,1439,-495.06817577196205,644
