original performance,number of trades,q learning performance,number of trades
-512.3732065736104,1721,-436.7708977582051,1505,-491.8381286289381,644
