original performance,number of trades,q learning performance,number of trades
-512.3732065736104,1721,-478.6965326670054,1480,-491.8381286289381,644
