original performance,number of trades,q learning performance,number of trades
-512.3732065736104,1721,-700.1327792003543,1075,-469.0175821055537,644
