original performance,number of trades,q learning performance,number of trades
-512.3732065736104,1721,-546.0735388398696,1135,-491.8381286289381,644
