original performance,number of trades,q learning performance,number of trades
-512.3732065736104,1721,-464.4472503870848,1462,-489.45076303896695,644
