original performance,number of trades,q learning performance,number of trades
-512.3732065736104,1721,-442.96559339280657,1462,-469.0175821055537,644
