original performance,number of trades,q learning performance,number of trades
-512.3732065736104,1721,-470.5815428150349,1489,-489.45076303896695,644
