original performance,number of trades,q learning performance,number of trades
-512.3732065736104,1721,-449.52982585671316,1473,-495.06817577196205,644
