original performance,number of trades,q learning performance,number of trades
-512.3732065736104,1721,-455.4657066930512,1486,-486.2306452212126,644
