original performance,number of trades,q learning performance,number of trades
-512.3732065736104,1721,-479.11426001026797,1458,-495.06817577196205,644
