original performance,number of trades,q learning performance,number of trades
-512.3732065736104,1721,-468.18702000355563,1490,-491.8381286289381,644
