original performance,number of trades,q learning performance,number of trades
-512.3732065736104,1721,-471.7527820447785,1478,-495.06817577196205,644
