original performance,number of trades,q learning performance,number of trades
-512.3732065736104,1721,-450.3543176382637,1457,-469.0175821055537,644
