original performance,number of trades,q learning performance,number of trades
-512.3732065736104,1721,-496.5198866135581,1432,-485.73912562494695,644
