original performance,number of trades,q learning performance,number of trades
-512.3732065736104,1721,-456.5353044029174,1476,-495.06817577196205,644
