original performance,number of trades,q learning performance,number of trades
-512.3732065736104,1721,-568.4888917547073,1096,-491.8381286289381,644
