original performance,number of trades,q learning performance,number of trades
-512.3732065736104,1721,-424.1539711406607,1477,-491.8381286289381,644
