original performance,number of trades,q learning performance,number of trades
-512.3732065736104,1721,-423.0974729622407,1423,-495.06817577196205,644
