original performance,number of trades,q learning performance,number of trades
-512.3732065736104,1721,-504.48467351393987,1443,-489.9422826352327,644
