original performance,number of trades,q learning performance,number of trades
-512.3732065736104,1721,-435.6556931157266,1488,-489.9422826352327,644
