original performance,number of trades,q learning performance,number of trades
-512.3732065736104,1721,-498.040124155156,1455,-485.73912562494695,644
