original performance,number of trades,q learning performance,number of trades
-512.3732065736104,1721,-447.89200719987383,1449,-468.52606250928795,644
