original performance,number of trades,q learning performance,number of trades
-512.3732065736104,1721,-489.12120501286626,1474,-491.8381286289381,644
