original performance,number of trades,q learning performance,number of trades
-512.3732065736104,1721,-462.5413647025271,1457,-468.52606250928795,644
