original performance,number of trades,q learning performance,number of trades
-512.3732065736104,1721,-601.7319972002322,902,-485.73912562494695,644
