original performance,number of trades,q learning performance,number of trades
-512.3732065736104,1721,-579.1713678016595,1122,-495.06817577196205,644
