original performance,number of trades,q learning performance,number of trades
-512.3732065736104,1721,-436.68496699994216,1486,-491.8381286289381,644
