original performance,number of trades,q learning performance,number of trades
-512.3732065736104,1721,-484.97004810602493,1431,-489.45076303896695,644
