original performance,number of trades,q learning performance,number of trades
-512.3732065736104,1721,-598.0031601111648,861,-477.85511265630305,644
