original performance,number of trades,q learning performance,number of trades
-512.3732065736104,1721,-544.6416392727274,1118,-495.06817577196205,644
