original performance,number of trades,q learning performance,number of trades
-512.3732065736104,1721,-491.8071424649826,1463,-495.06817577196205,644
