original performance,number of trades,q learning performance,number of trades
-512.3732065736104,1721,-544.0278100500574,858,-491.8381286289381,644
