original performance,number of trades,q learning performance,number of trades
-512.3732065736104,1721,-463.6644743116788,1477,-485.73912562494695,644
