original performance,number of trades,q learning performance,number of trades
-512.3732065736104,1721,-483.36546055288096,1439,-489.45076303896695,644
