original performance,number of trades,q learning performance,number of trades
-512.3732065736104,1721,-435.0086677303529,1509,-491.8381286289381,644
