original performance,number of trades,q learning performance,number of trades
-512.3732065736104,1721,-448.20738953711134,1477,-470.9134280992591,644
