original performance,number of trades,q learning performance,number of trades
-512.3732065736104,1721,-495.5756288142746,1444,-470.9134280992591,644
