original performance,number of trades,q learning performance,number of trades
-512.3732065736104,1721,-516.1737570711726,1124,-472.7292195195737,644
