original performance,number of trades,q learning performance,number of trades
-512.3732065736104,1721,-445.8255835514692,1499,-489.45076303896695,644
