original performance,number of trades,q learning performance,number of trades
-512.3732065736104,1721,-504.85790831809334,1461,-495.06817577196205,644
