original performance,number of trades,q learning performance,number of trades
-512.3732065736104,1721,-478.15203007480557,912,-491.8381286289381,644
