original performance,number of trades,q learning performance,number of trades
-512.3732065736104,1721,-449.2665389449508,1485,-491.8381286289381,644
