original performance,number of trades,q learning performance,number of trades
-512.3732065736104,1721,-533.7086749380086,1085,-495.06817577196205,644
