original performance,number of trades,q learning performance,number of trades
-512.3732065736104,1721,-413.05209237712705,1460,-495.06817577196205,644
