original performance,number of trades,q learning performance,number of trades
-512.3732065736104,1721,-544.2541858761809,903,-470.9134280992591,644
