original performance,number of trades,q learning performance,number of trades
-512.3732065736104,1721,-624.5047601539802,882,-469.0175821055537,644
