original performance,number of trades,q learning performance,number of trades
-512.3732065736104,1721,-519.7930250403738,1415,-469.0175821055537,644
