original performance,number of trades,q learning performance,number of trades
-512.3732065736104,1721,-445.10440427466546,1484,-495.06817577196205,644
