original performance,number of trades,q learning performance,number of trades
-512.3732065736104,1721,-564.3734649630784,1113,-495.06817577196205,644
