original performance,number of trades,q learning performance,number of trades
-512.3732065736104,1721,-455.1100194231121,1507,-491.8381286289381,644
