original performance,number of trades,q learning performance,number of trades
-512.3732065736104,1721,-507.49091011388197,1455,-485.73912562494695,644
