original performance,number of trades,q learning performance,number of trades
-512.3732065736104,1721,-525.8384934416914,1130,-495.06817577196205,644
