original performance,number of trades,q learning performance,number of trades
941.9464628752287,1110,903.491735136558,972,983.0330677053975,887
