original performance,number of trades,q learning performance,number of trades
941.9464628752287,1110,913.5879329913186,971,983.0330677053975,887
