original performance,number of trades,q learning performance,number of trades
-108.70824667562052,1506,100.63918248521925,1204,-1491.2349047839846,586
