original performance,number of trades,q learning performance,number of trades
-108.70824667562052,1506,44.33044155761185,1257,-1492.4366782549705,586
