original performance,number of trades,q learning performance,number of trades
-108.70824667562052,1506,21.26290693714391,1194,-1491.4842961574984,586
