original performance,number of trades,q learning performance,number of trades
-108.70824667562052,1506,240.9682566484724,875,-1487.1624746713214,586
