original performance,number of trades,q learning performance,number of trades
-108.70824667562052,1506,-80.32347248942912,1190,-1492.4366782549705,586
