original performance,number of trades,q learning performance,number of trades
-108.70824667562052,1506,30.18472786010938,1246,-1488.3642481423076,586
