original performance,number of trades,q learning performance,number of trades
1285.3038013678715,1713,1171.6845388780848,1398,567.6577017435213,615
