original performance,number of trades,q learning performance,number of trades
1285.3038013678715,1713,1176.9664064732995,1394,567.6577017435213,615
