original performance,number of trades,q learning performance,number of trades,q learning training performance,number of trades
164.38622464157464,508,226.8084149456664,298,-78.31555146008003,205
1429.2471387139683,580,842.9615648512872,149,764.5046051835592,226
2975.0830201169924,501,2781.7700637134153,268,1045.5768144027047,184
-1623.0864831247638,124,-1176.067026566486,49,-50000,0
