original performance,number of trades,q learning performance,number of trades
1285.3038013678715,1713,1140.9499662114285,1392,567.6577017435213,615
