original performance,number of trades,q learning performance,number of trades,q learning training performance,number of trades
164.38622464157464,508,155.73127852659175,374,-78.31555146008003,205
1429.2471387139683,580,1477.2853841327485,336,764.5046051835592,226
2975.0830201169924,501,2871.145072025323,318,1045.5768144027047,184
-1623.0864831247638,124,-1184.1211408784118,79,-50000,0
