original performance,number of trades,q learning performance,number of trades,q learning training performance,number of trades
164.38622464157464,508,162.0696193262474,388,-78.31555146008003,205
1429.2471387139683,580,1484.3380940205343,370,764.5046051835592,226
2975.0830201169924,501,2900.247873776919,308,1045.5768144027047,184
-1623.0864831247638,124,-1306.041273286071,79,-50000,0
