original performance,number of trades,q learning performance,number of trades
1285.3038013678715,1713,1148.8630229521855,1399,567.6577017435213,615
