original performance,number of trades,q learning performance,number of trades
1285.3038013678715,1713,1160.2789452149134,1401,567.6577017435213,615
