original performance,number of trades,q learning performance,number of trades
1285.3038013678715,1713,1146.366832695278,1410,567.6577017435213,615
