original performance,number of trades,q learning performance,number of trades
1285.3038013678715,1713,1172.6765970226013,1399,567.6577017435213,615
