original performance,number of trades,q learning performance,number of trades,q learning training performance,number of trades
164.38622464157464,508,163.34540768264296,417,-78.31555146008003,205
1429.2471387139683,580,1609.4956587135541,474,764.5046051835592,226
2975.0830201169924,501,2334.6680347048664,397,1045.5768144027047,184
-1623.0864831247638,124,-1432.4011535644531,104,-50000,0
