original performance,number of trades,q learning performance,number of trades
1285.3038013678715,1713,1191.0052416832036,1372,567.6577017435213,615
