original performance,number of trades,q learning performance,number of trades
1285.3038013678715,1713,1153.2257676291108,1403,567.6577017435213,615
