original performance,number of trades,q learning performance,number of trades,q learning training performance,number of trades
164.38622464157464,508,151.90373922089998,377,-78.31555146008003,205
1429.2471387139683,580,1429.100913058506,356,764.5046051835592,226
2975.0830201169924,501,2774.8986458320737,323,1045.5768144027047,184
-1623.0864831247638,124,-1225.8196399242847,77,-50000,0
