original performance,number of trades,q learning performance,number of trades
1285.3038013678715,1713,1216.0241180607147,1141,567.6577017435213,615
