original performance,number of trades,q learning performance,number of trades
1285.3038013678715,1713,1185.7395812718214,1130,567.6577017435213,615
