original performance,number of trades,q learning performance,number of trades
1285.3038013678715,1713,1176.5847232749745,1385,567.6577017435213,615
