original performance,number of trades,q learning performance,number of trades
1285.3038013678715,1713,1154.8130284416864,1402,567.6577017435213,615
