original performance,number of trades,q learning performance,number of trades
1285.3038013678715,1713,1169.189156903085,1394,567.6577017435213,615
