original performance,number of trades,q learning performance,number of trades
1285.3038013678715,1713,1141.9754951274983,1397,567.6577017435213,615
