original performance,number of trades,q learning performance,number of trades
1285.3038013678715,1713,1257.8788354143726,1121,567.6577017435213,615
