original performance,number of trades,q learning performance,number of trades
1285.3038013678715,1713,1167.1767804011713,1401,567.6577017435213,615
