original performance,number of trades,q learning performance,number of trades
1285.3038013678715,1713,1161.8285521154908,1402,567.6577017435213,615
