original performance,number of trades,q learning performance,number of trades
1285.3038013678715,1713,1156.7785934034666,1402,567.6577017435213,615
