original performance,number of trades,q learning performance,number of trades,q learning training performance,number of trades
164.38622464157464,508,160.91096890828257,418,-78.31555146008003,205
1429.2471387139683,580,1580.0539490892893,479,764.5046051835592,226
2975.0830201169924,501,2365.1887216279,396,1045.5768144027047,184
-1623.0864831247638,124,-1403.3328937280958,107,-50000,0
