original performance,number of trades,q learning performance,number of trades
1285.3038013678715,1713,1158.3984466005825,1395,567.6577017435213,615
