original performance,number of trades,q learning performance,number of trades
1285.3038013678715,1713,1287.3384142140653,1134,567.6577017435213,615
