original performance,number of trades,q learning performance,number of trades
1285.3038013678715,1713,1241.273667581036,1107,567.6577017435213,615
