original performance,number of trades,q learning performance,number of trades
1285.3038013678715,1713,1163.4294872174944,1400,567.6577017435213,615
