original performance,number of trades,q learning performance,number of trades
1285.3038013678715,1713,1152.0366454548537,1383,567.6577017435213,615
