original performance,number of trades,q learning performance,number of trades
1285.3038013678715,1713,1267.8982210034585,1147,567.6577017435213,615
