original performance,number of trades,q learning performance,number of trades
1285.3038013678715,1713,1174.2850815466545,1391,567.6577017435213,615
