original performance,number of trades,q learning performance,number of trades
1285.3038013678715,1713,1194.8734097308827,1137,567.6577017435213,615
