original performance,number of trades,q learning performance,number of trades
1285.3038013678715,1713,1150.475690853858,1409,567.6577017435213,615
