original performance,number of trades,q learning performance,number of trades
1285.3038013678715,1713,1175.8580396903405,1382,567.6577017435213,615
