original performance,number of trades,q learning performance,number of trades
1285.3038013678715,1713,1207.3537379211803,1133,567.6577017435213,615
