original performance,number of trades,q learning performance,number of trades
1285.3038013678715,1713,1155.0780130587411,1404,567.6577017435213,615
