original performance,number of trades,q learning performance,number of trades
-512.3732065736104,1721,-362.7710167204183,1481,-408.2882915453265,613
