original performance,number of trades,q learning performance,number of trades
-512.3732065736104,1721,-379.4628347034339,1489,-409.31061251517417,613
