original performance,number of trades,q learning performance,number of trades
-512.3732065736104,1721,-357.66911340413685,1495,-404.2936444181408,613
