original performance,number of trades,q learning performance,number of trades
-512.3732065736104,1721,-377.827770869363,1493,-408.2882915453265,613
