original performance,number of trades,q learning performance,number of trades
-512.3732065736104,1721,-372.9306458685417,1492,-404.2936444181408,613
