original performance,number of trades,q learning performance,number of trades
-512.3732065736104,1721,-379.62514605573426,1488,-408.2882915453265,613
