original performance,number of trades,q learning performance,number of trades
-512.3732065736104,1721,-366.6113148284933,1493,-404.2936444181408,613
