original performance,number of trades,q learning performance,number of trades
-512.3732065736104,1721,-379.12500181019146,1492,-412.1876300357489,613
