original performance,number of trades,q learning performance,number of trades
-512.3732065736104,1721,-370.42319673854814,1482,-410.7010798742098,613
