original performance,number of trades,q learning performance,number of trades
-512.3732065736104,1721,-376.75617250744205,1492,-406.80251554952747,613
