original performance,number of trades,q learning performance,number of trades
-512.3732065736104,1721,-371.1115848875972,1493,-408.1929829085632,613
