original performance,number of trades,q learning performance,number of trades
-512.3732065736104,1721,-369.3821789204833,1482,-410.7010798742098,613
