original performance,number of trades,q learning performance,number of trades
-512.3732065736104,1721,-375.1149001441117,1492,-410.7010798742098,613
