original performance,number of trades,q learning performance,number of trades
-512.3732065736104,1721,-370.7294606472148,1492,-405.31596538798846,613
