original performance,number of trades,q learning performance,number of trades
-512.3732065736104,1721,-367.37915210092814,1481,-405.31596538798846,613
