original performance,number of trades,q learning performance,number of trades
-512.3732065736104,1721,-368.8262743809268,1492,-410.7010798742098,613
