original performance,number of trades,q learning performance,number of trades
-512.3732065736104,1721,-375.90163610049103,1482,-402.80786842234176,613
