original performance,number of trades,q learning performance,number of trades
-512.3732065736104,1721,-368.10849263549966,1494,-401.41662689756606,613
