original performance,number of trades,q learning performance,number of trades
-512.3732065736104,1721,-373.789231000336,1494,-412.1876300357489,613
