original performance,number of trades,q learning performance,number of trades
-512.3732065736104,1721,-383.0770343153303,1484,-405.31596538798846,613
