original performance,number of trades,q learning performance,number of trades,q learning training performance,number of trades
210.30624505464672,527,409.5978580450348,467,-1039.208342066351,212
-338.48053338045537,539,-518.201904423504,482,194.79619742728568,222
-1211.2530299987793,500,-885.769484193175,429,-390.24475225523196,179
-1319.7300462292087,155,-1088.145405949773,111,-50000,0
