original performance,number of trades,q learning performance,number of trades
-512.3732065736104,1721,-376.31151166348843,1480,-408.1929829085632,613
