original performance,number of trades,q learning performance,number of trades
-512.3732065736104,1721,-385.4781855971344,1484,-405.31596538798846,613
