original performance,number of trades,q learning performance,number of trades
-512.3732065736104,1721,-368.2646357524826,1494,-398.9085299319194,613
