original performance,number of trades,q learning performance,number of trades
-512.3732065736104,1721,-375.7654843711469,1489,-405.31596538798846,613
