original performance,number of trades,q learning performance,number of trades
-512.3732065736104,1721,-375.02856678959506,1489,-398.9085299319194,613
