original performance,number of trades,q learning performance,number of trades
-512.3732065736104,1721,-399.6964987364565,1476,-405.31596538798846,613
