original performance,number of trades,q learning performance,number of trades
-512.3732065736104,1721,-379.02695594469276,1486,-405.31596538798846,613
