original performance,number of trades,q learning performance,number of trades
-512.3732065736104,1721,-366.2999702269031,1488,-404.2936444181408,613
