original performance,number of trades,q learning performance,number of trades
-512.3732065736104,1721,-371.7939543309142,1494,-410.7010798742098,613
