original performance,number of trades,q learning performance,number of trades
-512.3732065736104,1721,-376.9787984384073,1480,-408.2882915453265,613
