original performance,number of trades,q learning performance,number of trades
-512.3732065736104,1721,-375.60132102377065,1489,-402.80786842234176,613
