original performance,number of trades,q learning performance,number of trades
-512.3732065736104,1721,-368.54973683173716,1481,-410.7010798742098,613
