original performance,number of trades,q learning performance,number of trades
-512.3732065736104,1721,-371.48362282664084,1491,-405.31596538798846,613
