original performance,number of trades,q learning performance,number of trades
-512.3732065736104,1721,-371.5611134111642,1494,-406.8017413837875,613
