original performance,number of trades,q learning performance,number of trades
-512.3732065736104,1721,-371.59564196736517,1495,-408.2882915453265,613
