original performance,number of trades,q learning performance,number of trades
-512.3732065736104,1721,-373.68393617578454,1480,-410.7010798742098,613
