original performance,number of trades,q learning performance,number of trades
-512.3732065736104,1721,-367.6410961010595,1493,-401.41662689756606,613
