original performance,number of trades,q learning performance,number of trades
-512.3732065736104,1721,-377.66886028599095,1480,-402.80786842234176,613
