original performance,number of trades,q learning performance,number of trades
-512.3732065736104,1721,-384.4679787030784,1488,-404.2936444181408,613
