original performance,number of trades,q learning performance,number of trades
-512.3732065736104,1721,-378.4992001834332,1490,-405.31596538798846,613
