original performance,number of trades,q learning performance,number of trades
527.2818497973593,1839,582.1174644546129,1608,64.82861149088542,750
