original performance,number of trades,q learning performance,number of trades
527.2818497973593,1839,595.0810262942033,1609,64.82861149088542,750
