original performance,number of trades,q learning performance,number of trades
527.2818497973593,1839,595.7529056714928,1610,64.82861149088542,750
