original performance,number of trades,q learning performance,number of trades
527.2818497973593,1839,594.7493390075,1606,64.93268725585938,750
