original performance,number of trades,q learning performance,number of trades
527.2818497973593,1839,591.9520590523693,1605,64.82861149088542,750
