original performance,number of trades,q learning performance,number of trades
412.6022107444022,1411,400.45298677037977,1220,128.01404008516226,519
