original performance,number of trades,q learning performance,number of trades
412.6022107444022,1411,396.62256272919325,1225,128.01404008516226,519
