original performance,number of trades,q learning performance,number of trades
412.6022107444022,1411,431.15703975489885,1220,128.01404008516226,519
