original performance,number of trades,q learning performance,number of trades
412.6022107444022,1411,434.66295533324495,1223,128.01404008516226,519
