original performance,number of trades,q learning performance,number of trades
412.6022107444022,1411,413.4614950509122,1223,128.01404008516226,519
