original performance,number of trades,q learning performance,number of trades
412.6022107444022,1411,426.32574492957207,1218,128.01404008516226,519
