original performance,number of trades,q learning performance,number of trades
412.6022107444022,1411,411.04718895175415,1231,128.01404008516226,519
