original performance,number of trades,q learning performance,number of trades
412.6022107444022,1411,411.29613029117866,1222,128.01404008516226,519
