original performance,number of trades,q learning performance,number of trades
412.6022107444022,1411,410.5053260759697,1227,128.01404008516226,519
