original performance,number of trades,q learning performance,number of trades
412.6022107444022,1411,411.1793411378938,1230,128.01404008516226,519
