original performance,number of trades,q learning performance,number of trades
412.6022107444022,1411,398.2716215163396,1219,128.01404008516226,519
