original performance,number of trades,q learning performance,number of trades
412.6022107444022,1411,409.4771638626583,1229,128.01404008516226,519
