original performance,number of trades,q learning performance,number of trades
412.6022107444022,1411,417.7480720743683,1228,128.01404008516226,519
