original performance,number of trades,q learning performance,number of trades
1702.1722769435448,1264,1430.5398353801268,1053,2053.6917849495753,997
