original performance,number of trades,q learning performance,number of trades
1702.1722769435448,1264,1434.6831748426753,1054,2053.6917849495753,997
