original performance,number of trades,q learning performance,number of trades
1702.1722769435448,1264,1437.2932042251398,1053,2053.6917849495753,997
