original performance,number of trades,q learning performance,number of trades
1702.1722769435448,1264,1430.428170530491,1055,2053.6917849495753,997
