original performance,number of trades,q learning performance,number of trades
1702.1722769435448,1264,1432.9270678479525,1055,2053.6917849495753,997
