original performance,number of trades,q learning performance,number of trades
1702.1722769435448,1264,1438.6113655915522,1054,2053.6917849495753,997
