original performance,number of trades,q learning performance,number of trades
-512.3732065736104,1721,-375.49109518995135,1378,-410.7010798742098,613
