original performance,number of trades,q learning performance,number of trades
-512.3732065736104,1721,-383.4020863939754,1374,-408.2882915453265,613
