original performance,number of trades,q learning performance,number of trades
-512.3732065736104,1721,-412.98470499848366,702,-410.7010798742098,613
