original performance,number of trades,q learning performance,number of trades
-512.3732065736104,1721,-481.35802439156885,1373,-410.7010798742098,613
