original performance,number of trades,q learning performance,number of trades
-512.3732065736104,1721,-416.53110563999354,1415,-405.31596538798846,613
