original performance,number of trades,q learning performance,number of trades
-512.3732065736104,1721,-503.18775382758895,838,-398.9085299319194,613
