original performance,number of trades,q learning performance,number of trades
-512.3732065736104,1721,-446.55147298910504,1387,-410.7010798742098,613
