original performance,number of trades,q learning performance,number of trades
-512.3732065736104,1721,-375.8384922744554,1394,-406.8017413837875,613
