original performance,number of trades,q learning performance,number of trades
-512.3732065736104,1721,-521.3922265001903,862,-410.7010798742098,613
