original performance,number of trades,q learning performance,number of trades
-512.3732065736104,1721,-436.0699092429025,1400,-412.1876300357489,613
