original performance,number of trades,q learning performance,number of trades
-512.3732065736104,1721,-409.7119423478972,1374,-410.7010798742098,613
