original performance,number of trades,q learning performance,number of trades
-512.3732065736104,1721,-422.971242301004,1425,-410.7010798742098,613
