original performance,number of trades,q learning performance,number of trades
-512.3732065736104,1721,-371.92386222125816,1390,-410.7010798742098,613
