original performance,number of trades,q learning performance,number of trades
-512.3732065736104,1721,-407.3839583524298,1385,-410.7010798742098,613
