original performance,number of trades,q learning performance,number of trades
-512.3732065736104,1721,-401.0302032176612,1349,-414.69572700139554,613
