original performance,number of trades,q learning performance,number of trades
-512.3732065736104,1721,-394.4975997251942,1406,-408.2882915453265,613
