original performance,number of trades,q learning performance,number of trades
-512.3732065736104,1721,-382.4129086024325,1420,-410.7010798742098,613
