original performance,number of trades,q learning performance,number of trades
-512.3732065736104,1721,-403.69920514787947,1400,-410.7010798742098,613
