original performance,number of trades,q learning performance,number of trades
-512.3732065736104,1721,-401.20452456257243,1362,-410.7010798742098,613
