original performance,number of trades,q learning performance,number of trades
-512.3732065736104,1721,-464.0298550914654,1411,-405.31596538798846,613
