original performance,number of trades,q learning performance,number of trades
-512.3732065736104,1721,-463.87386782465495,797,-410.7010798742098,613
