original performance,number of trades,q learning performance,number of trades
-512.3732065736104,1721,-437.5378303199921,1396,-410.7010798742098,613
