original performance,number of trades,q learning performance,number of trades
-512.3732065736104,1721,-422.7137600963934,1419,-405.31596538798846,613
