original performance,number of trades,q learning performance,number of trades
-512.3732065736104,1721,-396.8114820858563,1407,-398.9085299319194,613
