original performance,number of trades,q learning performance,number of trades
-512.3732065736104,1721,-398.4005382433854,697,-410.7010798742098,613
