original performance,number of trades,q learning performance,number of trades
-512.3732065736104,1721,-369.43504419521685,1419,-410.7010798742098,613
