original performance,number of trades,q learning performance,number of trades
-512.3732065736104,1721,-376.1491515530143,1413,-410.7010798742098,613
