original performance,number of trades,q learning performance,number of trades
-512.3732065736104,1721,-437.5021367365281,1387,-409.31061251517417,613
