original performance,number of trades,q learning performance,number of trades
-512.3732065736104,1721,-396.3981114152313,1407,-410.7010798742098,613
