original performance,number of trades,q learning performance,number of trades
-512.3732065736104,1721,-393.40576220632204,1377,-404.2936444181408,613
