original performance,number of trades,q learning performance,number of trades
-512.3732065736104,1721,-438.0770335497902,1349,-410.7010798742098,613
