original performance,number of trades,q learning performance,number of trades
-512.3732065736104,1721,-372.89332690255924,1405,-408.2882915453265,613
