original performance,number of trades,q learning performance,number of trades
-512.3732065736104,1721,-521.720445803844,837,-402.80786842234176,613
