original performance,number of trades,q learning performance,number of trades
-512.3732065736104,1721,-412.48155543650563,1428,-410.7010798742098,613
