original performance,number of trades,q learning performance,number of trades
-512.3732065736104,1721,-416.38973305143156,1392,-404.2936444181408,613
