original performance,number of trades,q learning performance,number of trades
-512.3732065736104,1721,-405.9000802632251,1377,-412.1876300357489,613
