original performance,number of trades,q learning performance,number of trades
-512.3732065736104,1721,-347.72457383808336,1444,-410.7010798742098,613
