original performance,number of trades,q learning performance,number of trades
-512.3732065736104,1721,-381.2605065251816,1411,-410.7010798742098,613
