original performance,number of trades,q learning performance,number of trades
-512.3732065736104,1721,-484.29145007599567,1330,-405.31596538798846,613
