original performance,number of trades,q learning performance,number of trades
-512.3732065736104,1721,-548.8050689337813,849,-410.7010798742098,613
