original performance,number of trades,q learning performance,number of trades
-512.3732065736104,1721,-404.0148883469761,1374,-409.31061251517417,613
