original performance,number of trades,q learning performance,number of trades
-512.3732065736104,1721,-393.0968545626655,1422,-398.9085299319194,613
