original performance,number of trades,q learning performance,number of trades
-512.3732065736104,1721,-400.16560475053825,713,-410.7010798742098,613
