original performance,number of trades,q learning performance,number of trades
-512.3732065736104,1721,-423.8967015786291,1385,-410.7010798742098,613
