original performance,number of trades,q learning performance,number of trades
-512.3732065736104,1721,-426.1377934773763,1440,-402.80786842234176,613
