original performance,number of trades,q learning performance,number of trades
-512.3732065736104,1721,-397.97895452986546,1386,-402.80786842234176,613
