original performance,number of trades,q learning performance,number of trades
-512.3732065736104,1721,-353.3117489011885,683,-408.1929829085632,613
