original performance,number of trades,q learning performance,number of trades
-512.3732065736104,1721,-374.76396238392795,696,-410.7010798742098,613
