original performance,number of trades,q learning performance,number of trades
-512.3732065736104,1721,-414.00465029448037,1389,-412.1876300357489,613
