original performance,number of trades,q learning performance,number of trades
-512.3732065736104,1721,-387.47540515759795,1391,-410.7010798742098,613
