original performance,number of trades,q learning performance,number of trades
-512.3732065736104,1721,-589.0366441458108,838,-410.7010798742098,613
