original performance,number of trades,q learning performance,number of trades
-512.3732065736104,1721,-398.9907425916458,1403,-410.7010798742098,613
