original performance,number of trades,q learning performance,number of trades
-512.3732065736104,1721,-388.34251445734407,1383,-410.7010798742098,613
