original performance,number of trades,q learning performance,number of trades
-512.3732065736104,1721,-463.3432863467647,1298,-409.31061251517417,613
