original performance,number of trades,q learning performance,number of trades
-512.3732065736104,1721,-358.4184650542458,1415,-410.7010798742098,613
