original performance,number of trades,q learning performance,number of trades
-512.3732065736104,1721,-400.20350229199073,683,-408.1929829085632,613
