original performance,number of trades,q learning performance,number of trades
-512.3732065736104,1721,-429.9765810803531,1346,-402.80786842234176,613
