original performance,number of trades,q learning performance,number of trades
-512.3732065736104,1721,-365.37502261453244,697,-410.7010798742098,613
