original performance,number of trades,q learning performance,number of trades
-512.3732065736104,1721,-433.41167457613403,1394,-405.31596538798846,613
