original performance,number of trades,q learning performance,number of trades
-512.3732065736104,1721,-455.02363589733324,1384,-405.31596538798846,613
