original performance,number of trades,q learning performance,number of trades
-512.3732065736104,1721,-450.2516796045136,1368,-405.31596538798846,613
