original performance,number of trades,q learning performance,number of trades
-512.3732065736104,1721,-425.77849186744635,1362,-408.2882915453265,613
