original performance,number of trades,q learning performance,number of trades
-512.3732065736104,1721,-436.4542439671567,1425,-410.7010798742098,613
