original performance,number of trades,q learning performance,number of trades
-512.3732065736104,1721,-404.5481660861087,1363,-410.7010798742098,613
