original performance,number of trades,q learning performance,number of trades
-512.3732065736104,1721,-532.1474099850064,849,-410.7010798742098,613
