original performance,number of trades,q learning performance,number of trades
-512.3732065736104,1721,-412.87083429681996,1419,-410.7010798742098,613
