original performance,number of trades,q learning performance,number of trades
-512.3732065736104,1721,-397.46652431741285,1431,-398.9085299319194,613
