original performance,number of trades,q learning performance,number of trades
-512.3732065736104,1721,-397.80727878047844,686,-405.31596538798846,613
