original performance,number of trades,q learning performance,number of trades,q learning training performance,number of trades
210.30624505464672,527,507.4093600033663,454,-1039.208342066351,212
-338.48053338045537,539,-885.9785151593562,426,173.00097841829867,222
-1211.2530299987793,500,-848.1366683229692,397,-390.24475225523196,179
-1319.7300462292087,155,-1232.66943359375,110,-50000,0
