original performance,number of trades,q learning performance,number of trades
-512.3732065736104,1721,-394.0341332725976,1386,-410.7010798742098,613
