original performance,number of trades,q learning performance,number of trades,q learning training performance,number of trades
210.30624505464672,527,493.6286401474976,453,-1039.208342066351,212
-338.48053338045537,539,-704.5995430153482,427,173.00097841829867,222
-1211.2530299987793,500,-882.4153097992331,393,-390.24475225523196,179
-1319.7300462292087,155,-1080.4589476458793,113,-50000,0
