original performance,number of trades,q learning performance,number of trades
-512.3732065736104,1721,-364.88573012392743,702,-410.7010798742098,613
