original performance,number of trades,q learning performance,number of trades
-512.3732065736104,1721,-575.3336245422739,811,-410.7010798742098,613
