original performance,number of trades,q learning performance,number of trades
-512.3732065736104,1721,-418.5244985795455,1375,-410.7010798742098,613
