original performance,number of trades,q learning performance,number of trades
-512.3732065736104,1721,-398.512089348658,1398,-406.8017413837875,613
