original performance,number of trades,q learning performance,number of trades
-512.3732065736104,1721,-352.346890036033,685,-406.8017413837875,613
