original performance,number of trades,q learning performance,number of trades
-512.3732065736104,1721,-412.0347983790649,1385,-398.9085299319194,613
