original performance,number of trades,q learning performance,number of trades
-512.3732065736104,1721,-430.61826775464266,1399,-410.7010798742098,613
