original performance,number of trades,q learning performance,number of trades
-512.3732065736104,1721,-414.81124552230386,684,-402.80786842234176,613
