original performance,number of trades,q learning performance,number of trades
-512.3732065736104,1721,-387.3095305816629,1421,-410.7010798742098,613
