original performance,number of trades,q learning performance,number of trades
-512.3732065736104,1721,-375.3915481567383,1452,-405.31596538798846,613
