original performance,number of trades,q learning performance,number of trades
-512.3732065736104,1721,-475.1300867995775,1384,-402.80786842234176,613
