original performance,number of trades,q learning performance,number of trades
-512.3732065736104,1721,-396.88768429402586,1443,-414.69572700139554,613
