original performance,number of trades,q learning performance,number of trades
-512.3732065736104,1721,-335.25032057299615,1433,-410.7010798742098,613
