original performance,number of trades,q learning performance,number of trades
-512.3732065736104,1721,-446.9454418374806,674,-410.7010798742098,613
