original performance,number of trades,q learning performance,number of trades
-310.46672646500167,1237,-284.2032636635204,1052,-227.4284789799003,1017
