original performance,number of trades,q learning performance,number of trades
-310.46672646500167,1237,-263.57825120138597,1049,-227.4284789799003,1017
