original performance,number of trades,q learning performance,number of trades
-310.46672646500167,1237,-278.5172421398856,1046,-227.4284789799003,1017
