original performance,number of trades,q learning performance,number of trades
412.6022107444022,1411,392.9593895918486,1208,128.01404008516226,519
