original performance,number of trades,q learning performance,number of trades
412.6022107444022,1411,417.87932250280153,1227,128.01404008516226,519
