original performance,number of trades,q learning performance,number of trades
-512.3732065736104,1721,-389.69636499529054,1352,-408.1929829085632,613
