original performance,number of trades,q learning performance,number of trades
-512.3732065736104,1721,-80.61217923951381,515,-410.7010798742098,613
