original performance,number of trades,q learning performance,number of trades
-512.3732065736104,1721,-446.9739871430607,1364,-402.80786842234176,613
