original performance,number of trades,q learning performance,number of trades
-512.3732065736104,1721,-417.28813049906773,1344,-410.7010798742098,613
