original performance,number of trades,q learning performance,number of trades
-512.3732065736104,1721,-378.6913977233495,1403,-410.7010798742098,613
