original performance,number of trades,q learning performance,number of trades
-512.3732065736104,1721,-380.84951221082974,1414,-405.31596538798846,613
