original performance,number of trades,q learning performance,number of trades
-512.3732065736104,1721,-343.5431897899235,718,-405.31596538798846,613
