original performance,number of trades,q learning performance,number of trades
-512.3732065736104,1721,-431.1046277755915,1376,-398.9085299319194,613
