original performance,number of trades,q learning performance,number of trades
-512.3732065736104,1721,-473.1287563574575,685,-410.7010798742098,613
