original performance,number of trades,q learning performance,number of trades
-512.3732065736104,1721,-391.7469516820301,1384,-410.7010798742098,613
