original performance,number of trades,q learning performance,number of trades
-512.3732065736104,1721,-406.33421446031497,1382,-410.7010798742098,613
