original performance,number of trades,q learning performance,number of trades
-512.3732065736104,1721,-412.2279586791992,1356,-410.7010798742098,613
