original performance,number of trades,q learning performance,number of trades
-512.3732065736104,1721,-91.19698064641435,516,-405.31596538798846,613
