original performance,number of trades,q learning performance,number of trades
-512.3732065736104,1721,-403.4248259947188,1385,-408.1929829085632,613
