original performance,number of trades,q learning performance,number of trades
-512.3732065736104,1721,-132.35887257132944,508,-410.7010798742098,613
