original performance,number of trades,q learning performance,number of trades
-512.3732065736104,1721,-379.6683656890581,1377,-410.7010798742098,613
