original performance,number of trades,q learning performance,number of trades
-512.3732065736104,1721,-430.0831085757933,1380,-405.31596538798846,613
