original performance,number of trades,q learning performance,number of trades
-512.3732065736104,1721,-409.1792758683262,1373,-409.31061251517417,613
