original performance,number of trades,q learning performance,number of trades
-512.3732065736104,1721,-408.8304339267564,1397,-410.7010798742098,613
