original performance,number of trades,q learning performance,number of trades
-512.3732065736104,1721,-402.4415421020942,1405,-405.31596538798846,613
