original performance,number of trades,q learning performance,number of trades
-512.3732065736104,1721,-454.78144494877307,688,-405.31596538798846,613
