original performance,number of trades,q learning performance,number of trades
-512.3732065736104,1721,-396.86582735571307,1351,-401.41662689756606,613
