original performance,number of trades,q learning performance,number of trades
-512.3732065736104,1721,-442.94891713831544,685,-401.41662689756606,613
