original performance,number of trades,q learning performance,number of trades
-512.3732065736104,1721,-407.4670052169612,731,-410.7010798742098,613
