original performance,number of trades,q learning performance,number of trades
-512.3732065736104,1721,-406.238552845348,1375,-410.7010798742098,613
