original performance,number of trades,q learning performance,number of trades
-512.3732065736104,1721,-379.2887024605411,1392,-405.31596538798846,613
