original performance,number of trades,q learning performance,number of trades
-512.3732065736104,1721,-423.0750859218663,1343,-405.31596538798846,613
