original performance,number of trades,q learning performance,number of trades
-512.3732065736104,1721,-344.0642661072991,1408,-404.2936444181408,613
