original performance,number of trades,q learning performance,number of trades
-512.3732065736104,1721,-406.1301017559057,717,-410.7010798742098,613
