original performance,number of trades,q learning performance,number of trades
-512.3732065736104,1721,-398.18206768835375,1336,-402.80786842234176,613
