original performance,number of trades,q learning performance,number of trades
-512.3732065736104,1721,-183.54636091386755,531,-410.7010798742098,613
