original performance,number of trades,q learning performance,number of trades
1204.2041569295193,743,1184.4184381745079,704,837.2928364129714,324
