original performance,number of trades,q learning performance,number of trades
1204.2041569295193,743,1333.1308374665912,475,837.2928364129714,324
