original performance,number of trades,q learning performance,number of trades,q learning training performance,number of trades
-249.1508136906036,584,-195.6622166962116,479,-1100.5264713938643,205
1090.9103340664603,577,1251.6216388261341,493,975.500210983118,289
975.217861286108,552,930.0431009272094,465,94.35692110928622,220
-417.46131121923054,126,-477.94988127208893,105,-50000,0
