original performance,number of trades,q learning performance,number of trades
527.2818497973593,1839,742.9510754574046,850,109.97676979727437,714
