original performance,number of trades,q learning performance,number of trades,q learning training performance,number of trades
-249.1508136906036,584,342.5494175400845,258,-1100.5264713938643,205
1090.9103340664603,577,680.4392370408581,93,980.2586879004244,289
975.217861286108,552,1185.8081485964217,265,94.35692110928622,220
-417.46131121923054,126,-60.16435772439708,46,-50000,0
