original performance,number of trades,q learning performance,number of trades
527.2818497973593,1839,570.772840867068,1496,109.8674465147387,714
