original performance,number of trades,q learning performance,number of trades
527.2818497973593,1839,599.1030194463913,1509,109.8674465147387,714
