original performance,number of trades,q learning performance,number of trades
527.2818497973593,1839,627.6407547970599,1489,109.97676979727437,714
