original performance,number of trades,q learning performance,number of trades,q learning training performance,number of trades
-249.1508136906036,584,-187.85526348749798,480,-1101.5231771329554,205
1090.9103340664603,577,1329.7504715283712,480,975.500210983118,289
975.217861286108,552,892.4739496834466,471,94.35692110928622,220
-417.46131121923054,126,-423.8137088850433,102,-50000,0
