original performance,number of trades,q learning performance,number of trades
527.2818497973593,1839,632.7691471428271,1510,109.8674465147387,714
