original performance,number of trades,q learning performance,number of trades
527.2818497973593,1839,614.6087570790382,1526,109.97676979727437,714
