original performance,number of trades,q learning performance,number of trades
527.2818497973593,1839,615.0843994694371,1488,107.94139633392419,714
