original performance,number of trades,q learning performance,number of trades
527.2818497973593,1839,587.2973868621153,1542,107.94139633392419,714
