original performance,number of trades,q learning performance,number of trades
527.2818497973593,1839,607.8217616409221,1512,109.8674465147387,714
