original performance,number of trades,q learning performance,number of trades
527.2818497973593,1839,599.0814789410736,1494,109.8674465147387,714
