original performance,number of trades,q learning performance,number of trades,q learning training performance,number of trades
-249.1508136906036,584,-187.42958707809447,480,-1100.5264713938643,205
1090.9103340664603,577,1279.1085198374474,478,975.500210983118,289
975.217861286108,552,969.0600628150023,441,94.35692110928622,220
-417.46131121923054,126,-511.9263387245707,101,-50000,0
