original performance,number of trades,q learning performance,number of trades
527.2818497973593,1839,610.9084328943267,1513,109.8674465147387,714
