original performance,number of trades,q learning performance,number of trades
527.2818497973593,1839,606.5008008610005,1523,109.97676979727437,714
