original performance,number of trades,q learning performance,number of trades,q learning training performance,number of trades
-249.1508136906036,584,342.5494175400845,258,-1100.5264713938643,205
1090.9103340664603,577,918.3543655552814,97,980.5287807161008,289
975.217861286108,552,1203.5583658934581,253,94.35692110928622,220
-417.46131121923054,126,91.9256534576416,40,-50000,0
