original performance,number of trades,q learning performance,number of trades
527.2818497973593,1839,598.0657321166992,1500,107.94139633392419,714
