original performance,number of trades,q learning performance,number of trades
527.2818497973593,1839,598.8820114236527,1514,109.97676979727437,714
