original performance,number of trades,q learning performance,number of trades
527.2818497973593,1839,644.2511187614278,658,109.8674465147387,714
