original performance,number of trades,q learning performance,number of trades
527.2818497973593,1839,710.5030959298678,856,109.97676979727437,714
