original performance,number of trades,q learning performance,number of trades
527.2818497973593,1839,611.0044249678259,1507,109.69060078254935,714
