original performance,number of trades,q learning performance,number of trades
527.2818497973593,1839,739.2945915511434,844,109.8674465147387,714
