original performance,number of trades,q learning performance,number of trades
527.2818497973593,1839,572.4888867862468,1483,109.97676979727437,714
