original performance,number of trades,q learning performance,number of trades
527.2818497973593,1839,560.3229042093483,1516,109.8674465147387,714
