original performance,number of trades,q learning performance,number of trades
527.2818497973593,1839,520.1568131880326,1507,109.97676979727437,714
