original performance,number of trades,q learning performance,number of trades,q learning training performance,number of trades
-249.1508136906036,584,173.98875345043862,297,-1100.5264713938643,205
1090.9103340664603,577,1595.4279696307606,158,980.2586879004244,289
975.217861286108,552,1086.0788236792532,317,94.35692110928622,220
-417.46131121923054,126,-203.31561889648438,60,-50000,0
