original performance,number of trades,q learning performance,number of trades
527.2818497973593,1839,697.4996774185804,661,109.97676979727437,714
