original performance,number of trades,q learning performance,number of trades
527.2818497973593,1839,691.732554476026,639,109.97676979727437,714
