original performance,number of trades,q learning performance,number of trades
527.2818497973593,1839,610.441131182165,1490,109.97676979727437,714
