original performance,number of trades,q learning performance,number of trades
527.2818497973593,1839,790.4230332363246,842,109.97676979727437,714
