original performance,number of trades,q learning performance,number of trades
527.2818497973593,1839,608.6679839382864,1515,109.97676979727437,714
