original performance,number of trades,q learning performance,number of trades
527.2818497973593,1839,660.3289154191872,658,112.08532813149674,714
