original performance,number of trades,q learning performance,number of trades
527.2818497973593,1839,606.5820314005801,1520,109.8674465147387,714
