original performance,number of trades,q learning performance,number of trades
875.9376626869688,1662,840.433082414258,1468,855.9497938546521,684
