original performance,number of trades,q learning performance,number of trades
527.2818497973593,1839,595.8273234820796,1609,64.82861149088542,750
