original performance,number of trades,q learning performance,number of trades
810.935795511798,1948,731.0609595088636,1593,846.3676692261379,767
