original performance,number of trades,q learning performance,number of trades
810.935795511798,1948,655.2266804767216,1614,840.0782686454843,767
