original performance,number of trades,q learning performance,number of trades
810.935795511798,1948,770.2140885813168,1565,846.3676692261379,767
