original performance,number of trades,q learning performance,number of trades
810.935795511798,1948,648.4062781519475,1619,846.5014708219327,767
