original performance,number of trades,q learning performance,number of trades
810.935795511798,1948,653.2433507142954,1592,836.7187093861567,767
