original performance,number of trades,q learning performance,number of trades,q learning training performance,number of trades
633.3098771691117,581,788.000662006066,501,935.9082492965151,251
908.7061836354873,680,764.7428766019909,587,1175.2836883450732,324
1547.9738105455458,551,873.2622534228909,434,149.14138778050742,192
-1905.1756136838128,136,-1515.7269859313965,90,-50000,0
