original performance,number of trades,q learning performance,number of trades
810.935795511798,1948,675.8152663920185,1616,840.0782686454843,767
