original performance,number of trades,q learning performance,number of trades
810.935795511798,1948,824.5698972270436,959,838.4409830722535,767
