original performance,number of trades,q learning performance,number of trades
810.935795511798,1948,673.8664947159533,1612,840.0782686454843,767
