original performance,number of trades,q learning performance,number of trades
810.935795511798,1948,620.3019276861775,1626,846.5014708219327,767
