original performance,number of trades,q learning performance,number of trades
-831.3447903324811,1194,-751.5845914759061,1028,-730.3403489091388,933
