original performance,number of trades,q learning performance,number of trades
-831.3447903324811,1194,-723.7260235345851,1026,-730.3403489091388,933
