original performance,number of trades,q learning performance,number of trades
-831.3447903324811,1194,-757.0636275621704,1028,-730.3403489091388,933
