original performance,number of trades,q learning performance,number of trades
-831.3447903324811,1194,-736.9457098964588,1028,-730.3403489091388,933
