original performance,number of trades,q learning performance,number of trades
-831.3447903324811,1194,-726.2005683018326,1031,-730.3403489091388,933
