original performance,number of trades,q learning performance,number of trades
-831.3447903324811,1194,-732.7648439490923,1027,-730.3403489091388,933
