original performance,number of trades,q learning performance,number of trades
-831.3447903324811,1194,-764.9877410709508,1022,-730.3403489091388,933
