original performance,number of trades,q learning performance,number of trades
-831.3447903324811,1194,-738.8841520839163,1019,-730.3403489091388,933
