original performance,number of trades,q learning performance,number of trades
-831.3447903324811,1194,-721.7971228841944,1019,-730.3403489091388,933
