original performance,number of trades,q learning performance,number of trades
-831.3447903324811,1194,-729.5857445281686,1030,-730.3403489091388,933
