original performance,number of trades,q learning performance,number of trades
-831.3447903324811,1194,-721.5302372701661,1029,-730.3403489091388,933
