original performance,number of trades,q learning performance,number of trades
-831.3447903324811,1194,-707.9696992612353,1020,-730.3403489091388,933
