original performance,number of trades,q learning performance,number of trades
-831.3447903324811,1194,-730.0427724202474,1020,-730.3403489091388,933
