original performance,number of trades,q learning performance,number of trades
270.973987477965,1919,204.71358488546184,1585,-1067.3687329447862,705
