original performance,number of trades,q learning performance,number of trades
270.973987477965,1919,236.68490584905743,1557,-1067.3687329447862,705
