original performance,number of trades,q learning performance,number of trades
270.973987477965,1919,197.85637339345226,1573,-1067.3687329447862,705
