original performance,number of trades,q learning performance,number of trades
270.973987477965,1919,354.84339903057094,883,-1067.3687329447862,705
