original performance,number of trades,q learning performance,number of trades
270.973987477965,1919,210.39243096116974,1581,-1067.3687329447862,705
