original performance,number of trades,q learning performance,number of trades
270.973987477965,1919,191.8807605561756,1596,-1067.3687329447862,705
