original performance,number of trades,q learning performance,number of trades
270.973987477965,1919,208.8918893934805,1580,-1067.3687329447862,705
