original performance,number of trades,q learning performance,number of trades,q learning training performance,number of trades
-4.3324754780521175,611,-25.81016029258827,385,-623.5775680893577,217
-378.1544122134938,612,-711.3125257158613,286,-2293.8746466267153,271
2115.8706815600167,527,1649.1986868864572,306,20.559469056019584,217
-2136.01848769329,169,-1970.6236501623082,108,-50000,0
