original performance,number of trades,q learning performance,number of trades
270.973987477965,1919,214.65935667401095,1581,-1067.3687329447862,705
