original performance,number of trades,q learning performance,number of trades
270.973987477965,1919,213.28998281554598,1587,-1067.3687329447862,705
