original performance,number of trades,q learning performance,number of trades
270.973987477965,1919,209.2907169680965,1587,-1067.3687329447862,705
