original performance,number of trades,q learning performance,number of trades
270.973987477965,1919,405.3506667091938,886,-1067.3687329447862,705
