original performance,number of trades,q learning performance,number of trades
270.973987477965,1919,218.4263707169586,1546,-1067.3687329447862,705
