original performance,number of trades,q learning performance,number of trades
270.973987477965,1919,189.9437882161561,1588,-1067.3687329447862,705
