original performance,number of trades,q learning performance,number of trades
270.973987477965,1919,237.19571308480997,1559,-1067.3687329447862,705
