original performance,number of trades,q learning performance,number of trades
270.973987477965,1919,226.2120904293157,1576,-1067.3687329447862,705
