original performance,number of trades,q learning performance,number of trades
270.973987477965,1919,230.51671571356977,1553,-1067.3687329447862,705
