original performance,number of trades,q learning performance,number of trades,q learning training performance,number of trades
-4.3324754780521175,611,-19.755050229904292,391,-623.5775680893577,217
-378.1544122134938,612,-464.67884515036997,284,-2293.8746466267153,271
2115.8706815600167,527,1414.8250701904296,280,20.559469056019584,217
-2136.01848769329,169,-1832.0391973767962,112,-50000,0
