original performance,number of trades,q learning performance,number of trades
270.973987477965,1919,22.864614021878282,1071,-1067.3687329447862,705
