original performance,number of trades,q learning performance,number of trades
270.973987477965,1919,199.1478707477179,1591,-1067.3687329447862,705
