original performance,number of trades,q learning performance,number of trades
270.973987477965,1919,185.91330879840407,1589,-1067.3687329447862,705
