original performance,number of trades,q learning performance,number of trades,q learning training performance,number of trades
-4.3324754780521175,611,-143.25567968104912,492,-623.5775680893577,217
-378.1544122134938,612,-370.58418661959996,523,-2293.8746466267153,271
2115.8706815600167,527,1814.3197874411558,429,20.559469056019584,217
-2136.01848769329,169,-1582.184909569956,137,-50000,0
