original performance,number of trades,q learning performance,number of trades
270.973987477965,1919,40.11760215550824,1098,-1067.3687329447862,705
