original performance,number of trades,q learning performance,number of trades
270.973987477965,1919,48.050246377246005,1067,-1067.3687329447862,705
