original performance,number of trades,q learning performance,number of trades,q learning training performance,number of trades
-4.3324754780521175,611,1.2991750110527847,349,-623.5775680893577,217
-378.1544122134938,612,-856.7291853162977,144,-2293.8746466267153,271
2115.8706815600167,527,2019.5320160534918,294,20.559469056019584,217
-2136.01848769329,169,-1534.5742123625998,86,-50000,0
