original performance,number of trades,q learning performance,number of trades
270.973987477965,1919,168.24035778587796,1548,-1067.3687329447862,705
