original performance,number of trades,q learning performance,number of trades
270.973987477965,1919,205.08527378627232,1575,-1067.3687329447862,705
