original performance,number of trades,q learning performance,number of trades
270.973987477965,1919,203.92851116846478,1575,-1067.3687329447862,705
