original performance,number of trades,q learning performance,number of trades,q learning training performance,number of trades
-4.3324754780521175,611,-140.77464484778406,489,-623.5775680893577,217
-378.1544122134938,612,-415.2322094371018,515,-2293.8746466267153,271
2115.8706815600167,527,1759.4101137080395,401,20.559469056019584,217
-2136.01848769329,169,-1434.7442023433857,134,-50000,0
