original performance,number of trades,q learning performance,number of trades,q learning training performance,number of trades
-4.3324754780521175,611,-91.56419718339885,481,-623.5775680893577,217
-378.1544122134938,612,-336.1842025413591,489,-2293.8746466267153,271
2115.8706815600167,527,1580.2715581072507,411,20.559469056019584,217
-2136.01848769329,169,-1519.4742321687586,136,-50000,0
