original performance,number of trades,q learning performance,number of trades
270.973987477965,1919,510.30978226487656,822,-1067.3687329447862,705
