original performance,number of trades,q learning performance,number of trades
270.973987477965,1919,12.256345472423309,1090,-1067.3687329447862,705
