original performance,number of trades,q learning performance,number of trades
270.973987477965,1919,198.38326367356083,1593,-1067.3687329447862,705
