original performance,number of trades,q learning performance,number of trades
270.973987477965,1919,358.62938121199204,889,-1067.3687329447862,705
