original performance,number of trades,q learning performance,number of trades
270.973987477965,1919,205.3902304706019,1582,-1067.3687329447862,705
