original performance,number of trades,q learning performance,number of trades
270.973987477965,1919,351.1809517456605,888,-1067.3687329447862,705
