original performance,number of trades,q learning performance,number of trades
270.973987477965,1919,213.307910861391,1584,-1067.3687329447862,705
