original performance,number of trades,q learning performance,number of trades
270.973987477965,1919,211.6123711205854,1583,-1067.3687329447862,705
