original performance,number of trades,q learning performance,number of trades
270.973987477965,1919,95.09934400846173,1074,-1067.3687329447862,705
