original performance,number of trades,q learning performance,number of trades
270.973987477965,1919,222.94261923181006,1577,-1067.3687329447862,705
