original performance,number of trades,q learning performance,number of trades
270.973987477965,1919,194.16177918959636,1568,-1067.3687329447862,705
