original performance,number of trades,q learning performance,number of trades
270.973987477965,1919,126.27820055239668,1070,-1067.3687329447862,705
