original performance,number of trades,q learning performance,number of trades
270.973987477965,1919,214.9999352910716,1570,-1067.3687329447862,705
