original performance,number of trades,q learning performance,number of trades
270.973987477965,1919,205.43555952816092,1587,-1067.3687329447862,705
