original performance,number of trades,q learning performance,number of trades
270.973987477965,1919,201.13936113410392,1588,-1067.3687329447862,705
