original performance,number of trades,q learning performance,number of trades
270.973987477965,1919,205.8755812237792,1581,-1067.3687329447862,705
