original performance,number of trades,q learning performance,number of trades
270.973987477965,1919,197.90104564110837,1592,-1067.3687329447862,705
