original performance,number of trades,q learning performance,number of trades
270.973987477965,1919,431.0058587867093,830,-1067.3687329447862,705
