original performance,number of trades,q learning performance,number of trades
270.973987477965,1919,209.5355580969702,1580,-1067.3687329447862,705
