original performance,number of trades,q learning performance,number of trades,q learning training performance,number of trades
-4.3324754780521175,611,16.23150599485188,346,-623.5775680893577,217
-378.1544122134938,612,-378.924001566569,120,-2293.8746466267153,271
2115.8706815600167,527,2136.4263505723743,270,20.559469056019584,217
-2136.01848769329,169,-1366.3452851051509,86,-50000,0
