original performance,number of trades,q learning performance,number of trades
270.973987477965,1919,154.5198819506852,1517,-1067.3687329447862,705
