original performance,number of trades,q learning performance,number of trades,q learning training performance,number of trades
-4.3324754780521175,611,-142.74299971327096,493,-623.5775680893577,217
-378.1544122134938,612,-374.18092279597073,527,-2293.8746466267153,271
2115.8706815600167,527,1795.2678363506611,416,20.559469056019584,217
-2136.01848769329,169,-1542.3186221403234,136,-50000,0
