original performance,number of trades,q learning performance,number of trades,q learning training performance,number of trades
-4.3324754780521175,611,-18.838554050611414,391,-623.5775680893577,217
-378.1544122134938,612,-710.7465309651693,300,-2293.8746466267153,271
2115.8706815600167,527,1475.9952215174903,289,20.559469056019584,217
-2136.01848769329,169,-1751.0306230024858,110,-50000,0
