original performance,number of trades,q learning performance,number of trades
270.973987477965,1919,210.34530933607365,1578,-1067.3687329447862,705
