original performance,number of trades,q learning performance,number of trades
270.973987477965,1919,435.46724451540746,826,-1067.3687329447862,705
