original performance,number of trades,q learning performance,number of trades
270.973987477965,1919,196.9544019915295,1588,-1067.3687329447862,705
