original performance,number of trades,q learning performance,number of trades
270.973987477965,1919,219.64437860405437,1577,-1067.3687329447862,705
