original performance,number of trades,q learning performance,number of trades
270.973987477965,1919,216.0420319149866,1564,-1067.3687329447862,705
