original performance,number of trades,q learning performance,number of trades
270.973987477965,1919,358.22946290991376,886,-1067.3687329447862,705
