original performance,number of trades,q learning performance,number of trades,q learning training performance,number of trades
-4.3324754780521175,611,-13.961227114409969,353,-623.5775680893577,217
-378.1544122134938,612,-513.5369160970052,162,-2293.8746466267153,271
2115.8706815600167,527,1896.2795630265612,287,20.559469056019584,217
-2136.01848769329,169,-1677.4680913880813,86,-50000,0
