original performance,number of trades,q learning performance,number of trades
270.973987477965,1919,201.3824284369592,1571,-1067.3687329447862,705
