original performance,number of trades,q learning performance,number of trades
270.973987477965,1919,215.0068016441501,1568,-1067.3687329447862,705
