original performance,number of trades,q learning performance,number of trades
270.973987477965,1919,454.1217590261795,869,-1067.3687329447862,705
