original performance,number of trades,q learning performance,number of trades
270.973987477965,1919,-1.0103020290292988,1073,-1067.3687329447862,705
