original performance,number of trades,q learning performance,number of trades
270.973987477965,1919,213.40069732569503,1581,-1067.3687329447862,705
