original performance,number of trades,q learning performance,number of trades
270.973987477965,1919,383.6976325560152,890,-1067.3687329447862,705
