original performance,number of trades,q learning performance,number of trades
270.973987477965,1919,208.12500653948103,1582,-1067.3687329447862,705
