original performance,number of trades,q learning performance,number of trades
270.973987477965,1919,201.05772174237433,1589,-1067.3687329447862,705
