original performance,number of trades,q learning performance,number of trades
270.973987477965,1919,522.3856883049011,832,-1067.3687329447862,705
