original performance,number of trades,q learning performance,number of trades,q learning training performance,number of trades
-4.3324754780521175,611,-18.537092184219556,387,-623.5775680893577,217
-378.1544122134938,612,-537.1593135365268,285,-2293.8746466267153,271
2115.8706815600167,527,1280.901959587546,272,20.559469056019584,217
-2136.01848769329,169,-2050.101971435547,105,-50000,0
