original performance,number of trades,q learning performance,number of trades
270.973987477965,1919,220.26848331135548,1570,-1067.3687329447862,705
