original performance,number of trades,q learning performance,number of trades,q learning training performance,number of trades
-4.3324754780521175,611,-110.0623453860461,482,-623.5775680893577,217
-378.1544122134938,612,-319.4792005684511,511,-2293.8746466267153,271
2115.8706815600167,527,1886.255381742741,427,20.559469056019584,217
-2136.01848769329,169,-1610.2826834351476,137,-50000,0
