original performance,number of trades,q learning performance,number of trades
270.973987477965,1919,32.581704384039256,1089,-1067.3687329447862,705
