original performance,number of trades,q learning performance,number of trades
270.973987477965,1919,198.6093543996775,1594,-1067.3687329447862,705
