original performance,number of trades,q learning performance,number of trades
270.973987477965,1919,65.62244351043267,1057,-1067.3687329447862,705
