original performance,number of trades,q learning performance,number of trades
270.973987477965,1919,429.8867101344932,882,-1067.3687329447862,705
