original performance,number of trades,q learning performance,number of trades
270.973987477965,1919,243.7613623085875,1565,-1067.3687329447862,705
