original performance,number of trades,q learning performance,number of trades
-512.3732065736104,1721,-462.95632056761326,890,-491.8381286289381,644
