original performance,number of trades,q learning performance,number of trades
-512.3732065736104,1721,-402.6592287832503,1471,-495.06817577196205,644
