original performance,number of trades,q learning performance,number of trades
-512.3732065736104,1721,-411.53065056662956,1487,-495.06817577196205,644
