original performance,number of trades,q learning performance,number of trades
-512.3732065736104,1721,-504.2701702586513,1099,-489.45076303896695,644
