original performance,number of trades,q learning performance,number of trades
886.4300592697356,1367,678.2377512888474,1056,1156.41506340596,1059
