original performance,number of trades,q learning performance,number of trades
886.4300592697356,1367,625.1259043885749,1037,1156.41506340596,1059
