original performance,number of trades,q learning performance,number of trades
886.4300592697356,1367,666.2901553817575,1052,1156.41506340596,1059
