original performance,number of trades,q learning performance,number of trades
886.4300592697356,1367,698.0083225380785,1052,1156.41506340596,1059
