original performance,number of trades,q learning performance,number of trades
886.4300592697356,1367,718.5366122620579,1028,1156.41506340596,1059
