original performance,number of trades,q learning performance,number of trades
886.4300592697356,1367,684.2470538739077,1067,1156.41506340596,1059
