original performance,number of trades,q learning performance,number of trades
886.4300592697356,1367,686.8218633671927,1039,1156.41506340596,1059
