original performance,number of trades,q learning performance,number of trades
886.4300592697356,1367,785.8120046434456,716,1156.41506340596,1059
