original performance,number of trades,q learning performance,number of trades
886.4300592697356,1367,783.0244122117035,742,1156.41506340596,1059
