original performance,number of trades,q learning performance,number of trades
886.4300592697356,1367,731.6658182650043,1018,1156.41506340596,1059
