original performance,number of trades,q learning performance,number of trades
886.4300592697356,1367,735.335881745596,1033,1156.41506340596,1059
