original performance,number of trades,q learning performance,number of trades
886.4300592697356,1367,649.920409896157,528,1156.41506340596,1059
