original performance,number of trades,q learning performance,number of trades,q learning training performance,number of trades
1131.2878443244758,655,953.7173095874572,534,969.4869322650201,565
1267.118466059367,576,969.6295642482424,412,1370.2093834355776,494
-1905.1756136838128,136,-1661.568060971378,89,-50000,0
