original performance,number of trades,q learning performance,number of trades
886.4300592697356,1367,650.0768079631496,1058,1156.41506340596,1059
