original performance,number of trades,q learning performance,number of trades,q learning training performance,number of trades
1131.2878443244758,655,951.378498490177,536,969.4869322650201,565
1267.118466059367,576,850.0010029747373,420,1370.2093834355776,494
-1905.1756136838128,136,-1502.141218892644,89,-50000,0
