original performance,number of trades,q learning performance,number of trades
886.4300592697356,1367,652.7702704833174,1054,1156.41506340596,1059
