original performance,number of trades,q learning performance,number of trades
886.4300592697356,1367,591.2937043401338,1074,1156.41506340596,1059
