original performance,number of trades,q learning performance,number of trades
886.4300592697356,1367,608.3375046627283,1058,1156.41506340596,1059
