original performance,number of trades,q learning performance,number of trades
886.4300592697356,1367,705.0181498658424,1020,1156.41506340596,1059
