original performance,number of trades,q learning performance,number of trades
886.4300592697356,1367,617.7490216368183,1055,1156.41506340596,1059
