original performance,number of trades,q learning performance,number of trades
886.4300592697356,1367,656.8655697256327,512,1156.41506340596,1059
