original performance,number of trades,q learning performance,number of trades
886.4300592697356,1367,690.3123088670814,1035,1156.41506340596,1059
