original performance,number of trades,q learning performance,number of trades
886.4300592697356,1367,656.7125571626716,1043,1156.41506340596,1059
