original performance,number of trades,q learning performance,number of trades,q learning training performance,number of trades
1131.2878443244758,655,868.4507671906067,444,969.4869322650201,565
1267.118466059367,576,1477.0864294740163,219,1370.2093834355776,494
-1905.1756136838128,136,-1565.0268279314041,64,-50000,0
