original performance,number of trades,q learning performance,number of trades,q learning training performance,number of trades
1131.2878443244758,655,956.7148586323863,527,969.4869322650201,565
1267.118466059367,576,968.3966847976835,404,1370.2093834355776,494
-1905.1756136838128,136,-1616.1376675477961,97,-50000,0
