original performance,number of trades,q learning performance,number of trades
886.4300592697356,1367,666.3405412708365,1053,1156.41506340596,1059
