original performance,number of trades,q learning performance,number of trades
886.4300592697356,1367,864.1570357546781,732,1156.41506340596,1059
