original performance,number of trades,q learning performance,number of trades,q learning training performance,number of trades
1131.2878443244758,655,818.351764721625,447,969.4869322650201,565
1267.118466059367,576,1492.3664796915486,199,1370.2093834355776,494
-1905.1756136838128,136,-1430.611042349679,70,-50000,0
