original performance,number of trades,q learning performance,number of trades,q learning training performance,number of trades
1131.2878443244758,655,962.129801451377,533,969.4869322650201,565
1267.118466059367,576,851.4249399444203,405,1370.2093834355776,494
-1905.1756136838128,136,-1578.8083291402677,82,-50000,0
