original performance,number of trades,q learning performance,number of trades
886.4300592697356,1367,707.0228230140323,1050,1156.41506340596,1059
