original performance,number of trades,q learning performance,number of trades,q learning training performance,number of trades
1131.2878443244758,655,916.0262806678453,526,969.4869322650201,565
1267.118466059367,576,919.9621341093086,405,1370.2093834355776,494
-1905.1756136838128,136,-1660.9071720082272,93,-50000,0
