original performance,number of trades,q learning performance,number of trades
886.4300592697356,1367,752.6952404462235,1049,1156.41506340596,1059
