original performance,number of trades,q learning performance,number of trades
886.4300592697356,1367,701.6734238839035,1045,1156.41506340596,1059
