original performance,number of trades,q learning performance,number of trades
886.4300592697356,1367,756.1310565944644,993,1156.41506340596,1059
