original performance,number of trades,q learning performance,number of trades
886.4300592697356,1367,723.1123969559512,1034,1156.41506340596,1059
