original performance,number of trades,q learning performance,number of trades
886.4300592697356,1367,660.7749972393734,1043,1156.41506340596,1059
