original performance,number of trades,q learning performance,number of trades
886.4300592697356,1367,683.1168038162245,1051,1156.41506340596,1059
