original performance,number of trades,q learning performance,number of trades
886.4300592697356,1367,678.1164826715967,1028,1156.41506340596,1059
