original performance,number of trades,q learning performance,number of trades
886.4300592697356,1367,726.4799251537752,1023,1156.41506340596,1059
