original performance,number of trades,q learning performance,number of trades
886.4300592697356,1367,704.2771752638195,1026,1156.41506340596,1059
