original performance,number of trades,q learning performance,number of trades,q learning training performance,number of trades
1131.2878443244758,655,939.3302981572992,544,969.4869322650201,565
1267.118466059367,576,722.6779134866778,426,1370.2093834355776,494
-1905.1756136838128,136,-1767.3753353999211,104,-50000,0
