original performance,number of trades,q learning performance,number of trades
886.4300592697356,1367,657.5405627783714,1052,1156.41506340596,1059
