original performance,number of trades,q learning performance,number of trades,q learning training performance,number of trades
1131.2878443244758,655,938.6825087461243,543,969.4869322650201,565
1267.118466059367,576,935.6025431805347,415,1370.2093834355776,494
-1905.1756136838128,136,-1759.1317946392558,92,-50000,0
