original performance,number of trades,q learning performance,number of trades
886.4300592697356,1367,676.7962482716778,505,1156.41506340596,1059
