original performance,number of trades,q learning performance,number of trades,q learning training performance,number of trades
1131.2878443244758,655,955.7240569433778,529,969.4869322650201,565
1267.118466059367,576,889.328312840955,406,1370.2093834355776,494
-1905.1756136838128,136,-1823.0277091405726,93,-50000,0
