original performance,number of trades,q learning performance,number of trades
886.4300592697356,1367,673.2236522480716,1043,1156.41506340596,1059
