original performance,number of trades,q learning performance,number of trades
886.4300592697356,1367,662.7111376282377,1051,1156.41506340596,1059
