original performance,number of trades,q learning performance,number of trades
886.4300592697356,1367,713.4715885857279,1032,1156.41506340596,1059
