original performance,number of trades,q learning performance,number of trades,q learning training performance,number of trades
1131.2878443244758,655,817.0357424607918,335,969.4869322650201,565
1267.118466059367,576,1832.4696391070331,108,1370.2093834355776,494
-1905.1756136838128,136,-1529.1082211847174,73,-50000,0
