original performance,number of trades,q learning performance,number of trades
886.4300592697356,1367,744.5958693384075,1023,1156.41506340596,1059
