original performance,number of trades,q learning performance,number of trades,q learning training performance,number of trades
1131.2878443244758,655,836.5842793020785,434,969.4869322650201,565
1267.118466059367,576,1444.1842720690113,197,1370.2093834355776,494
-1905.1756136838128,136,-1287.5254280887432,67,-50000,0
