original performance,number of trades,q learning performance,number of trades
886.4300592697356,1367,622.965485419227,1068,1156.41506340596,1059
