original performance,number of trades,q learning performance,number of trades
886.4300592697356,1367,641.8057367993548,1081,1156.41506340596,1059
