original performance,number of trades,q learning performance,number of trades
886.4300592697356,1367,673.2048783302307,1024,1156.41506340596,1059
