original performance,number of trades,q learning performance,number of trades,q learning training performance,number of trades
1131.2878443244758,655,796.5463720025688,464,969.4869322650201,565
1267.118466059367,576,1232.786669303631,232,1370.2093834355776,494
-1905.1756136838128,136,-1807.3052036830356,70,-50000,0
