original performance,number of trades,q learning performance,number of trades
886.4300592697356,1367,638.4509422061169,1076,1156.41506340596,1059
