original performance,number of trades,q learning performance,number of trades,q learning training performance,number of trades
1131.2878443244758,655,919.109574125787,541,969.4869322650201,565
1267.118466059367,576,958.9661132479177,412,1370.2093834355776,494
-1905.1756136838128,136,-1779.35262703409,98,-50000,0
