original performance,number of trades,q learning performance,number of trades,q learning training performance,number of trades
1131.2878443244758,655,950.6629090612747,534,969.4869322650201,565
1267.118466059367,576,819.7361767342275,427,1370.2093834355776,494
-1905.1756136838128,136,-1790.7992806328668,90,-50000,0
