original performance,number of trades,q learning performance,number of trades
886.4300592697356,1367,688.9976258655107,493,1156.41506340596,1059
