original performance,number of trades,q learning performance,number of trades
886.4300592697356,1367,612.8626604598293,497,1156.41506340596,1059
