original performance,number of trades,q learning performance,number of trades
886.4300592697356,1367,697.6527027159698,516,1156.41506340596,1059
