original performance,number of trades,q learning performance,number of trades
886.4300592697356,1367,663.8972468353124,1035,1156.41506340596,1059
