original performance,number of trades,q learning performance,number of trades
886.4300592697356,1367,725.6983276560337,1027,1156.41506340596,1059
