original performance,number of trades,q learning performance,number of trades
886.4300592697356,1367,637.7238639697694,1083,1156.41506340596,1059
