original performance,number of trades,q learning performance,number of trades
886.4300592697356,1367,657.1188607428714,1053,1156.41506340596,1059
