original performance,number of trades,q learning performance,number of trades,q learning training performance,number of trades
1131.2878443244758,655,729.6393668722119,338,969.4869322650201,565
1267.118466059367,576,1902.6733431899756,114,1370.2093834355776,494
-1905.1756136838128,136,-1583.7485618591309,76,-50000,0
