original performance,number of trades,q learning performance,number of trades,q learning training performance,number of trades
1131.2878443244758,655,834.2901233412464,322,969.4869322650201,565
1267.118466059367,576,2266.6109356258225,92,1370.2093834355776,494
-1905.1756136838128,136,-1499.6722751416658,76,-50000,0
