original performance,number of trades,q learning performance,number of trades
886.4300592697356,1367,626.4586606239483,513,1156.41506340596,1059
