original performance,number of trades,q learning performance,number of trades
886.4300592697356,1367,724.7675878230357,745,1156.41506340596,1059
