original performance,number of trades,q learning performance,number of trades
886.4300592697356,1367,705.1355513573609,1041,1156.41506340596,1059
