original performance,number of trades,q learning performance,number of trades
810.935795511798,1948,654.0817005190808,1602,840.0782686454843,767
