original performance,number of trades,q learning performance,number of trades
810.935795511798,1948,636.3481221723,1629,846.3676692261379,767
