original performance,number of trades,q learning performance,number of trades
737.1249886324573,1794,799.4060990832617,1502,491.57492191499455,702
