original performance,number of trades,q learning performance,number of trades
737.1249886324573,1794,803.4167225495704,1503,488.93437516519487,702
