original performance,number of trades,q learning performance,number of trades
737.1249886324573,1794,772.5978225697726,1484,488.93437516519487,702
