original performance,number of trades,q learning performance,number of trades
737.1249886324573,1794,807.2415385113646,1510,488.93437516519487,702
