original performance,number of trades,q learning performance,number of trades
737.1249886324573,1794,806.4327976825141,1511,491.57492191499455,702
