original performance,number of trades,q learning performance,number of trades
737.1249886324573,1794,776.9245183629395,1476,491.57492191499455,702
