original performance,number of trades,q learning performance,number of trades
737.1249886324573,1794,808.6905559547389,1507,491.57492191499455,702
