original performance,number of trades,q learning performance,number of trades
737.1249886324573,1794,809.1050060434113,1508,488.93437516519487,702
