original performance,number of trades,q learning performance,number of trades
737.1249886324573,1794,827.4603079988601,1504,488.93437516519487,702
