original performance,number of trades,q learning performance,number of trades
737.1249886324573,1794,806.2531520406746,1511,488.93437516519487,702
