original performance,number of trades,q learning performance,number of trades
737.1249886324573,1794,767.9241339035086,1481,491.57492191499455,702
