original performance,number of trades,q learning performance,number of trades
737.1249886324573,1794,802.1115697564245,1499,488.93437516519487,702
