original performance,number of trades,q learning performance,number of trades
737.1249886324573,1794,811.2281843355588,1502,491.57492191499455,702
