original performance,number of trades,q learning performance,number of trades
737.1249886324573,1794,816.6290392143545,1498,488.93437516519487,702
