original performance,number of trades,q learning performance,number of trades
737.1249886324573,1794,830.1116109783146,1470,491.57492191499455,702
