original performance,number of trades,q learning performance,number of trades
737.1249886324573,1794,812.1373238544489,1502,488.93437516519487,702
