original performance,number of trades,q learning performance,number of trades
737.1249886324573,1794,838.2151652442085,1476,491.57492191499455,702
