original performance,number of trades,q learning performance,number of trades
737.1249886324573,1794,812.2186166304576,1501,488.93437516519487,702
