original performance,number of trades,q learning performance,number of trades
737.1249886324573,1794,831.6727405460815,1486,488.93437516519487,702
