original performance,number of trades,q learning performance,number of trades
737.1249886324573,1794,814.8397817942301,1500,488.93437516519487,702
