original performance,number of trades,q learning performance,number of trades
737.1249886324573,1794,808.2831979190007,1508,491.57492191499455,702
