original performance,number of trades,q learning performance,number of trades
737.1249886324573,1794,809.1617688936773,1509,488.93437516519487,702
