original performance,number of trades,q learning performance,number of trades
737.1249886324573,1794,793.1182333488987,1460,491.57492191499455,702
