original performance,number of trades,q learning performance,number of trades
737.1249886324573,1794,793.4344337184564,1505,488.93437516519487,702
