original performance,number of trades,q learning performance,number of trades
737.1249886324573,1794,811.5628087473106,1506,488.93437516519487,702
