original performance,number of trades,q learning performance,number of trades
737.1249886324573,1794,769.2544349182334,1485,491.57492191499455,702
