original performance,number of trades,q learning performance,number of trades
737.1249886324573,1794,830.2965903469347,1503,488.93437516519487,702
