original performance,number of trades,q learning performance,number of trades
737.1249886324573,1794,806.0692702466906,1506,491.57492191499455,702
