original performance,number of trades,q learning performance,number of trades
737.1249886324573,1794,803.5557934895484,1511,488.93437516519487,702
