original performance,number of trades,q learning performance,number of trades
737.1249886324573,1794,808.0887134301402,1507,488.93437516519487,702
