original performance,number of trades,q learning performance,number of trades
737.1249886324573,1794,800.5771707720191,1502,488.93437516519487,702
