original performance,number of trades,q learning performance,number of trades
737.1249886324573,1794,800.29770362854,1500,491.57492191499455,702
