original performance,number of trades,q learning performance,number of trades
737.1249886324573,1794,832.9333644520153,1485,488.93437516519487,702
