original performance,number of trades,q learning performance,number of trades
737.1249886324573,1794,808.5498777608195,1509,491.57492191499455,702
