original performance,number of trades,q learning performance,number of trades
875.9376626869688,1662,884.1305839942023,1267,855.9497938546521,684
