original performance,number of trades,q learning performance,number of trades
875.9376626869688,1662,995.7864342650731,959,855.9497938546521,684
