original performance,number of trades,q learning performance,number of trades
875.9376626869688,1662,838.9978243553032,1475,855.9497938546521,684
