original performance,number of trades,q learning performance,number of trades
920.2105992423028,1559,830.2070776058149,1264,562.3062189980159,630
