original performance,number of trades,q learning performance,number of trades
920.2105992423028,1559,830.4838659782217,1389,562.3062189980159,630
