original performance,number of trades,q learning performance,number of trades
920.2105992423028,1559,818.6319826179719,1245,562.3062189980159,630
