original performance,number of trades,q learning performance,number of trades
920.2105992423028,1559,815.2102364178883,1262,562.3062189980159,630
