original performance,number of trades,q learning performance,number of trades
920.2105992423028,1559,904.8883634868421,1064,562.3062189980159,630
