original performance,number of trades,q learning performance,number of trades
920.2105992423028,1559,799.9709525264366,1253,562.3062189980159,630
