original performance,number of trades,q learning performance,number of trades,q learning training performance,number of trades
-8.917161545,468561,-66.9182873,2037,-16.2627931,2046
-4.985929665,446631,63.20575846,1904,67.40325239,2132
3.122960677,467907,10.07195165,2056,-29.04683226,2133
-2.729160471,513717,31.4063312,2218,20.26679505,2317
-4.039164266,468276,25.08950565,2058,-84.91842022,2147
-1.556824033,467183,0.923236488,2084,-83.72113281,2312
2.991785436,446291,-27.96202529,1959,-56.12147826,1878
-6.373130725,467879,43.2359862,2047,-18.3588782,1080
