original performance,number of trades,q learning performance,number of trades
-59.92019241323687,1637,-100.84973742225752,868,37.63826394612509,673
