original performance,number of trades,q learning performance,number of trades
-59.92019241323687,1637,-96.62927072554125,1442,37.737076508520616,673
