original performance,number of trades,q learning performance,number of trades
-59.92019241323687,1637,-113.92279957962714,1126,37.737076508520616,673
