original performance,number of trades,q learning performance,number of trades
-59.92019241323687,1637,-60.24169879694519,1447,37.737076508520616,673
