original performance,number of trades,q learning performance,number of trades
-59.92019241323687,1637,-61.44327731520746,1437,37.737076508520616,673
