original performance,number of trades,q learning performance,number of trades
-59.92019241323687,1637,-94.69547991552162,1451,37.63826394612509,673
