original performance,number of trades,q learning performance,number of trades
-59.92019241323687,1637,-84.39819431826065,1464,37.737076508520616,673
