original performance,number of trades,q learning performance,number of trades
-59.92019241323687,1637,-69.79327595324665,1445,37.63826394612509,673
