original performance,number of trades,q learning performance,number of trades
-59.92019241323687,1637,-140.111378648546,900,37.737076508520616,673
