original performance,number of trades,q learning performance,number of trades
-59.92019241323687,1637,-78.44430457689485,1448,37.737076508520616,673
