original performance,number of trades,q learning performance,number of trades
-59.92019241323687,1637,-56.645574166921264,895,37.737076508520616,673
