original performance,number of trades,q learning performance,number of trades
-59.92019241323687,1637,-109.02665823517168,1417,37.737076508520616,673
