original performance,number of trades,q learning performance,number of trades
920.2105992423028,1559,815.014842892112,1366,611.1317580720515,602
