original performance,number of trades,q learning performance,number of trades
-306.02783732586596,1245,-250.0838226589493,1013,-80.70337324382878,952
