original performance,number of trades,q learning performance,number of trades
-306.02783732586596,1245,-248.80851905747215,1010,-80.70337324382878,952
