original performance,number of trades,q learning performance,number of trades
-306.02783732586596,1245,-244.4334664774839,1009,-80.70337324382878,952
