original performance,number of trades,q learning performance,number of trades
-306.02783732586596,1245,-189.37203237474293,547,-80.70337324382878,952
