original performance,number of trades,q learning performance,number of trades,q learning training performance,number of trades
-364.9401205362488,522,-273.2947059683248,441,-224.73551087460277,472
94.36014963513814,561,92.80233909970238,441,60.928228759765624,480
-1502.7281388647762,162,-1258.5269090605946,123,-50000,0
