original performance,number of trades,q learning performance,number of trades
-306.02783732586596,1245,-166.2378302556818,550,-80.70337324382878,952
