original performance,number of trades,q learning performance,number of trades,q learning training performance,number of trades
-364.9401205362488,522,9.78013757393185,354,-224.73551087460277,472
94.36014963513814,561,149.96469749594635,212,60.928228759765624,480
-1502.7281388647762,162,-1578.07580301036,92,-50000,0
