original performance,number of trades,q learning performance,number of trades
-306.02783732586596,1245,-190.67660908830274,545,-80.70337324382878,952
