original performance,number of trades,q learning performance,number of trades
-306.02783732586596,1245,-167.06426946297967,658,-80.70337324382878,952
