original performance,number of trades,q learning performance,number of trades
-306.02783732586596,1245,-179.85324855404005,543,-80.70337324382878,952
