original performance,number of trades,q learning performance,number of trades,q learning training performance,number of trades
-364.9401205362488,522,-275.04037655101104,442,-224.73551087460277,472
94.36014963513814,561,26.83928228118009,447,60.928228759765624,480
-1502.7281388647762,162,-1234.9894898469784,121,-50000,0
