original performance,number of trades,q learning performance,number of trades
-306.02783732586596,1245,-247.1498439622962,1012,-80.70337324382878,952
