original performance,number of trades,q learning performance,number of trades
-306.02783732586596,1245,-237.25526296734094,998,-80.70337324382878,952
