original performance,number of trades,q learning performance,number of trades
-306.02783732586596,1245,-245.22191842461015,994,-80.70337324382878,952
