original performance,number of trades,q learning performance,number of trades
-306.02783732586596,1245,-241.01458268873762,1010,-80.70337324382878,952
