original performance,number of trades,q learning performance,number of trades
-306.02783732586596,1245,-144.18285621905363,669,-80.70337324382878,952
