original performance,number of trades,q learning performance,number of trades
-306.02783732586596,1245,-202.13091839800825,546,-80.70337324382878,952
