original performance,number of trades,q learning performance,number of trades
-306.02783732586596,1245,-240.2018059624566,1008,-80.70337324382878,952
