original performance,number of trades,q learning performance,number of trades
-306.02783732586596,1245,-141.56102126801085,668,-80.70337324382878,952
