original performance,number of trades,q learning performance,number of trades
-306.02783732586596,1245,-175.77352143744224,541,-80.70337324382878,952
