original performance,number of trades,q learning performance,number of trades
-306.02783732586596,1245,-256.44001537360765,1010,-80.70337324382878,952
