original performance,number of trades,q learning performance,number of trades
-306.02783732586596,1245,-238.95120433020213,1008,-80.70337324382878,952
