original performance,number of trades,q learning performance,number of trades
-306.02783732586596,1245,-162.23965748246894,664,-80.70337324382878,952
