original performance,number of trades,q learning performance,number of trades
-306.02783732586596,1245,-240.74451961498318,1003,-80.70337324382878,952
