original performance,number of trades,q learning performance,number of trades
-306.02783732586596,1245,-242.9750706376963,1003,-80.70337324382878,952
