original performance,number of trades,q learning performance,number of trades
-306.02783732586596,1245,-237.48749082652523,1006,-80.70337324382878,952
