original performance,number of trades,q learning performance,number of trades
-306.02783732586596,1245,-230.1869136221662,998,-80.70337324382878,952
