original performance,number of trades,q learning performance,number of trades
-306.02783732586596,1245,-164.76587616891572,660,-80.70337324382878,952
