original performance,number of trades,q learning performance,number of trades
-306.02783732586596,1245,-161.3904324903229,662,-80.70337324382878,952
