original performance,number of trades,q learning performance,number of trades
-306.02783732586596,1245,-245.8832279969768,1013,-80.70337324382878,952
