original performance,number of trades,q learning performance,number of trades
-306.02783732586596,1245,-182.59882883781935,548,-80.70337324382878,952
