original performance,number of trades,q learning performance,number of trades,q learning training performance,number of trades
-364.9401205362488,522,-4.454454362896127,355,-224.73551087460277,472
94.36014963513814,561,208.68260128997093,215,60.928228759765624,480
-1502.7281388647762,162,-1411.5531190814395,99,-50000,0
