original performance,number of trades,q learning performance,number of trades
-306.02783732586596,1245,-233.2297946303638,1005,-80.70337324382878,952
