original performance,number of trades,q learning performance,number of trades
-306.02783732586596,1245,-246.0932062322443,1012,-80.70337324382878,952
