original performance,number of trades,q learning performance,number of trades
-306.02783732586596,1245,-185.44091648910984,660,-80.70337324382878,952
