original performance,number of trades,q learning performance,number of trades
-306.02783732586596,1245,-250.21860081634068,1013,-80.70337324382878,952
