original performance,number of trades,q learning performance,number of trades
-306.02783732586596,1245,-244.47620835134634,1012,-80.70337324382878,952
