original performance,number of trades,q learning performance,number of trades
-306.02783732586596,1245,-260.51958091405464,993,-80.70337324382878,952
