original performance,number of trades,q learning performance,number of trades
-306.02783732586596,1245,-243.05142875339675,1012,-80.70337324382878,952
