original performance,number of trades,q learning performance,number of trades
-306.02783732586596,1245,-246.74881905761234,1007,-80.70337324382878,952
