original performance,number of trades,q learning performance,number of trades
-306.02783732586596,1245,-244.83750062785919,1011,-80.70337324382878,952
