original performance,number of trades,q learning performance,number of trades
-306.02783732586596,1245,-235.95713426190403,1012,-80.70337324382878,952
