original performance,number of trades,q learning performance,number of trades
-306.02783732586596,1245,-191.412723548285,543,-80.70337324382878,952
