original performance,number of trades,q learning performance,number of trades
-306.02783732586596,1245,-252.75871463233926,1007,-80.70337324382878,952
