original performance,number of trades,q learning performance,number of trades
-306.02783732586596,1245,-241.88846078503272,1012,-80.70337324382878,952
