original performance,number of trades,q learning performance,number of trades
-306.02783732586596,1245,-247.40135145990772,1009,-80.70337324382878,952
