original performance,number of trades,q learning performance,number of trades
-306.02783732586596,1245,-240.84579510243228,1006,-80.70337324382878,952
