original performance,number of trades,q learning performance,number of trades
-306.02783732586596,1245,-218.8225659904363,977,-80.70337324382878,952
