original performance,number of trades,q learning performance,number of trades
-512.3732065736104,1721,-391.25734034328593,1551,-469.0175821055537,644
