original performance,number of trades,q learning performance,number of trades
-512.3732065736104,1721,-406.15883544489003,1551,-491.8381286289381,644
