original performance,number of trades,q learning performance,number of trades
-512.3732065736104,1721,-397.01200041288257,1551,-491.356538357942,644
