original performance,number of trades,q learning performance,number of trades
-512.3732065736104,1721,-408.28107138356853,1550,-495.06817577196205,644
