original performance,number of trades,q learning performance,number of trades
-512.3732065736104,1721,-382.4084426267952,1546,-474.14347524228305,644
