original performance,number of trades,q learning performance,number of trades
-512.3732065736104,1721,-408.3469398370227,1546,-488.1264912149181,644
