original performance,number of trades,q learning performance,number of trades
-512.3732065736104,1721,-414.07243400672814,1540,-491.8381286289381,644
