original performance,number of trades,q learning performance,number of trades
-512.3732065736104,1721,-404.7883601237818,1552,-495.06817577196205,644
