original performance,number of trades,q learning performance,number of trades
-512.3732065736104,1721,-410.81714370894787,1551,-495.06817577196205,644
