original performance,number of trades,q learning performance,number of trades,q learning training performance,number of trades
210.30624505464672,527,317.26495262576043,479,-1162.0559271240234,225
-338.48053338045537,539,-534.5185080010659,503,168.62689149534546,231
-1211.2530299987793,500,-869.8084248883232,451,-501.24459132742373,188
-1319.7300462292087,155,-1070.4353929486192,114,-50000,0
