original performance,number of trades,q learning performance,number of trades
-512.3732065736104,1721,-404.4958661962985,1551,-491.8381286289381,644
