original performance,number of trades,q learning performance,number of trades
-512.3732065736104,1721,-406.51461026577266,1541,-495.06817577196205,644
