original performance,number of trades,q learning performance,number of trades
-512.3732065736104,1721,-409.9590296988177,1551,-485.73912562494695,644
