original performance,number of trades,q learning performance,number of trades
-512.3732065736104,1721,-404.9881952620044,1552,-489.9422826352327,644
