original performance,number of trades,q learning performance,number of trades
-512.3732065736104,1721,-397.51389415950837,1545,-495.06817577196205,644
