original performance,number of trades,q learning performance,number of trades
-512.3732065736104,1721,-400.1478809873519,1550,-485.73912562494695,644
