original performance,number of trades,q learning performance,number of trades
-512.3732065736104,1721,-398.86949581460857,1552,-470.9134280992591,644
