original performance,number of trades,q learning performance,number of trades
-512.3732065736104,1721,-397.34845424927386,1552,-469.0175821055537,644
