original performance,number of trades,q learning performance,number of trades
-512.3732065736104,1721,-408.3572799019192,1541,-495.06817577196205,644
