original performance,number of trades,q learning performance,number of trades
-512.3732065736104,1721,-408.0194774644947,1547,-491.8381286289381,644
