original performance,number of trades,q learning performance,number of trades
-512.3732065736104,1721,-405.82717107989123,1552,-485.73912562494695,644
