original performance,number of trades,q learning performance,number of trades
-512.3732065736104,1721,-400.26300804876513,1550,-488.1264912149181,644
