original performance,number of trades,q learning performance,number of trades
-512.3732065736104,1721,-406.7209584219543,1551,-489.45076303896695,644
