original performance,number of trades,q learning performance,number of trades
-512.3732065736104,1721,-406.59047672903824,1551,-495.06817577196205,644
