original performance,number of trades,q learning performance,number of trades
-512.3732065736104,1721,-406.79870809967986,1552,-491.356538357942,644
