original performance,number of trades,q learning performance,number of trades
-512.3732065736104,1721,-399.7830952390528,1548,-495.06817577196205,644
