original performance,number of trades,q learning performance,number of trades
-512.3732065736104,1721,-396.3167827089371,1550,-495.06817577196205,644
