original performance,number of trades,q learning performance,number of trades
-512.3732065736104,1721,-414.28327716603576,1551,-491.8381286289381,644
