original performance,number of trades,q learning performance,number of trades
-512.3732065736104,1721,-404.2870328745891,1552,-468.52606250928795,644
