original performance,number of trades,q learning performance,number of trades
-512.3732065736104,1721,-395.47076979734913,1551,-489.9422826352327,644
