original performance,number of trades,q learning performance,number of trades
-512.3732065736104,1721,-409.6791493720615,1552,-495.06817577196205,644
