original performance,number of trades,q learning performance,number of trades
775.816792433679,1069,496.6203402005709,611,1013.207724869672,850
