original performance,number of trades,q learning performance,number of trades
775.816792433679,1069,495.45958417155356,502,1013.207724869672,850
