original performance,number of trades,q learning performance,number of trades
775.816792433679,1069,890.102356571335,888,1013.207724869672,850
