original performance,number of trades,q learning performance,number of trades
775.816792433679,1069,614.7791400158499,635,1013.207724869672,850
