original performance,number of trades,q learning performance,number of trades
775.816792433679,1069,529.4275764389794,505,1013.207724869672,850
