original performance,number of trades,q learning performance,number of trades
775.816792433679,1069,712.4153521219889,840,1013.207724869672,850
