original performance,number of trades,q learning performance,number of trades,q learning training performance,number of trades
963.2028930367775,515,728.0968663521782,433,804.1623113383417,460
1145.6486915406726,420,1410.193218295675,355,1259.7741100604717,390
-1103.5357406673147,134,-591.3789447985197,114,-50000,0
