original performance,number of trades,q learning performance,number of trades,q learning training performance,number of trades
963.2028930367775,515,636.5885279206537,427,804.1623113383417,460
1145.6486915406726,420,1452.5688020274752,336,1259.7741100604717,390
-1103.5357406673147,134,-795.627034526226,121,-50000,0
