original performance,number of trades,q learning performance,number of trades,q learning training performance,number of trades
963.2028930367775,515,503.1303695203017,417,804.1623113383417,460
1145.6486915406726,420,997.6406458477642,301,1259.7741100604717,390
-1103.5357406673147,134,-367.1573151282544,106,-50000,0
