original performance,number of trades,q learning performance,number of trades,q learning training performance,number of trades
963.2028930367775,515,691.9119098895767,279,804.1623113383417,460
1145.6486915406726,420,776.3355385520241,110,1259.7741100604717,390
-1103.5357406673147,134,-660.079552563754,88,-50000,0
