original performance,number of trades,q learning performance,number of trades,q learning training performance,number of trades
963.2028930367775,515,635.2885370630676,431,804.1623113383417,460
1145.6486915406726,420,1231.4305428884775,349,1259.7741100604717,390
-1103.5357406673147,134,-735.1177854699604,118,-50000,0
