original performance,number of trades,q learning performance,number of trades,q learning training performance,number of trades
963.2028930367775,515,680.2676053978931,435,804.1623113383417,460
1145.6486915406726,420,1247.6107420001113,342,1259.7741100604717,390
-1103.5357406673147,134,-572.1223270737122,107,-50000,0
