original performance,number of trades,q learning performance,number of trades
775.816792433679,1069,362.0263948950748,486,1013.207724869672,850
