original performance,number of trades,q learning performance,number of trades
775.816792433679,1069,334.0203633561509,471,1013.207724869672,850
