original performance,number of trades,q learning performance,number of trades,q learning training performance,number of trades
963.2028930367775,515,576.2338678566806,415,804.1623113383417,460
1145.6486915406726,420,1582.5129014514741,315,1259.7741100604717,390
-1103.5357406673147,134,-632.6810382316852,116,-50000,0
