original performance,number of trades,q learning performance,number of trades
775.816792433679,1069,502.1508904064403,476,1013.207724869672,850
