original performance,number of trades,q learning performance,number of trades
775.816792433679,1069,724.0059257730261,616,1013.207724869672,850
