original performance,number of trades,q learning performance,number of trades
775.816792433679,1069,819.283223085425,886,1013.207724869672,850
