original performance,number of trades,q learning performance,number of trades,q learning training performance,number of trades
963.2028930367775,515,587.3096450367613,418,804.1623113383417,460
1145.6486915406726,420,1626.1828716993332,320,1259.7741100604717,390
-1103.5357406673147,134,-647.9627338344768,118,-50000,0
