original performance,number of trades,q learning performance,number of trades
775.816792433679,1069,857.9490220212651,835,1013.207724869672,850
