original performance,number of trades,q learning performance,number of trades
775.816792433679,1069,686.8983521790706,898,1013.207724869672,850
