original performance,number of trades,q learning performance,number of trades,q learning training performance,number of trades
963.2028930367775,515,709.3916394788165,430,804.1623113383417,460
1145.6486915406726,420,1669.9103509552624,343,1259.7741100604717,390
-1103.5357406673147,134,-760.0588062452233,115,-50000,0
