original performance,number of trades,q learning performance,number of trades,q learning training performance,number of trades
963.2028930367775,515,674.0638501232207,382,804.1623113383417,460
1145.6486915406726,420,1009.1286545016549,176,1259.7741100604717,390
-1103.5357406673147,134,-498.7145024129789,73,-50000,0
