original performance,number of trades,q learning performance,number of trades
775.816792433679,1069,825.9355437029963,920,1013.207724869672,850
