original performance,number of trades,q learning performance,number of trades
775.816792433679,1069,873.5097134284582,877,1013.207724869672,850
