original performance,number of trades,q learning performance,number of trades
775.816792433679,1069,715.6690757819508,897,1013.207724869672,850
