original performance,number of trades,q learning performance,number of trades
775.816792433679,1069,585.892931429342,626,1013.207724869672,850
