original performance,number of trades,q learning performance,number of trades,q learning training performance,number of trades
963.2028930367775,515,669.52749814153,423,804.1623113383417,460
1145.6486915406726,420,1526.4394160352435,350,1259.7741100604717,390
-1103.5357406673147,134,-744.494745610124,118,-50000,0
