original performance,number of trades,q learning performance,number of trades,q learning training performance,number of trades
963.2028930367775,515,695.2121978024824,436,804.1623113383417,460
1145.6486915406726,420,1469.3722627316301,342,1259.7741100604717,390
-1103.5357406673147,134,-660.2375847470444,113,-50000,0
