original performance,number of trades,q learning performance,number of trades
775.816792433679,1069,447.42457175678504,619,1013.207724869672,850
