original performance,number of trades,q learning performance,number of trades
775.816792433679,1069,908.3441218046669,877,1013.207724869672,850
