original performance,number of trades,q learning performance,number of trades
775.816792433679,1069,825.2223188443618,880,1013.207724869672,850
