original performance,number of trades,q learning performance,number of trades,q learning training performance,number of trades
963.2028930367775,515,831.3666707658925,303,804.1623113383417,460
1145.6486915406726,420,194.38024676513672,125,1259.7741100604717,390
-1103.5357406673147,134,-407.70695271492,80,-50000,0
