original performance,number of trades,q learning performance,number of trades
775.816792433679,1069,375.7981607855054,607,1013.207724869672,850
