original performance,number of trades,q learning performance,number of trades
775.816792433679,1069,778.486101034786,890,1013.207724869672,850
