original performance,number of trades,q learning performance,number of trades
775.816792433679,1069,825.0301131166281,847,1013.207724869672,850
