original performance,number of trades,q learning performance,number of trades
775.816792433679,1069,792.4153224180204,793,1013.207724869672,850
