original performance,number of trades,q learning performance,number of trades,q learning training performance,number of trades
963.2028930367775,515,707.741983852476,426,804.1623113383417,460
1145.6486915406726,420,1233.807177889347,320,1259.7741100604717,390
-1103.5357406673147,134,-667.0478927192338,109,-50000,0
