original performance,number of trades,q learning performance,number of trades
775.816792433679,1069,790.6334020397879,880,1013.207724869672,850
