original performance,number of trades,q learning performance,number of trades
775.816792433679,1069,764.4080978445163,887,1013.207724869672,850
