original performance,number of trades,q learning performance,number of trades
775.816792433679,1069,848.7492946183906,848,1013.207724869672,850
