original performance,number of trades,q learning performance,number of trades,q learning training performance,number of trades
963.2028930367775,515,706.1146303392807,424,804.1623113383417,460
1145.6486915406726,420,1451.8519046132158,328,1259.7741100604717,390
-1103.5357406673147,134,-613.6356181932532,115,-50000,0
