original performance,number of trades,q learning performance,number of trades,q learning training performance,number of trades
963.2028930367775,515,707.9812169884735,424,804.1623113383417,460
1145.6486915406726,420,1499.293958714578,339,1259.7741100604717,390
-1103.5357406673147,134,-702.9833113189436,117,-50000,0
