original performance,number of trades,q learning performance,number of trades
775.816792433679,1069,748.169901714066,884,1013.207724869672,850
