original performance,number of trades,q learning performance,number of trades
775.816792433679,1069,903.959369419398,890,1013.207724869672,850
