original performance,number of trades,q learning performance,number of trades
775.816792433679,1069,901.597866285571,873,1013.207724869672,850
