original performance,number of trades,q learning performance,number of trades,q learning training performance,number of trades
963.2028930367775,515,524.6250443655789,411,804.1623113383417,460
1145.6486915406726,420,1627.1991701433735,310,1259.7741100604717,390
-1103.5357406673147,134,-412.75576698996804,110,-50000,0
