original performance,number of trades,q learning performance,number of trades
775.816792433679,1069,479.49818084746835,508,1013.207724869672,850
