original performance,number of trades,q learning performance,number of trades
775.816792433679,1069,868.9015948179081,884,1013.207724869672,850
