original performance,number of trades,q learning performance,number of trades,q learning training performance,number of trades
963.2028930367775,515,664.411873336232,436,804.1623113383417,460
1145.6486915406726,420,1208.8572893088206,350,1259.7741100604717,390
-1103.5357406673147,134,-638.094297804274,111,-50000,0
