original performance,number of trades,q learning performance,number of trades
775.816792433679,1069,913.5505925918808,867,1013.207724869672,850
