original performance,number of trades,q learning performance,number of trades
775.816792433679,1069,894.4945921504677,861,1013.207724869672,850
