original performance,number of trades,q learning performance,number of trades
775.816792433679,1069,854.9260193286771,881,1013.207724869672,850
