original performance,number of trades,q learning performance,number of trades
775.816792433679,1069,818.870423506406,891,1013.207724869672,850
