original performance,number of trades,q learning performance,number of trades
775.816792433679,1069,631.842908499547,631,1013.207724869672,850
