original performance,number of trades,q learning performance,number of trades
775.816792433679,1069,805.3905934307063,856,1013.207724869672,850
