original performance,number of trades,q learning performance,number of trades
775.816792433679,1069,468.1773405713037,583,1013.207724869672,850
