original performance,number of trades,q learning performance,number of trades
775.816792433679,1069,792.0708257603889,883,1013.207724869672,850
