original performance,number of trades,q learning performance,number of trades,q learning training performance,number of trades
963.2028930367775,515,799.0955985276858,317,804.1623113383417,460
1145.6486915406726,420,433.045847341555,109,1259.7741100604717,390
-1103.5357406673147,134,-419.67564546609225,79,-50000,0
