original performance,number of trades,q learning performance,number of trades,q learning training performance,number of trades
963.2028930367775,515,695.474706681344,423,804.1623113383417,460
1145.6486915406726,420,1731.2611329978872,321,1259.7741100604717,390
-1103.5357406673147,134,-681.7160750169021,117,-50000,0
