original performance,number of trades,q learning performance,number of trades
775.816792433679,1069,448.39742055324194,607,1013.207724869672,850
