original performance,number of trades,q learning performance,number of trades
775.816792433679,1069,913.8321476047469,883,1013.207724869672,850
