original performance,number of trades,q learning performance,number of trades,q learning training performance,number of trades
963.2028930367775,515,664.6279581681906,427,804.1623113383417,460
1145.6486915406726,420,1554.290750092375,334,1259.7741100604717,390
-1103.5357406673147,134,-678.9922428975063,113,-50000,0
