original performance,number of trades,q learning performance,number of trades,q learning training performance,number of trades
963.2028930367775,515,648.8763314020066,420,804.1623113383417,460
1145.6486915406726,420,1721.7923650514513,336,1259.7741100604717,390
-1103.5357406673147,134,-799.557129688752,117,-50000,0
