original performance,number of trades,q learning performance,number of trades,q learning training performance,number of trades
963.2028930367775,515,693.5666623590117,422,804.1623113383417,460
1145.6486915406726,420,1708.3658706440644,340,1259.7741100604717,390
-1103.5357406673147,134,-835.0637350864098,122,-50000,0
