original performance,number of trades,q learning performance,number of trades,q learning training performance,number of trades
963.2028930367775,515,691.7916400232048,428,804.1623113383417,460
1145.6486915406726,420,1442.7517580562794,338,1259.7741100604717,390
-1103.5357406673147,134,-720.8408291156476,117,-50000,0
