original performance,number of trades,q learning performance,number of trades,q learning training performance,number of trades
963.2028930367775,515,616.7875402369206,422,804.1623113383417,460
1145.6486915406726,420,1749.5448857663282,335,1259.7741100604717,390
-1103.5357406673147,134,-672.745512008667,116,-50000,0
