original performance,number of trades,q learning performance,number of trades,q learning training performance,number of trades
963.2028930367775,515,641.586689425003,293,804.1623113383417,460
1145.6486915406726,420,130.46967648445292,94,1259.7741100604717,390
-1103.5357406673147,134,-511.0173625037784,84,-50000,0
