original performance,number of trades,q learning performance,number of trades,q learning training performance,number of trades
963.2028930367775,515,721.7785760231737,424,804.1623113383417,460
1145.6486915406726,420,1719.4726361401508,346,1259.7741100604717,390
-1103.5357406673147,134,-803.7317462921143,120,-50000,0
