original performance,number of trades,q learning performance,number of trades
775.816792433679,1069,875.8879682193293,856,1013.207724869672,850
