original performance,number of trades,q learning performance,number of trades,q learning training performance,number of trades
963.2028930367775,515,540.4158827328513,423,804.1623113383417,460
1145.6486915406726,420,1574.3506573442453,313,1259.7741100604717,390
-1103.5357406673147,134,-601.768974868111,115,-50000,0
