original performance,number of trades,q learning performance,number of trades
775.816792433679,1069,693.8785914887864,901,1013.207724869672,850
