original performance,number of trades,q learning performance,number of trades
775.816792433679,1069,853.9262629279068,896,1013.207724869672,850
