original performance,number of trades,q learning performance,number of trades
775.816792433679,1069,854.4631255748861,882,1013.207724869672,850
