original performance,number of trades,q learning performance,number of trades,q learning training performance,number of trades
963.2028930367775,515,671.85891015953,428,804.1623113383417,460
1145.6486915406726,420,1559.564083121871,339,1259.7741100604717,390
-1103.5357406673147,134,-553.1404798072681,114,-50000,0
