original performance,number of trades,q learning performance,number of trades
775.816792433679,1069,829.7864034572356,902,1013.207724869672,850
