original performance,number of trades,q learning performance,number of trades
775.816792433679,1069,799.2354512778195,880,1013.207724869672,850
