original performance,number of trades,q learning performance,number of trades
775.816792433679,1069,586.9248370998785,608,1013.207724869672,850
