original performance,number of trades,q learning performance,number of trades,q learning training performance,number of trades
963.2028930367775,515,593.0150509621333,412,804.1623113383417,460
1145.6486915406726,420,1400.8573748475103,311,1259.7741100604717,390
-1103.5357406673147,134,-697.0935794145634,117,-50000,0
