original performance,number of trades,q learning performance,number of trades,q learning training performance,number of trades
963.2028930367775,515,629.0295262298173,371,804.1623113383417,460
1145.6486915406726,420,921.1460168135793,190,1259.7741100604717,390
-1103.5357406673147,134,-673.2510223933629,70,-50000,0
