original performance,number of trades,q learning performance,number of trades
775.816792433679,1069,766.3504606755724,851,1013.207724869672,850
