original performance,number of trades,q learning performance,number of trades,q learning training performance,number of trades
963.2028930367775,515,667.8892921811058,420,804.1623113383417,460
1145.6486915406726,420,1768.9160471520056,325,1259.7741100604717,390
-1103.5357406673147,134,-673.8141118065786,118,-50000,0
