original performance,number of trades,q learning performance,number of trades
775.816792433679,1069,494.4312646357459,529,1013.207724869672,850
