original performance,number of trades,q learning performance,number of trades,q learning training performance,number of trades
963.2028930367775,515,670.0833885122877,436,804.1623113383417,460
1145.6486915406726,420,1301.6890845325706,354,1259.7741100604717,390
-1103.5357406673147,134,-631.6509460710053,117,-50000,0
