original performance,number of trades,q learning performance,number of trades
775.816792433679,1069,454.3154116686298,633,1013.207724869672,850
