original performance,number of trades,q learning performance,number of trades,q learning training performance,number of trades
963.2028930367775,515,571.0772267895109,367,804.1623113383417,460
1145.6486915406726,420,719.6787840341557,173,1259.7741100604717,390
-1103.5357406673147,134,-431.7569578466281,71,-50000,0
