original performance,number of trades,q learning performance,number of trades
775.816792433679,1069,769.2679117198313,858,1013.207724869672,850
