original performance,number of trades,q learning performance,number of trades,q learning training performance,number of trades
963.2028930367775,515,733.1959496568513,298,804.1623113383417,460
1145.6486915406726,420,849.9341641675245,111,1259.7741100604717,390
-1103.5357406673147,134,-548.7615284587062,86,-50000,0
