original performance,number of trades,q learning performance,number of trades
775.816792433679,1069,845.0034075711285,853,1013.207724869672,850
