original performance,number of trades,q learning performance,number of trades
775.816792433679,1069,862.0577215743148,859,1013.207724869672,850
