original performance,number of trades,q learning performance,number of trades
775.816792433679,1069,768.5331943293018,906,1013.207724869672,850
