original performance,number of trades,q learning performance,number of trades
775.816792433679,1069,303.42457652736357,518,1013.207724869672,850
