original performance,number of trades,q learning performance,number of trades,q learning training performance,number of trades
963.2028930367775,515,676.0950975751543,429,804.1623113383417,460
1145.6486915406726,420,1681.6872353011263,334,1259.7741100604717,390
-1103.5357406673147,134,-751.406269943505,114,-50000,0
