original performance,number of trades,q learning performance,number of trades
775.816792433679,1069,536.6496843896731,495,1013.207724869672,850
