original performance,number of trades,q learning performance,number of trades
775.816792433679,1069,897.678553929612,876,1013.207724869672,850
