original performance,number of trades,q learning performance,number of trades
775.816792433679,1069,684.5830459594727,857,1013.207724869672,850
