original performance,number of trades,q learning performance,number of trades
775.816792433679,1069,820.4612626483545,891,1013.207724869672,850
