original performance,number of trades,q learning performance,number of trades,q learning training performance,number of trades
963.2028930367775,515,524.7504306393372,353,804.1623113383417,460
1145.6486915406726,420,779.4323176476263,155,1259.7741100604717,390
-1103.5357406673147,134,-441.35362263997393,75,-50000,0
