original performance,number of trades,q learning performance,number of trades
775.816792433679,1069,893.0144220021444,842,1013.207724869672,850
