original performance,number of trades,q learning performance,number of trades,q learning training performance,number of trades
963.2028930367775,515,657.1667026416676,370,804.1623113383417,460
1145.6486915406726,420,476.0144655910539,162,1259.7741100604717,390
-1103.5357406673147,134,-641.1838550313314,75,-50000,0
