original performance,number of trades,q learning performance,number of trades,q learning training performance,number of trades
963.2028930367775,515,620.0460461400835,367,804.1623113383417,460
1145.6486915406726,420,881.4243502645097,169,1259.7741100604717,390
-1103.5357406673147,134,-273.1571273803711,72,-50000,0
