original performance,number of trades,q learning performance,number of trades
775.816792433679,1069,461.95666975745115,477,1013.207724869672,850
