original performance,number of trades,q learning performance,number of trades
775.816792433679,1069,811.8525891814708,831,1013.207724869672,850
