original performance,number of trades,q learning performance,number of trades
775.816792433679,1069,785.1508495069282,846,1013.207724869672,850
