original performance,number of trades,q learning performance,number of trades
775.816792433679,1069,729.3662710401748,855,1013.207724869672,850
