original performance,number of trades,q learning performance,number of trades
810.935795511798,1948,600.3245009774143,1648,840.0782686454843,767
