original performance,number of trades,q learning performance,number of trades
810.935795511798,1948,649.5190712375193,1659,840.0782686454843,767
