original performance,number of trades,q learning performance,number of trades
810.935795511798,1948,598.5723853310186,1678,846.3676692261379,767
