original performance,number of trades,q learning performance,number of trades
810.935795511798,1948,594.4391823908761,1674,846.5014708219327,767
