original performance,number of trades,q learning performance,number of trades
810.935795511798,1948,607.1228704424046,1675,846.3676692261379,767
