original performance,number of trades,q learning performance,number of trades
810.935795511798,1948,675.4492230106309,1651,846.5014708219327,767
