original performance,number of trades,q learning performance,number of trades
810.935795511798,1948,590.4208834347002,1669,846.5014708219327,767
