original performance,number of trades,q learning performance,number of trades
810.935795511798,1948,599.5448046576913,1679,846.3676692261379,767
