original performance,number of trades,q learning performance,number of trades
810.935795511798,1948,581.345802769933,1665,846.3676692261379,767
