original performance,number of trades,q learning performance,number of trades
810.935795511798,1948,596.2087084717379,1679,844.9129987316305,767
