original performance,number of trades,q learning performance,number of trades
810.935795511798,1948,604.5925195077889,1678,846.3676692261379,767
