original performance,number of trades,q learning performance,number of trades,q learning training performance,number of trades
633.3098771691117,581,780.7748959783071,501,935.9082492965151,251
908.7061836354873,680,779.586087732507,596,1190.4892317689496,324
1547.9738105455458,551,713.1881038386647,451,148.60687828063965,192
-1905.1756136838128,136,-1790.6718324188494,117,-50000,0
