original performance,number of trades,q learning performance,number of trades
-59.92019241323687,1637,-58.56182835000955,1391,-1.0942907998728197,645
