original performance,number of trades,q learning performance,number of trades
-59.92019241323687,1637,-86.82924453166973,1396,-1.1353516571281492,645
