original performance,number of trades,q learning performance,number of trades
-59.92019241323687,1637,-92.76668472787969,1379,-1.0942907998728197,645
