original performance,number of trades,q learning performance,number of trades
-59.92019241323687,1637,-66.21214278609665,1350,-1.0322495571402617,645
