original performance,number of trades,q learning performance,number of trades
-59.92019241323687,1637,-65.26197946861772,1388,-1.0942907998728197,645
