original performance,number of trades,q learning performance,number of trades
-59.92019241323687,1637,-53.85924337906261,1374,-1.0942907998728197,645
