original performance,number of trades,q learning performance,number of trades
-59.92019241323687,1637,-58.94817720457565,1376,-1.0322495571402617,645
