original performance,number of trades,q learning performance,number of trades
-59.92019241323687,1637,-61.633617297757056,775,-1.0942907998728197,645
