original performance,number of trades,q learning performance,number of trades
-59.92019241323687,1637,-74.92295217722264,1374,-1.1353516571281492,645
