original performance,number of trades,q learning performance,number of trades
-59.92019241323687,1637,-72.6261941488687,1386,-1.0942907998728197,645
