original performance,number of trades,q learning performance,number of trades
-59.92019241323687,1637,-62.02856258470185,1372,-1.1353516571281492,645
