original performance,number of trades,q learning performance,number of trades
-59.92019241323687,1637,-84.64397593013575,1403,-1.0942907998728197,645
