original performance,number of trades,q learning performance,number of trades
-59.92019241323687,1637,-76.13491338512773,1397,-1.0942907998728197,645
