original performance,number of trades,q learning performance,number of trades
-59.92019241323687,1637,-55.69903613783523,1361,-1.0942907998728197,645
