original performance,number of trades,q learning performance,number of trades
-59.92019241323687,1637,-91.82189325777873,1388,-1.1353516571281492,645
