original performance,number of trades,q learning performance,number of trades
-59.92019241323687,1637,-64.7866011476205,1377,-1.0942907998728197,645
