original performance,number of trades,q learning performance,number of trades,q learning training performance,number of trades
52.55219128178615,510,-155.92502263490005,247,157.52119784175602,239
-52.126208994339926,490,494.9170177371003,86,-721.2629599883178,214
85.79282768041708,514,-299.93075070138707,236,604.3588864008585,192
-1166.2328744283536,123,-654.3298477172851,40,-50000,0
