original performance,number of trades,q learning performance,number of trades
-59.92019241323687,1637,-62.01917312966588,1373,-1.0942907998728197,645
