original performance,number of trades,q learning performance,number of trades
-59.92019241323687,1637,-119.17703977439258,773,-1.1353516571281492,645
