original performance,number of trades,q learning performance,number of trades
-59.92019241323687,1637,-76.36151056317476,1372,-1.1353516571281492,645
