original performance,number of trades,q learning performance,number of trades
-59.92019241323687,1637,-86.83114563763057,1418,-1.1353516571281492,645
