original performance,number of trades,q learning performance,number of trades
-59.92019241323687,1637,-177.22236510528916,609,-1.1353516571281492,645
