original performance,number of trades,q learning performance,number of trades
-59.92019241323687,1637,-80.6751949603741,1352,-1.1353516571281492,645
