original performance,number of trades,q learning performance,number of trades
-59.92019241323687,1637,-87.75095305747175,1410,-1.1973928998607073,645
