original performance,number of trades,q learning performance,number of trades
-59.92019241323687,1637,-71.72830782823313,1409,-1.1353516571281492,645
