original performance,number of trades,q learning performance,number of trades
-59.92019241323687,1637,-72.73915896296029,757,-1.1353516571281492,645
