original performance,number of trades,q learning performance,number of trades
412.6022107444022,1411,400.31436774692963,1201,128.01404008516226,519
