original performance,number of trades,q learning performance,number of trades
412.6022107444022,1411,412.66251818131934,1228,128.01404008516226,519
