original performance,number of trades,q learning performance,number of trades
412.6022107444022,1411,401.0379013162575,1208,128.01404008516226,519
