original performance,number of trades,q learning performance,number of trades
412.6022107444022,1411,408.9854556110127,1226,128.01404008516226,519
