original performance,number of trades,q learning performance,number of trades
412.6022107444022,1411,445.2181616594616,1209,128.01404008516226,519
