original performance,number of trades,q learning performance,number of trades
412.6022107444022,1411,420.33944066575737,1210,128.01404008516226,519
