original performance,number of trades,q learning performance,number of trades
412.6022107444022,1411,417.9443961263286,1226,128.01404008516226,519
