original performance,number of trades,q learning performance,number of trades
412.6022107444022,1411,410.4936809133976,1222,128.01404008516226,519
