original performance,number of trades,q learning performance,number of trades
412.6022107444022,1411,428.01566604174707,1215,128.01404008516226,519
