original performance,number of trades,q learning performance,number of trades
412.6022107444022,1411,411.0826436856898,1230,128.01404008516226,519
