original performance,number of trades,q learning performance,number of trades
412.6022107444022,1411,416.74970743148054,1220,128.01404008516226,519
