original performance,number of trades,q learning performance,number of trades
412.6022107444022,1411,405.87608451719007,1228,128.01404008516226,519
