original performance,number of trades,q learning performance,number of trades
412.6022107444022,1411,405.88357295025423,1226,128.01404008516226,519
