original performance,number of trades,q learning performance,number of trades
412.6022107444022,1411,406.1788837454731,1221,128.01404008516226,519
