original performance,number of trades,q learning performance,number of trades
886.4300592697356,1367,505.1948868060934,1160,1163.3114120049756,1126
