original performance,number of trades,q learning performance,number of trades
886.4300592697356,1367,508.19503011201556,1140,1164.7077453504871,1126
