original performance,number of trades,q learning performance,number of trades
886.4300592697356,1367,481.55309022322945,1150,1164.7077453504871,1126
