original performance,number of trades,q learning performance,number of trades
886.4300592697356,1367,503.86415700443456,1159,1164.8827914683475,1126
