original performance,number of trades,q learning performance,number of trades
886.4300592697356,1367,520.2427266416591,1145,1163.1549700843716,1126
