original performance,number of trades,q learning performance,number of trades
886.4300592697356,1367,518.5747542564046,1148,1161.8467116821723,1126
