original performance,number of trades,q learning performance,number of trades
886.4300592697356,1367,583.1785308757085,1133,1164.791649528761,1126
