original performance,number of trades,q learning performance,number of trades
886.4300592697356,1367,532.7625980609396,1150,1162.5833924667872,1126
