original performance,number of trades,q learning performance,number of trades
886.4300592697356,1367,478.1996963067264,1161,1168.2174687902204,1126
