original performance,number of trades,q learning performance,number of trades
886.4300592697356,1367,532.0029611089088,1148,1163.3114120049756,1126
