original performance,number of trades,q learning performance,number of trades
886.4300592697356,1367,486.6598003611845,1156,1164.7077453504871,1126
