original performance,number of trades,q learning performance,number of trades
886.4300592697356,1367,510.0358452602898,1155,1164.7077453504871,1126
