original performance,number of trades,q learning performance,number of trades
886.4300592697356,1367,514.5153351427161,1150,1164.7077453504871,1126
