original performance,number of trades,q learning performance,number of trades
886.4300592697356,1367,482.4046565050077,1157,1164.7077453504871,1126
