original performance,number of trades,q learning performance,number of trades,q learning training performance,number of trades
633.3098771691117,581,783.7004458490246,501,935.9082492965151,251
908.7061836354873,680,780.7012080681034,574,1190.4892317689496,324
1547.9738105455458,551,1074.2039930017984,410,149.14138778050742,192
-1905.1756136838128,136,-1632.733879168009,97,-50000,0
