original performance,number of trades,q learning performance,number of trades
810.935795511798,1948,648.0954457076164,1609,844.7791971358357,767
