original performance,number of trades,q learning performance,number of trades
810.935795511798,1948,715.9575922506185,1541,846.5014708219327,767
