original performance,number of trades,q learning performance,number of trades
810.935795511798,1948,653.5413874536011,1608,844.9129987316305,767
