original performance,number of trades,q learning performance,number of trades
810.935795511798,1948,613.7622627248905,1624,846.5014708219327,767
