original performance,number of trades,q learning performance,number of trades
810.935795511798,1948,842.6832442157612,1173,846.3676692261379,767
