original performance,number of trades,q learning performance,number of trades
810.935795511798,1948,676.9035870179882,1581,846.5014708219327,767
