original performance,number of trades,q learning performance,number of trades
810.935795511798,1948,694.9396717274292,1618,846.5014708219327,767
