original performance,number of trades,q learning performance,number of trades
810.935795511798,1948,688.4482825619273,1579,846.5014708219327,767
