original performance,number of trades,q learning performance,number of trades
810.935795511798,1948,700.3752182141021,1592,840.0782686454843,767
