original performance,number of trades,q learning performance,number of trades
810.935795511798,1948,757.3498748553479,946,846.5014708219327,767
