original performance,number of trades,q learning performance,number of trades
810.935795511798,1948,629.053791663715,1606,846.5014708219327,767
