original performance,number of trades,q learning performance,number of trades
810.935795511798,1948,630.6025764075982,1646,846.3676692261379,767
