original performance,number of trades,q learning performance,number of trades
810.935795511798,1948,668.5999233397301,1612,846.5014708219327,767
