original performance,number of trades,q learning performance,number of trades
810.935795511798,1948,638.8207301106746,1643,846.5014708219327,767
