original performance,number of trades,q learning performance,number of trades
810.935795511798,1948,601.8116575318892,1618,846.5014708219327,767
