original performance,number of trades,q learning performance,number of trades
810.935795511798,1948,767.2749203353632,1220,846.5014708219327,767
