original performance,number of trades,q learning performance,number of trades
810.935795511798,1948,637.4554715339274,1618,846.5014708219327,767
