original performance,number of trades,q learning performance,number of trades
810.935795511798,1948,639.9889780258047,1626,846.5014708219327,767
