original performance,number of trades,q learning performance,number of trades
810.935795511798,1948,748.3123618816508,957,846.5014708219327,767
