original performance,number of trades,q learning performance,number of trades
810.935795511798,1948,673.8426120909885,1608,846.5014708219327,767
