original performance,number of trades,q learning performance,number of trades
-59.92019241323687,1637,-67.92232744133757,1422,37.737076508520616,673
