original performance,number of trades,q learning performance,number of trades
-59.92019241323687,1637,-60.607449717814546,1449,37.63826394612509,673
