original performance,number of trades,q learning performance,number of trades
-59.92019241323687,1637,-95.92238840375627,1120,37.63826394612509,673
