original performance,number of trades,q learning performance,number of trades
-59.92019241323687,1637,-104.09446059547811,1085,37.63826394612509,673
