original performance,number of trades,q learning performance,number of trades
-59.92019241323687,1637,-88.87805993216378,1456,37.63826394612509,673
