original performance,number of trades,q learning performance,number of trades
-59.92019241323687,1637,-64.37288412860474,1451,37.737076508520616,673
