original performance,number of trades,q learning performance,number of trades
-59.92019241323687,1637,-80.45280231963818,1454,37.737076508520616,673
