original performance,number of trades,q learning performance,number of trades
-59.92019241323687,1637,-68.71768373177173,1454,37.737076508520616,673
