original performance,number of trades,q learning performance,number of trades
-59.92019241323687,1637,-75.89568116094026,1420,37.63826394612509,673
