original performance,number of trades,q learning performance,number of trades
-59.92019241323687,1637,-50.48659491740482,1420,37.63826394612509,673
