original performance,number of trades,q learning performance,number of trades
-59.92019241323687,1637,-135.05958182544916,1108,37.737076508520616,673
