original performance,number of trades,q learning performance,number of trades
-59.92019241323687,1637,-94.9468693921295,862,37.737076508520616,673
