original performance,number of trades,q learning performance,number of trades
-59.92019241323687,1637,-87.08669980630835,1446,37.63826394612509,673
