original performance,number of trades,q learning performance,number of trades
527.2818497973593,1839,604.8255626328138,1568,64.82861149088542,750
