original performance,number of trades,q learning performance,number of trades
527.2818497973593,1839,627.6348242361531,982,64.93268725585938,750
