original performance,number of trades,q learning performance,number of trades
908.7668842972913,1126,745.608208012904,959,944.8950233933616,885
