original performance,number of trades,q learning performance,number of trades
908.7668842972913,1126,742.3606926487786,962,944.8950233933616,885
