original performance,number of trades,q learning performance,number of trades,q learning training performance,number of trades
-144.62152081866597,344,-66.27513731703928,253,-266.0125011469694,149
1233.3175518224057,446,1360.0785454644097,198,1029.7809489323542,208
-146.10962175455032,467,-370.959141754907,242,-667.4030117458767,162
974.708362133472,154,973.3553601281118,59,-50000,0
