original performance,number of trades,q learning performance,number of trades
412.6022107444022,1411,410.2831254533446,1174,128.01404008516226,519
