original performance,number of trades,q learning performance,number of trades
412.6022107444022,1411,242.06705837097977,754,128.01404008516226,519
