original performance,number of trades,q learning performance,number of trades
412.6022107444022,1411,294.53466744618873,584,128.01404008516226,519
