original performance,number of trades,q learning performance,number of trades
412.6022107444022,1411,248.77468697799947,753,128.01404008516226,519
