original performance,number of trades,q learning performance,number of trades
412.6022107444022,1411,326.40943394848426,585,128.01404008516226,519
