original performance,number of trades,q learning performance,number of trades,q learning training performance,number of trades
-144.62152081866597,344,-235.8794418092758,315,-266.0125011469694,149
1233.3175518224057,446,1400.1416639032211,374,1029.7809489323542,208
-146.10962175455032,467,-336.45890085320724,380,-667.4030117458767,162
974.708362133472,154,1245.3002629433909,124,-50000,0
