original performance,number of trades,q learning performance,number of trades
412.6022107444022,1411,411.64672606809995,1197,128.01404008516226,519
