original performance,number of trades,q learning performance,number of trades
412.6022107444022,1411,292.7976013345921,752,128.01404008516226,519
