original performance,number of trades,q learning performance,number of trades
412.6022107444022,1411,374.49386252894146,1154,128.01404008516226,519
