original performance,number of trades,q learning performance,number of trades
412.6022107444022,1411,296.89320567547253,582,128.01404008516226,519
