original performance,number of trades,q learning performance,number of trades
412.6022107444022,1411,420.4820021801841,1172,128.01404008516226,519
