original performance,number of trades,q learning performance,number of trades
412.6022107444022,1411,385.702152003828,1198,128.01404008516226,519
