original performance,number of trades,q learning performance,number of trades
412.6022107444022,1411,382.7697702687937,1144,128.01404008516226,519
