original performance,number of trades,q learning performance,number of trades
412.6022107444022,1411,432.81576106657906,1153,128.01404008516226,519
