original performance,number of trades,q learning performance,number of trades
412.6022107444022,1411,378.5354153307259,1197,128.01404008516226,519
