original performance,number of trades,q learning performance,number of trades
412.6022107444022,1411,397.8287853720962,1208,128.01404008516226,519
