original performance,number of trades,q learning performance,number of trades
412.6022107444022,1411,417.0100497844457,1182,128.01404008516226,519
