original performance,number of trades,q learning performance,number of trades
412.6022107444022,1411,413.5942145225986,1192,128.01404008516226,519
