original performance,number of trades,q learning performance,number of trades
412.6022107444022,1411,263.37708156489947,757,128.01404008516226,519
