original performance,number of trades,q learning performance,number of trades
412.6022107444022,1411,400.86415438752636,1185,128.01404008516226,519
