original performance,number of trades,q learning performance,number of trades
412.6022107444022,1411,379.6340440053366,1147,128.01404008516226,519
