original performance,number of trades,q learning performance,number of trades
412.6022107444022,1411,391.6502866587841,1153,128.01404008516226,519
