original performance,number of trades,q learning performance,number of trades
875.9376626869688,1662,949.8766623424364,1234,855.9497938546521,684
