original performance,number of trades,q learning performance,number of trades
875.9376626869688,1662,946.3346848354018,1247,855.9497938546521,684
