original performance,number of trades,q learning performance,number of trades
875.9376626869688,1662,993.898252097772,1249,855.9497938546521,684
