original performance,number of trades,q learning performance,number of trades
875.9376626869688,1662,841.1907494063283,1471,855.9497938546521,684
