original performance,number of trades,q learning performance,number of trades
875.9376626869688,1662,872.2696113796025,1456,855.9497938546521,684
