original performance,number of trades,q learning performance,number of trades
875.9376626869688,1662,867.5304864062973,1446,855.9497938546521,684
