original performance,number of trades,q learning performance,number of trades,q learning training performance,number of trades
743.2025753518809,552,703.1443218490452,412,1888.778378406203,249
848.3742992604962,524,1524.9592606281985,287,787.5131085431134,270
1280.0825700239702,440,1183.0781927028625,238,-590.6951305042613,165
258.74048060587006,146,733.4793960746678,87,-50000,0
