original performance,number of trades,q learning performance,number of trades
875.9376626869688,1662,999.9244808173809,986,855.9497938546521,684
