original performance,number of trades,q learning performance,number of trades
875.9376626869688,1662,871.2440316875094,1457,855.9497938546521,684
