original performance,number of trades,q learning performance,number of trades
875.9376626869688,1662,977.0362021536638,981,855.9497938546521,684
