original performance,number of trades,q learning performance,number of trades
875.9376626869688,1662,987.5997045217467,968,855.9497938546521,684
