original performance,number of trades,q learning performance,number of trades
875.9376626869688,1662,915.8997468879423,1245,855.9497938546521,684
