original performance,number of trades,q learning performance,number of trades
875.9376626869688,1662,850.5223149648717,1467,855.9497938546521,684
