original performance,number of trades,q learning performance,number of trades
875.9376626869688,1662,849.9354670041299,1476,855.9497938546521,684
