original performance,number of trades,q learning performance,number of trades
875.9376626869688,1662,873.3662224846918,1258,855.9497938546521,684
