original performance,number of trades,q learning performance,number of trades
920.2105992423028,1559,813.2851509617554,1108,610.342721527201,602
