original performance,number of trades,q learning performance,number of trades
920.2105992423028,1559,820.725921474359,1365,611.1317580720515,602
