original performance,number of trades,q learning performance,number of trades
920.2105992423028,1559,816.2696471497253,1365,610.342721527201,602
