original performance,number of trades,q learning performance,number of trades
920.2105992423028,1559,824.6649638320799,1363,611.1317580720515,602
