original performance,number of trades,q learning performance,number of trades
920.2105992423028,1559,798.100737942823,1362,610.342721527201,602
