original performance,number of trades,q learning performance,number of trades
920.2105992423028,1559,823.2875921534561,1331,610.342721527201,602
