original performance,number of trades,q learning performance,number of trades
920.2105992423028,1559,841.1582246194057,1363,611.1317580720515,602
