original performance,number of trades,q learning performance,number of trades
920.2105992423028,1559,801.0516496239912,1363,610.342721527201,602
