original performance,number of trades,q learning performance,number of trades
920.2105992423028,1559,808.8987253138746,1364,611.1317580720515,602
