original performance,number of trades,q learning performance,number of trades
920.2105992423028,1559,803.1055878604886,1361,610.342721527201,602
