original performance,number of trades,q learning performance,number of trades
920.2105992423028,1559,805.4495315944158,1361,611.1317580720515,602
