original performance,number of trades,q learning performance,number of trades,q learning training performance,number of trades
949.9695438799076,433,944.6741453838832,394,1218.0771596623563,174
-30.21661617249016,508,65.53105070153062,441,-124.38681722689076,238
2252.6295751849893,473,1868.451655369179,408,974.1313425164474,190
-185.3257677801724,145,-180.152734375,120,-50000,0
