original performance,number of trades,q learning performance,number of trades
920.2105992423028,1559,818.4497918398928,1353,610.342721527201,602
