original performance,number of trades,q learning performance,number of trades
920.2105992423028,1559,797.3226639879861,1363,610.342721527201,602
