original performance,number of trades,q learning performance,number of trades,q learning training performance,number of trades
949.9695438799076,433,959.607102997449,392,1218.0771596623563,174
-30.21661617249016,508,31.10840064193002,443,-124.38681722689076,238
2252.6295751849893,473,1868.451655369179,408,976.6313425164474,190
-185.3257677801724,145,-235.474462890625,120,-50000,0
