original performance,number of trades,q learning performance,number of trades
920.2105992423028,1559,818.2473835825493,1116,610.342721527201,602
