original performance,number of trades,q learning performance,number of trades
920.2105992423028,1559,804.1804633007525,1362,611.1317580720515,602
