original performance,number of trades,q learning performance,number of trades
920.2105992423028,1559,846.6422715091878,1102,610.342721527201,602
