original performance,number of trades,q learning performance,number of trades
920.2105992423028,1559,810.8508097480656,1357,611.1317580720515,602
