original performance,number of trades,q learning performance,number of trades
920.2105992423028,1559,815.402823414522,1360,610.342721527201,602
