original performance,number of trades,q learning performance,number of trades
920.2105992423028,1559,797.0162913265774,1363,610.342721527201,602
