original performance,number of trades,q learning performance,number of trades
920.2105992423028,1559,812.882253033425,1365,610.342721527201,602
