original performance,number of trades,q learning performance,number of trades
920.2105992423028,1559,792.8499301017121,1358,610.342721527201,602
