original performance,number of trades,q learning performance,number of trades
920.2105992423028,1559,813.976741488728,1364,610.342721527201,602
