original performance,number of trades,q learning performance,number of trades,q learning training performance,number of trades
949.9695438799076,433,955.3928713422392,393,1218.0771596623563,174
-30.21661617249016,508,14.704537056587839,444,-124.38681722689076,238
2252.6295751849893,473,1839.998717064951,408,974.1313425164474,190
-185.3257677801724,145,-191.1026949842437,119,-50000,0
