original performance,number of trades,q learning performance,number of trades
920.2105992423028,1559,817.6373961012123,1361,611.1317580720515,602
