original performance,number of trades,q learning performance,number of trades
920.2105992423028,1559,831.3277644769265,1116,610.342721527201,602
