original performance,number of trades,q learning performance,number of trades
920.2105992423028,1559,948.5950885052448,1001,610.342721527201,602
