original performance,number of trades,q learning performance,number of trades
920.2105992423028,1559,809.5354571416362,1097,610.342721527201,602
