original performance,number of trades,q learning performance,number of trades
920.2105992423028,1559,932.9309708157306,1006,610.342721527201,602
