original performance,number of trades,q learning performance,number of trades
920.2105992423028,1559,828.945918522828,1128,610.342721527201,602
