original performance,number of trades,q learning performance,number of trades
920.2105992423028,1559,829.7234996448864,1364,610.342721527201,602
