original performance,number of trades,q learning performance,number of trades
920.2105992423028,1559,814.3229349381462,1354,610.342721527201,602
