original performance,number of trades,q learning performance,number of trades
920.2105992423028,1559,916.3873843179513,986,610.342721527201,602
