original performance,number of trades,q learning performance,number of trades
920.2105992423028,1559,826.8907332631086,1335,610.342721527201,602
