original performance,number of trades,q learning performance,number of trades
920.2105992423028,1559,835.9602392399268,1365,610.342721527201,602
