original performance,number of trades,q learning performance,number of trades
920.2105992423028,1559,917.8161638200701,999,610.342721527201,602
