original performance,number of trades,q learning performance,number of trades
920.2105992423028,1559,807.2332748311436,1351,610.342721527201,602
