original performance,number of trades,q learning performance,number of trades
920.2105992423028,1559,823.9005774710389,1338,610.342721527201,602
