original performance,number of trades,q learning performance,number of trades
920.2105992423028,1559,949.1104506909547,995,610.342721527201,602
