original performance,number of trades,q learning performance,number of trades
920.2105992423028,1559,784.6116806120563,1352,610.342721527201,602
