original performance,number of trades,q learning performance,number of trades
920.2105992423028,1559,804.4682986174798,1363,611.1317580720515,602
