original performance,number of trades,q learning performance,number of trades
920.2105992423028,1559,825.5722842261905,1365,610.342721527201,602
