original performance,number of trades,q learning performance,number of trades
920.2105992423028,1559,923.9342037463628,1031,610.342721527201,602
