original performance,number of trades,q learning performance,number of trades
920.2105992423028,1559,834.7992222533633,1115,610.342721527201,602
