original performance,number of trades,q learning performance,number of trades
920.2105992423028,1559,816.7837636475044,1122,610.342721527201,602
