original performance,number of trades,q learning performance,number of trades
920.2105992423028,1559,815.1742813758236,1366,610.342721527201,602
