original performance,number of trades,q learning performance,number of trades
920.2105992423028,1559,799.6008100784132,1355,610.342721527201,602
