original performance,number of trades,q learning performance,number of trades
920.2105992423028,1559,826.8605518375681,1102,610.342721527201,602
