original performance,number of trades,q learning performance,number of trades
920.2105992423028,1559,929.8989388992537,1005,610.342721527201,602
