original performance,number of trades,q learning performance,number of trades
1757.856605498128,1205,1909.6135636822307,844,2017.6127978061108,940
