original performance,number of trades,q learning performance,number of trades
1757.856605498128,1205,1569.5177617246804,988,2017.6127978061108,940
