original performance,number of trades,q learning performance,number of trades
1757.856605498128,1205,1912.1851521398564,643,2017.6127978061108,940
