original performance,number of trades,q learning performance,number of trades
1757.856605498128,1205,1845.1809432043283,844,2017.6127978061108,940
