original performance,number of trades,q learning performance,number of trades
1757.856605498128,1205,1582.9028114677694,978,2017.6127978061108,940
