original performance,number of trades,q learning performance,number of trades
1757.856605498128,1205,1849.2673210168418,626,2017.6127978061108,940
