original performance,number of trades,q learning performance,number of trades
1757.856605498128,1205,1551.7194445454481,987,2017.6127978061108,940
