original performance,number of trades,q learning performance,number of trades
1757.856605498128,1205,1563.7780001098263,987,2017.6127978061108,940
