original performance,number of trades,q learning performance,number of trades
-59.92019241323687,1637,-79.90818275176917,1444,37.737076508520616,673
