original performance,number of trades,q learning performance,number of trades
-59.92019241323687,1637,-72.37639281468361,1449,37.737076508520616,673
