original performance,number of trades,q learning performance,number of trades
810.935795511798,1948,709.7375901724988,1582,846.5014708219327,767
