original performance,number of trades,q learning performance,number of trades
810.935795511798,1948,653.0367147596792,1603,846.3676692261379,767
