original performance,number of trades,q learning performance,number of trades
810.935795511798,1948,654.7919831713701,1623,839.9444670496895,767
