original performance,number of trades,q learning performance,number of trades
810.935795511798,1948,645.7140472469401,1598,836.7187093861567,767
