original performance,number of trades,q learning performance,number of trades,q learning training performance,number of trades
633.3098771691117,581,783.6195499925728,498,935.9082492965151,251
908.7061836354873,680,825.2564979419374,570,1186.728867283574,324
1547.9738105455458,551,889.2461806334744,433,148.60687828063965,192
-1905.1756136838128,136,-1878.673738832827,108,-50000,0
