original performance,number of trades,q learning performance,number of trades
920.2105992423028,1559,825.8813563496847,1348,611.1317580720515,602
