original performance,number of trades,q learning performance,number of trades
920.2105992423028,1559,850.1988051982727,1346,610.342721527201,602
