original performance,number of trades,q learning performance,number of trades
920.2105992423028,1559,888.1978236607143,1015,610.342721527201,602
