original performance,number of trades,q learning performance,number of trades
920.2105992423028,1559,844.5453775074294,1346,610.342721527201,602
