original performance,number of trades,q learning performance,number of trades
920.2105992423028,1559,842.3079799521731,1346,610.342721527201,602
