original performance,number of trades,q learning performance,number of trades
920.2105992423028,1559,841.2005193833519,1347,610.342721527201,602
