original performance,number of trades,q learning performance,number of trades
920.2105992423028,1559,840.027611540611,1342,610.342721527201,602
