original performance,number of trades,q learning performance,number of trades
920.2105992423028,1559,892.3246820404773,1016,610.342721527201,602
