original performance,number of trades,q learning performance,number of trades
920.2105992423028,1559,948.6408830026072,863,610.342721527201,602
