original performance,number of trades,q learning performance,number of trades
920.2105992423028,1559,843.2345129530669,1345,610.342721527201,602
