original performance,number of trades,q learning performance,number of trades
920.2105992423028,1559,895.2929800528067,864,610.342721527201,602
