original performance,number of trades,q learning performance,number of trades
920.2105992423028,1559,846.6448480515253,1344,610.342721527201,602
