original performance,number of trades,q learning performance,number of trades
920.2105992423028,1559,915.7876680543541,867,610.342721527201,602
