original performance,number of trades,q learning performance,number of trades
920.2105992423028,1559,834.0010209186522,1343,610.342721527201,602
