original performance,number of trades,q learning performance,number of trades
920.2105992423028,1559,870.6074896918403,1008,610.342721527201,602
