original performance,number of trades,q learning performance,number of trades
920.2105992423028,1559,831.1149485164376,1346,610.342721527201,602
