original performance,number of trades,q learning performance,number of trades
-456.3862879105977,1792,-321.6374840403079,701,-156.79388600819146,670
