original performance,number of trades,q learning performance,number of trades
-456.3862879105977,1792,-361.9220091436901,685,-156.79388600819146,670
