original performance,number of trades,q learning performance,number of trades
-456.3862879105977,1792,-384.19490293907626,1503,-156.79388600819146,670
