original performance,number of trades,q learning performance,number of trades
-456.3862879105977,1792,-377.2689002619673,1501,-156.79388600819146,670
