original performance,number of trades,q learning performance,number of trades
-456.3862879105977,1792,-411.8960599956474,1501,-156.79388600819146,670
