original performance,number of trades,q learning performance,number of trades
-456.3862879105977,1792,-340.0084531064355,697,-156.79388600819146,670
