original performance,number of trades,q learning performance,number of trades
-456.3862879105977,1792,-369.9964960383155,1493,-156.79388600819146,670
