original performance,number of trades,q learning performance,number of trades
-456.3862879105977,1792,-392.46703147761616,1507,-156.79388600819146,670
