original performance,number of trades,q learning performance,number of trades
-456.3862879105977,1792,-382.09898847692153,680,-156.79388600819146,670
