original performance,number of trades,q learning performance,number of trades
-456.3862879105977,1792,-324.8131040857673,677,-156.79388600819146,670
