original performance,number of trades,q learning performance,number of trades
-456.3862879105977,1792,-343.37279938325,683,-156.79388600819146,670
