original performance,number of trades,q learning performance,number of trades
-456.3862879105977,1792,-363.8105505101821,680,-156.79388600819146,670
