original performance,number of trades,q learning performance,number of trades
-456.3862879105977,1792,-354.7229866282514,689,-156.79388600819146,670
