original performance,number of trades,q learning performance,number of trades
-456.3862879105977,1792,-436.38096864761843,1054,-156.79388600819146,670
