original performance,number of trades,q learning performance,number of trades,q learning training performance,number of trades
-781.6160131506018,555,-737.3883962696996,290,-289.0961917208642,194
-422.6202419448949,636,-427.70748423381025,83,134.32553855766685,295
29.37434015715386,497,296.3872537466196,260,-489.4656149511179,181
-1248.6530174842248,104,-1082.2000302401457,44,-50000,0
