original performance,number of trades,q learning performance,number of trades
-456.3862879105977,1792,-447.78194534656615,1075,-156.79388600819146,670
