original performance,number of trades,q learning performance,number of trades
-456.3862879105977,1792,-377.4018427105652,1495,-156.79388600819146,670
