original performance,number of trades,q learning performance,number of trades
-456.3862879105977,1792,-381.8176360757116,1027,-156.79388600819146,670
