original performance,number of trades,q learning performance,number of trades
-456.3862879105977,1792,-389.544792618093,1499,-156.79388600819146,670
