original performance,number of trades,q learning performance,number of trades,q learning training performance,number of trades
-781.6160131506018,555,-644.1696694351621,467,-289.0961917208642,194
-422.6202419448949,636,-328.04043423081225,489,134.32553855766685,295
29.37434015715386,497,21.708758895698637,435,-489.4656149511179,181
-1248.6530174842248,104,-1370.7843094675166,95,-50000,0
