original performance,number of trades,q learning performance,number of trades
-456.3862879105977,1792,-390.6878060750635,1052,-156.79388600819146,670
