original performance,number of trades,q learning performance,number of trades
-456.3862879105977,1792,-381.52573888561136,1508,-156.79388600819146,670
