original performance,number of trades,q learning performance,number of trades,q learning training performance,number of trades
-781.6160131506018,555,-646.3952792234767,469,-289.0961917208642,194
-422.6202419448949,636,-327.3737987891405,501,134.32553855766685,295
29.37434015715386,497,35.71952003496226,443,-489.4656149511179,181
-1248.6530174842248,104,-1393.0151691436768,96,-50000,0
