original performance,number of trades,q learning performance,number of trades
-456.3862879105977,1792,-368.0547512235392,1033,-156.79388600819146,670
