original performance,number of trades,q learning performance,number of trades
-456.3862879105977,1792,-385.80155357790375,1492,-156.79388600819146,670
