original performance,number of trades,q learning performance,number of trades,q learning training performance,number of trades
-781.6160131506018,555,-739.8639087872293,293,-289.0961917208642,194
-422.6202419448949,636,-403.6811434117759,82,134.32553855766685,295
29.37434015715386,497,245.51169464553612,276,-489.4656149511179,181
-1248.6530174842248,104,-1192.7204457158628,46,-50000,0
