original performance,number of trades,q learning performance,number of trades
-456.3862879105977,1792,-374.66804108043493,1051,-156.79388600819146,670
