original performance,number of trades,q learning performance,number of trades
-456.3862879105977,1792,-392.97895671306804,1497,-156.79388600819146,670
