original performance,number of trades,q learning performance,number of trades
-456.3862879105977,1792,-378.40727833701004,1506,-156.79388600819146,670
