original performance,number of trades,q learning performance,number of trades
-456.3862879105977,1792,-391.0199507401333,1507,-156.79388600819146,670
