original performance,number of trades,q learning performance,number of trades
-456.3862879105977,1792,-373.5686308833849,1027,-156.79388600819146,670
