original performance,number of trades,q learning performance,number of trades
-456.3862879105977,1792,-380.30596358086973,1505,-156.79388600819146,670
