original performance,number of trades,q learning performance,number of trades
-456.3862879105977,1792,-375.61533775580796,1063,-156.79388600819146,670
