original performance,number of trades,q learning performance,number of trades
-456.3862879105977,1792,-342.95161046509145,686,-156.79388600819146,670
