original performance,number of trades,q learning performance,number of trades
-456.3862879105977,1792,-387.0274530594543,1069,-156.79388600819146,670
