original performance,number of trades,q learning performance,number of trades
-456.3862879105977,1792,-406.95809185013786,1068,-156.79388600819146,670
