original performance,number of trades,q learning performance,number of trades
-456.3862879105977,1792,-377.1880555716894,1488,-156.79388600819146,670
