original performance,number of trades,q learning performance,number of trades,q learning training performance,number of trades
-781.6160131506018,555,-631.6265424830939,465,-289.0961917208642,194
-422.6202419448949,636,-312.3672625917377,495,134.32553855766685,295
29.37434015715386,497,35.71952003496226,443,-489.4656149511179,181
-1248.6530174842248,104,-1439.2577553196957,95,-50000,0
