original performance,number of trades,q learning performance,number of trades
-456.3862879105977,1792,-386.8307019700395,1504,-156.79388600819146,670
