original performance,number of trades,q learning performance,number of trades
-456.3862879105977,1792,-439.4736076509481,1037,-156.79388600819146,670
