original performance,number of trades,q learning performance,number of trades
-456.3862879105977,1792,-365.3355872486256,675,-156.79388600819146,670
