original performance,number of trades,q learning performance,number of trades
-456.3862879105977,1792,-371.4979835577375,682,-156.79388600819146,670
