original performance,number of trades,q learning performance,number of trades
-456.3862879105977,1792,-395.6269443361665,1066,-156.79388600819146,670
