original performance,number of trades,q learning performance,number of trades
920.2105992423028,1559,824.389690591277,1390,562.3062189980159,630
