original performance,number of trades,q learning performance,number of trades
399.5766242257681,1308,7.121856012359474,631,760.201908562773,1023
