original performance,number of trades,q learning performance,number of trades
399.5766242257681,1308,-19.132512124736657,623,760.201908562773,1023
