original performance,number of trades,q learning performance,number of trades
399.5766242257681,1308,335.16147529981794,1105,760.201908562773,1023
