original performance,number of trades,q learning performance,number of trades
399.5766242257681,1308,21.219985573155107,628,760.201908562773,1023
