original performance,number of trades,q learning performance,number of trades
399.5766242257681,1308,315.29361456489914,1086,760.201908562773,1023
