original performance,number of trades,q learning performance,number of trades
399.5766242257681,1308,-42.88180685717045,637,760.201908562773,1023
