original performance,number of trades,q learning performance,number of trades
399.5766242257681,1308,320.60270629660056,1096,760.201908562773,1023
