original performance,number of trades,q learning performance,number of trades
399.5766242257681,1308,316.22287640654486,1093,760.201908562773,1023
