original performance,number of trades,q learning performance,number of trades
399.5766242257681,1308,-4.3992908693331145,761,760.201908562773,1023
