original performance,number of trades,q learning performance,number of trades
399.5766242257681,1308,339.54979607926595,1099,760.201908562773,1023
