original performance,number of trades,q learning performance,number of trades
399.5766242257681,1308,334.1593115986257,1104,760.201908562773,1023
