original performance,number of trades,q learning performance,number of trades
399.5766242257681,1308,67.66174234187736,631,760.201908562773,1023
