original performance,number of trades,q learning performance,number of trades
399.5766242257681,1308,-52.84117889404297,632,760.201908562773,1023
