original performance,number of trades,q learning performance,number of trades
399.5766242257681,1308,41.616790006531886,758,760.201908562773,1023
