original performance,number of trades,q learning performance,number of trades
399.5766242257681,1308,330.74273853025574,1104,760.201908562773,1023
