original performance,number of trades,q learning performance,number of trades
399.5766242257681,1308,1.407805388638334,757,760.201908562773,1023
