original performance,number of trades,q learning performance,number of trades
399.5766242257681,1308,-0.34695957269279065,759,760.201908562773,1023
