original performance,number of trades,q learning performance,number of trades
399.5766242257681,1308,-16.187216050355765,762,760.201908562773,1023
