original performance,number of trades,q learning performance,number of trades
399.5766242257681,1308,-36.22707895132211,637,760.201908562773,1023
