original performance,number of trades,q learning performance,number of trades
399.5766242257681,1308,344.67641287223114,1099,760.201908562773,1023
