original performance,number of trades,q learning performance,number of trades
399.5766242257681,1308,285.64476524604544,1092,760.201908562773,1023
