original performance,number of trades,q learning performance,number of trades
399.5766242257681,1308,300.05005069711746,1094,760.201908562773,1023
