original performance,number of trades,q learning performance,number of trades
399.5766242257681,1308,335.92323624460323,1102,760.201908562773,1023
