original performance,number of trades,q learning performance,number of trades
399.5766242257681,1308,-16.30129345817745,639,760.201908562773,1023
