original performance,number of trades,q learning performance,number of trades
399.5766242257681,1308,341.11915841999104,1101,760.201908562773,1023
