original performance,number of trades,q learning performance,number of trades
399.5766242257681,1308,335.48652918035333,1100,760.201908562773,1023
