original performance,number of trades,q learning performance,number of trades
399.5766242257681,1308,-46.19936662066246,634,760.201908562773,1023
