original performance,number of trades,q learning performance,number of trades
399.5766242257681,1308,-31.923498631274608,635,760.201908562773,1023
