original performance,number of trades,q learning performance,number of trades
399.5766242257681,1308,8.56815025056026,753,760.201908562773,1023
