original performance,number of trades,q learning performance,number of trades
399.5766242257681,1308,321.3282733903055,1076,760.201908562773,1023
