original performance,number of trades,q learning performance,number of trades
399.5766242257681,1308,265.9366879353729,1089,760.201908562773,1023
