original performance,number of trades,q learning performance,number of trades
399.5766242257681,1308,-20.270029529772305,760,760.201908562773,1023
