original performance,number of trades,q learning performance,number of trades
399.5766242257681,1308,-9.44822264343422,762,760.201908562773,1023
