original performance,number of trades,q learning performance,number of trades
399.5766242257681,1308,331.81994398007527,1097,760.201908562773,1023
