original performance,number of trades,q learning performance,number of trades
399.5766242257681,1308,341.00933435978834,1101,760.201908562773,1023
