original performance,number of trades,q learning performance,number of trades
399.5766242257681,1308,335.44849446798537,1106,760.201908562773,1023
