original performance,number of trades,q learning performance,number of trades,q learning training performance,number of trades
-266.5056490455872,593,78.85226196603676,388,-141.79923679766137,534
1907.8227084093478,546,928.1700315475464,128,1745.2092942937995,489
-2136.01848769329,169,-1214.949024472918,112,-50000,0
