original performance,number of trades,q learning performance,number of trades
399.5766242257681,1308,346.76759853484526,1099,760.201908562773,1023
