original performance,number of trades,q learning performance,number of trades
399.5766242257681,1308,289.6036776374368,1088,760.201908562773,1023
