original performance,number of trades,q learning performance,number of trades
399.5766242257681,1308,283.7102708212272,1089,760.201908562773,1023
