original performance,number of trades,q learning performance,number of trades
399.5766242257681,1308,316.5622406842722,1094,760.201908562773,1023
