original performance,number of trades,q learning performance,number of trades
399.5766242257681,1308,-18.84155991262268,761,760.201908562773,1023
