original performance,number of trades,q learning performance,number of trades
399.5766242257681,1308,-44.67604131464737,734,760.201908562773,1023
