original performance,number of trades,q learning performance,number of trades
399.5766242257681,1308,320.16834890550626,1103,760.201908562773,1023
