original performance,number of trades,q learning performance,number of trades
399.5766242257681,1308,335.7085137458034,1103,760.201908562773,1023
