original performance,number of trades,q learning performance,number of trades
527.2818497973593,1839,590.2987781351604,1521,64.93268725585938,750
