original performance,number of trades,q learning performance,number of trades
527.2818497973593,1839,548.7850613617392,1226,64.93268725585938,750
