original performance,number of trades,q learning performance,number of trades
527.2818497973593,1839,532.60653060989,1005,64.82861149088542,750
