original performance,number of trades,q learning performance,number of trades
527.2818497973593,1839,614.4016237907506,1588,64.82861149088542,750
