original performance,number of trades,q learning performance,number of trades
527.2818497973593,1839,583.4805117600964,1550,64.82861149088542,750
