original performance,number of trades,q learning performance,number of trades
527.2818497973593,1839,611.7536536689627,1571,64.82861149088542,750
