original performance,number of trades,q learning performance,number of trades
527.2818497973593,1839,562.8143534359137,1219,64.93268725585938,750
