original performance,number of trades,q learning performance,number of trades
527.2818497973593,1839,624.9295025901189,1260,64.93268725585938,750
