original performance,number of trades,q learning performance,number of trades
527.2818497973593,1839,579.8524707566982,1595,64.82861149088542,750
