original performance,number of trades,q learning performance,number of trades
527.2818497973593,1839,586.9618263029649,1597,64.82861149088542,750
