original performance,number of trades,q learning performance,number of trades
-226.7585873416329,1882,-152.88193261063338,1490,-273.50956349446847,709
