original performance,number of trades,q learning performance,number of trades,,
-8.883615496,468765,-185.7382342,1952,,3
-2.393890265,423679,-62.72149912,1742,,4
-1.826931276,490830,-25.35067707,2085,,5
2.966929227,469489,-28.68312038,1862,,6
0.459386665,491371,-7.436137461,2011,,7
-13.03078221,467771,-165.8058251,1824,,8
-3.357371954,424870,-5.27015973,1425,,9
