original performance,number of trades,q learning performance,number of trades
-200.88659857932188,989,-49.64742860611546,836,213.18530596807165,824
