original performance,number of trades,q learning performance,number of trades
-200.88659857932188,989,56.01087671374287,869,213.18530596807165,824
