original performance,number of trades,q learning performance,number of trades
-200.88659857932188,989,-16.192520463480236,877,212.33064667923938,824
