original performance,number of trades,q learning performance,number of trades
-200.88659857932188,989,-49.356692271092676,886,213.18530596807165,824
