original performance,number of trades,q learning performance,number of trades
-200.88659857932188,989,-92.42055820491275,874,213.18530596807165,824
