original performance,number of trades,q learning performance,number of trades
-200.88659857932188,989,-92.16944791943207,881,213.18530596807165,824
