original performance,number of trades,q learning performance,number of trades,q learning training performance,number of trades
347.17751435775233,437,406.87998531217266,399,479.3610574408304,407
-98.46635044922012,449,-99.95461851221914,393,-46.60733395857777,417
-2972.641052597935,103,-2485.835572382299,82,-50000,0
