original performance,number of trades,q learning performance,number of trades
-200.88659857932188,989,-65.44477731003958,822,213.18530596807165,824
