original performance,number of trades,q learning performance,number of trades
-200.88659857932188,989,-111.13285662224754,821,213.18530596807165,824
