original performance,number of trades,q learning performance,number of trades
-200.88659857932188,989,-3.6078477975825582,869,210.69059187926135,824
