original performance,number of trades,q learning performance,number of trades
-200.88659857932188,989,1.028256057512642,808,213.18530596807165,824
