original performance,number of trades,q learning performance,number of trades
-200.88659857932188,989,-95.45743337809611,834,213.18530596807165,824
