original performance,number of trades,q learning performance,number of trades
-200.88659857932188,989,-61.35838341339589,894,213.18530596807165,824
