original performance,number of trades,q learning performance,number of trades
-200.88659857932188,989,26.74531498711148,858,213.18530596807165,824
