original performance,number of trades,q learning performance,number of trades
-200.88659857932188,989,-23.50060094461584,867,213.18530596807165,824
