original performance,number of trades,q learning performance,number of trades
-200.88659857932188,989,-102.19777291177333,870,213.18530596807165,824
