original performance,number of trades,q learning performance,number of trades
-200.88659857932188,989,-202.44577138432325,851,212.33064667923938,824
