original performance,number of trades,q learning performance,number of trades
-200.88659857932188,989,-76.7742314254607,794,213.18530596807165,824
