original performance,number of trades,q learning performance,number of trades
-200.88659857932188,989,-102.58165977836856,893,213.18530596807165,824
