original performance,number of trades,q learning performance,number of trades
-200.88659857932188,989,-142.41653857895682,818,213.18530596807165,824
