original performance,number of trades,q learning performance,number of trades
-200.88659857932188,989,-78.16942576115126,826,213.18530596807165,824
