original performance,number of trades,q learning performance,number of trades
-200.88659857932188,989,-14.911603839309127,864,213.18530596807165,824
