original performance,number of trades,q learning performance,number of trades
-200.88659857932188,989,1.4068882983663809,851,213.18530596807165,824
