original performance,number of trades,q learning performance,number of trades
-200.88659857932188,989,-147.68874979405044,865,213.18530596807165,824
