original performance,number of trades,q learning performance,number of trades
-200.88659857932188,989,-76.47012575431789,892,212.33064667923938,824
