original performance,number of trades,q learning performance,number of trades
-200.88659857932188,989,-112.38681360323858,868,211.54525116809364,824
