original performance,number of trades,q learning performance,number of trades
-200.88659857932188,989,-147.02576503775762,863,212.33064667923938,824
