original performance,number of trades,q learning performance,number of trades
-200.88659857932188,989,-45.35318994639254,814,213.18530596807165,824
