original performance,number of trades,q learning performance,number of trades
-200.88659857932188,989,-68.4430770139597,883,213.18530596807165,824
