original performance,number of trades,q learning performance,number of trades
-200.88659857932188,989,-114.9756146921914,845,212.33064667923938,824
