original performance,number of trades,q learning performance,number of trades
-200.88659857932188,989,-123.70814822236,855,210.69059187926135,824
