original performance,number of trades,q learning performance,number of trades
-200.88659857932188,989,-68.49403506165231,897,212.33064667923938,824
