original performance,number of trades,q learning performance,number of trades
-200.88659857932188,989,-133.2192614142023,826,213.18530596807165,824
