original performance,number of trades,q learning performance,number of trades,q learning training performance,number of trades
347.17751435775233,437,493.15056085950545,393,479.3610574408304,407
-98.46635044922012,449,-141.7851064646212,373,-46.60733395857777,417
-2972.641052597935,103,-2606.950998748221,82,-50000,0
