original performance,number of trades,q learning performance,number of trades
-200.88659857932188,989,-104.60672258733993,839,213.18530596807165,824
