original performance,number of trades,q learning performance,number of trades
-200.88659857932188,989,-93.63824493450355,905,212.33064667923938,824
