original performance,number of trades,q learning performance,number of trades
-200.88659857932188,989,-85.19423523081981,862,212.33064667923938,824
