original performance,number of trades,q learning performance,number of trades
-200.88659857932188,989,20.572075181874865,863,210.69059187926135,824
