original performance,number of trades,q learning performance,number of trades
-200.88659857932188,989,-52.502173592062555,816,213.18530596807165,824
