original performance,number of trades,q learning performance,number of trades
-200.88659857932188,989,-157.64533548121415,857,212.33064667923938,824
