original performance,number of trades,q learning performance,number of trades
-200.88659857932188,989,-30.12978614704145,889,212.33064667923938,824
