original performance,number of trades,q learning performance,number of trades
-200.88659857932188,989,-80.55393409939994,904,213.18530596807165,824
