original performance,number of trades,q learning performance,number of trades
-200.88659857932188,989,-181.2449138405992,859,212.33064667923938,824
