original performance,number of trades,q learning performance,number of trades
-200.88659857932188,989,-116.02931981813721,833,213.18530596807165,824
