original performance,number of trades,q learning performance,number of trades
-200.88659857932188,989,-45.222042751092005,866,213.18530596807165,824
