original performance,number of trades,q learning performance,number of trades
-200.88659857932188,989,-30.66680408125164,833,212.33064667923938,824
