original performance,number of trades,q learning performance,number of trades
-200.88659857932188,989,-183.12290315041005,861,212.33064667923938,824
