original performance,number of trades,q learning performance,number of trades
-200.88659857932188,989,-17.90606246878408,874,213.18530596807165,824
