original performance,number of trades,q learning performance,number of trades
-200.88659857932188,989,-69.5595457847884,819,213.18530596807165,824
