original performance,number of trades,q learning performance,number of trades,q learning training performance,number of trades
347.17751435775233,437,479.5638834731747,396,479.3610574408304,407
-98.46635044922012,449,-235.64912032077186,380,-46.60733395857777,417
-2972.641052597935,103,-2545.1864437884597,83,-50000,0
