original performance,number of trades,q learning performance,number of trades
-200.88659857932188,989,-26.068888152411226,872,213.18530596807165,824
