original performance,number of trades,q learning performance,number of trades,q learning training performance,number of trades
347.17751435775233,437,412.3462946244228,405,479.3610574408304,407
-98.46635044922012,449,-65.6606389980505,404,-48.29615710965163,417
-2972.641052597935,103,-2514.2735342232577,83,-50000,0
