original performance,number of trades,q learning performance,number of trades
-200.88659857932188,989,-88.52458310311128,778,213.18530596807165,824
