original performance,number of trades,q learning performance,number of trades
-200.88659857932188,989,-81.9312016660733,802,213.18530596807165,824
