original performance,number of trades,q learning performance,number of trades
-200.88659857932188,989,-98.7873493519964,891,212.33064667923938,824
