original performance,number of trades,q learning performance,number of trades
-200.88659857932188,989,-49.614859922119685,903,211.54525116809364,824
