original performance,number of trades,q learning performance,number of trades
-200.88659857932188,989,-129.09178428516677,859,213.18530596807165,824
