original performance,number of trades,q learning performance,number of trades
-200.88659857932188,989,-32.281239232935256,817,213.18530596807165,824
