original performance,number of trades,q learning performance,number of trades
-200.88659857932188,989,-15.707081087103717,876,212.33064667923938,824
