original performance,number of trades,q learning performance,number of trades
-200.88659857932188,989,-8.055675510996759,866,213.18530596807165,824
