original performance,number of trades,q learning performance,number of trades
-200.88659857932188,989,-225.18629578583364,814,213.18530596807165,824
