original performance,number of trades,q learning performance,number of trades
-200.88659857932188,989,-90.03060903480585,834,210.69059187926135,824
