original performance,number of trades,q learning performance,number of trades
-200.88659857932188,989,-88.40669143293157,895,213.18530596807165,824
