original performance,number of trades,q learning performance,number of trades
-200.88659857932188,989,-70.13769054412842,832,213.18530596807165,824
