original performance,number of trades,q learning performance,number of trades
-200.88659857932188,989,-67.02130007796936,898,213.18530596807165,824
