original performance,number of trades,q learning performance,number of trades
-200.88659857932188,989,-73.84374018875009,806,213.18530596807165,824
