original performance,number of trades,q learning performance,number of trades
-200.88659857932188,989,-43.171391460873664,872,212.33064667923938,824
