original performance,number of trades,q learning performance,number of trades
-200.88659857932188,989,-94.42234875621922,902,213.18530596807165,824
