original performance,number of trades,q learning performance,number of trades
-200.88659857932188,989,-81.94289245137146,896,212.33064667923938,824
