original performance,number of trades,q learning performance,number of trades
-200.88659857932188,989,-25.86175725897964,882,213.18530596807165,824
