original performance,number of trades,q learning performance,number of trades
-200.88659857932188,989,-11.31316709630104,854,213.18530596807165,824
