original performance,number of trades,q learning performance,number of trades,q learning training performance,number of trades
347.17751435775233,437,412.3462946244228,405,479.3610574408304,407
-98.46635044922012,449,-89.62886153743659,407,-46.60733395857777,417
-2972.641052597935,103,-2396.5584583918253,90,-50000,0
