original performance,number of trades,q learning performance,number of trades
-200.88659857932188,989,-140.63751544529526,857,211.54525116809364,824
