original performance,number of trades,q learning performance,number of trades,q learning training performance,number of trades
347.17751435775233,437,468.6790877356747,394,479.3610574408304,407
-98.46635044922012,449,25.95871895971871,383,-46.60733395857777,417
-2972.641052597935,103,-2652.768761424275,77,-50000,0
