original performance,number of trades,q learning performance,number of trades
-200.88659857932188,989,-76.16716485653284,901,213.18530596807165,824
