original performance,number of trades,q learning performance,number of trades
-200.88659857932188,989,-126.44086650804032,860,213.18530596807165,824
