original performance,number of trades,q learning performance,number of trades
-200.88659857932188,989,-94.15792131195798,836,210.69059187926135,824
