original performance,number of trades,q learning performance,number of trades
-200.88659857932188,989,-99.53836628758414,822,213.18530596807165,824
