original performance,number of trades,q learning performance,number of trades
-200.88659857932188,989,-102.72449236633503,904,212.33064667923938,824
