original performance,number of trades,q learning performance,number of trades
-200.88659857932188,989,-160.25280498597897,859,213.18530596807165,824
