original performance,number of trades,q learning performance,number of trades
-200.88659857932188,989,-28.958213237447477,872,213.18530596807165,824
