original performance,number of trades,q learning performance,number of trades
-200.88659857932188,989,-111.76709081914811,878,212.33064667923938,824
