original performance,number of trades,q learning performance,number of trades
-200.88659857932188,989,-102.70406603898422,839,213.18530596807165,824
