original performance,number of trades,q learning performance,number of trades
-200.88659857932188,989,-58.13836429986087,880,213.18530596807165,824
