original performance,number of trades,q learning performance,number of trades
-200.88659857932188,989,-24.372889612150082,878,213.18530596807165,824
