original performance,number of trades,q learning performance,number of trades
-200.88659857932188,989,-77.60535821057813,857,213.18530596807165,824
