original performance,number of trades,q learning performance,number of trades
-200.88659857932188,989,-46.352963263756024,882,213.18530596807165,824
