original performance,number of trades,q learning performance,number of trades
-200.88659857932188,989,6.682694815038666,861,213.18530596807165,824
