original performance,number of trades,q learning performance,number of trades
-200.88659857932188,989,-108.7869807579565,902,213.18530596807165,824
