original performance,number of trades,q learning performance,number of trades
-200.88659857932188,989,-39.96314365808758,823,213.18530596807165,824
