original performance,number of trades,q learning performance,number of trades
-200.88659857932188,989,-66.7628734398942,905,213.18530596807165,824
