original performance,number of trades,q learning performance,number of trades
-200.88659857932188,989,-85.90525494206626,848,213.18530596807165,824
