original performance,number of trades,q learning performance,number of trades
-200.88659857932188,989,-176.8608564170937,843,213.18530596807165,824
