original performance,number of trades,q learning performance,number of trades
-200.88659857932188,989,-72.3414604046515,896,212.33064667923938,824
