original performance,number of trades,q learning performance,number of trades
-200.88659857932188,989,-170.63963693560976,858,212.33064667923938,824
