original performance,number of trades,q learning performance,number of trades
-200.88659857932188,989,-63.414164495521064,901,213.18530596807165,824
