original performance,number of trades,q learning performance,number of trades
-200.88659857932188,989,-42.95955379677253,878,211.54525116809364,824
