original performance,number of trades,q learning performance,number of trades
-200.88659857932188,989,-80.78731686416093,829,213.18530596807165,824
