original performance,number of trades,q learning performance,number of trades
-200.88659857932188,989,-67.43859201020248,826,212.33064667923938,824
