original performance,number of trades,q learning performance,number of trades
-200.88659857932188,989,-35.60443644377075,846,213.18530596807165,824
