original performance,number of trades,q learning performance,number of trades
1204.2041569295193,743,1154.3373497668083,718,880.3369334478798,318
