original performance,number of trades,q learning performance,number of trades
1204.2041569295193,743,1153.2631648921702,718,880.3369334478798,318
