original performance,number of trades,q learning performance,number of trades
1204.2041569295193,743,1201.8358542203573,723,880.3369334478798,318
