original performance,number of trades,q learning performance,number of trades
1204.2041569295193,743,1173.3172539792893,722,880.3369334478798,318
