original performance,number of trades,q learning performance,number of trades
1204.2041569295193,743,1237.5208009084065,720,880.3369334478798,318
