original performance,number of trades,q learning performance,number of trades
1204.2041569295193,743,1200.2027057694672,731,880.3369334478798,318
