original performance,number of trades,q learning performance,number of trades
1204.2041569295193,743,1194.6211935564484,721,880.3369334478798,318
