original performance,number of trades,q learning performance,number of trades
1204.2041569295193,743,1199.6158295938792,726,880.3369334478798,318
