original performance,number of trades,q learning performance,number of trades
1204.2041569295193,743,1210.0058513329197,721,880.3369334478798,318
