original performance,number of trades,q learning performance,number of trades
1204.2041569295193,743,1198.1356995055726,715,880.3369334478798,318
