original performance,number of trades,q learning performance,number of trades
1204.2041569295193,743,1177.9523634477096,726,880.3369334478798,318
