original performance,number of trades,q learning performance,number of trades
1204.2041569295193,743,1167.8635217148383,714,880.3369334478798,318
