original performance,number of trades,q learning performance,number of trades
1204.2041569295193,743,1155.2847569359674,720,880.3369334478798,318
