original performance,number of trades,q learning performance,number of trades
1204.2041569295193,743,1208.5054847717286,720,880.3369334478798,318
