original performance,number of trades,q learning performance,number of trades
1204.2041569295193,743,1227.0804951844195,719,880.3369334478798,318
