original performance,number of trades,q learning performance,number of trades
1204.2041569295193,743,1176.143981006264,724,880.3369334478798,318
