original performance,number of trades,q learning performance,number of trades
1204.2041569295193,743,1190.4703238290115,716,880.3369334478798,318
