original performance,number of trades,q learning performance,number of trades
1204.2041569295193,743,1175.4759125135747,723,880.3369334478798,318
