original performance,number of trades,q learning performance,number of trades
1204.2041569295193,743,1181.2150774094155,725,880.3369334478798,318
