original performance,number of trades,q learning performance,number of trades
1204.2041569295193,743,1217.7592999478045,725,880.3369334478798,318
