original performance,number of trades,q learning performance,number of trades,q learning training performance,number of trades
1141.4591292063394,240,1132.5448552557762,235,1303.44800335428,115
174.9220970610869,217,220.86764584774036,209,144.02687413484148,103
2811.0939756729063,233,2829.0104004482055,212,1152.1585641479492,100
-1361.6885623572007,53,-1498.109998703003,48,-50000,0
