original performance,number of trades,q learning performance,number of trades
1204.2041569295193,743,1188.4725208202442,715,880.3369334478798,318
