original performance,number of trades,q learning performance,number of trades
1204.2041569295193,743,1225.2313540969765,724,880.3369334478798,318
