original performance,number of trades,q learning performance,number of trades
1204.2041569295193,743,1181.3544357954054,723,880.3369334478798,318
