original performance,number of trades,q learning performance,number of trades
1204.2041569295193,743,1193.3953180746598,704,880.3369334478798,318
