original performance,number of trades,q learning performance,number of trades
1204.2041569295193,743,1208.3185677145327,722,880.3369334478798,318
