original performance,number of trades,q learning performance,number of trades
1204.2041569295193,743,1213.5882437509456,723,880.3369334478798,318
