original performance,number of trades,q learning performance,number of trades
1204.2041569295193,743,1180.1412680489677,728,880.3369334478798,318
