original performance,number of trades,q learning performance,number of trades
1204.2041569295193,743,1189.8818150039547,726,880.3369334478798,318
