original performance,number of trades,q learning performance,number of trades
1204.2041569295193,743,1201.1160413487578,727,880.3369334478798,318
