original performance,number of trades,q learning performance,number of trades
1204.2041569295193,743,1188.1909554259419,730,880.3369334478798,318
