original performance,number of trades,q learning performance,number of trades
1204.2041569295193,743,1221.5416183895536,720,880.3369334478798,318
