original performance,number of trades,q learning performance,number of trades
1204.2041569295193,743,1192.1502947972651,721,880.3369334478798,318
