original performance,number of trades,q learning performance,number of trades
1204.2041569295193,743,1193.9879019782154,722,880.3369334478798,318
