original performance,number of trades,q learning performance,number of trades
1204.2041569295193,743,1196.3322930211377,727,880.3369334478798,318
