original performance,number of trades,q learning performance,number of trades
1204.2041569295193,743,1226.8863128197804,723,880.3369334478798,318
