original performance,number of trades,q learning performance,number of trades
810.935795511798,1948,820.5146120348379,971,889.6822686038174,728
