original performance,number of trades,q learning performance,number of trades
810.935795511798,1948,1002.36234524269,754,889.6822686038174,728
