original performance,number of trades,q learning performance,number of trades,q learning training performance,number of trades
633.3098771691117,581,711.8056390280597,487,901.2162728743119,242
908.7061836354873,680,767.635988287587,549,1204.1150033963438,302
1547.9738105455458,551,939.1974562145415,420,305.4589547696321,184
-1905.1756136838128,136,-1623.485671753579,94,-50000,0
