original performance,number of trades,q learning performance,number of trades
810.935795511798,1948,711.4703067179336,1519,889.6822686038174,728
