original performance,number of trades,q learning performance,number of trades
810.935795511798,1948,967.0886262995634,767,889.6822686038174,728
