original performance,number of trades,q learning performance,number of trades
810.935795511798,1948,744.6008289301602,1502,872.3480242006071,728
