original performance,number of trades,q learning performance,number of trades
810.935795511798,1948,752.6354557793214,1509,889.6822686038174,728
