original performance,number of trades,q learning performance,number of trades,q learning training performance,number of trades
633.3098771691117,581,667.7201367212721,484,901.2162728743119,242
908.7061836354873,680,918.115869430542,500,1236.3904166568984,302
1547.9738105455458,551,1121.0475608901222,404,304.90120572629183,184
-1905.1756136838128,136,-1771.226927265368,95,-50000,0
