original performance,number of trades,q learning performance,number of trades
810.935795511798,1948,626.5483194602384,1587,889.6822686038174,728
