original performance,number of trades,q learning performance,number of trades,q learning training performance,number of trades
633.3098771691117,581,734.2886922472067,487,901.2162728743119,242
908.7061836354873,680,793.6282969184848,546,1204.1150033963438,302
1547.9738105455458,551,1026.9279447196334,377,277.0971192898958,184
-1905.1756136838128,136,-1520.958100752397,77,-50000,0
