original performance,number of trades,q learning performance,number of trades
810.935795511798,1948,679.327034924077,1530,889.6822686038174,728
