original performance,number of trades,q learning performance,number of trades
810.935795511798,1948,803.6499714649622,969,889.6822686038174,728
