original performance,number of trades,q learning performance,number of trades
810.935795511798,1948,674.5637650489807,1520,889.5412990653908,728
