original performance,number of trades,q learning performance,number of trades
810.935795511798,1948,701.2181989681086,1521,889.5412990653908,728
