original performance,number of trades,q learning performance,number of trades
810.935795511798,1948,636.0052071797479,1552,889.6822686038174,728
