original performance,number of trades,q learning performance,number of trades
810.935795511798,1948,702.9078097081994,1532,889.6822686038174,728
