original performance,number of trades,q learning performance,number of trades
810.935795511798,1948,632.1738568491559,1557,882.5138926034446,728
