original performance,number of trades,q learning performance,number of trades,q learning training performance,number of trades
633.3098771691117,581,572.2309657027082,410,901.2162728743119,242
908.7061836354873,680,835.1457199421335,235,1236.3904166568984,302
1547.9738105455458,551,1710.2423430863425,229,305.4589547696321,184
-1905.1756136838128,136,-1497.6079480610197,63,-50000,0
