original performance,number of trades,q learning performance,number of trades,q learning training performance,number of trades
633.3098771691117,581,725.2467346034423,486,901.2162728743119,242
908.7061836354873,680,805.0178603437403,554,1236.3904166568984,302
1547.9738105455458,551,984.5317436556511,406,305.4589547696321,184
-1905.1756136838128,136,-1410.6387337085812,86,-50000,0
