original performance,number of trades,q learning performance,number of trades,q learning training performance,number of trades
633.3098771691117,581,714.068949646745,489,901.2162728743119,242
908.7061836354873,680,800.5101559635534,554,1228.1978466968662,302
1547.9738105455458,551,996.2010330716193,414,304.90120572629183,184
-1905.1756136838128,136,-1669.262935028076,100,-50000,0
