original performance,number of trades,q learning performance,number of trades
810.935795511798,1948,646.0881374405503,1563,889.6822686038174,728
