original performance,number of trades,q learning performance,number of trades,q learning training performance,number of trades
633.3098771691117,581,713.1044627542027,387,901.2162728743119,242
908.7061836354873,680,787.1332459741709,245,1236.3904166568984,302
1547.9738105455458,551,1673.8079228204733,267,305.4589547696321,184
-1905.1756136838128,136,-1652.8624924553765,72,-50000,0
