original performance,number of trades,q learning performance,number of trades
810.935795511798,1948,682.3609609567249,1562,889.6822686038174,728
