original performance,number of trades,q learning performance,number of trades
810.935795511798,1948,688.4191494552632,1554,879.3754306625534,728
