original performance,number of trades,q learning performance,number of trades
810.935795511798,1948,646.8184124371402,1532,889.6822686038174,728
