original performance,number of trades,q learning performance,number of trades
810.935795511798,1948,998.4125491550991,770,889.6822686038174,728
