original performance,number of trades,q learning performance,number of trades
810.935795511798,1948,777.1292806440127,937,889.6822686038174,728
