original performance,number of trades,q learning performance,number of trades
810.935795511798,1948,677.6741070777981,1558,889.6822686038174,728
