original performance,number of trades,q learning performance,number of trades,q learning training performance,number of trades
633.3098771691117,581,704.2529413356702,486,901.2162728743119,242
908.7061836354873,680,937.0529866837363,524,1236.3904166568984,302
1547.9738105455458,551,991.381539204399,394,304.90120572629183,184
-1905.1756136838128,136,-1817.6140578497025,105,-50000,0
