original performance,number of trades,q learning performance,number of trades,q learning training performance,number of trades
633.3098771691117,581,781.0174871627761,323,901.2162728743119,242
908.7061836354873,680,1057.2160305154734,145,1236.3904166568984,302
1547.9738105455458,551,1723.2855054271465,245,305.4589547696321,184
-1905.1756136838128,136,-1592.832319189001,54,-50000,0
