original performance,number of trades,q learning performance,number of trades
810.935795511798,1948,693.3303821712345,1540,889.5412990653908,728
