original performance,number of trades,q learning performance,number of trades,q learning training performance,number of trades
633.3098771691117,581,852.4476721661646,318,901.2162728743119,242
908.7061836354873,680,1072.181341563954,136,1236.3904166568984,302
1547.9738105455458,551,1551.715394895175,267,305.4589547696321,184
-1905.1756136838128,136,-1505.0453270621922,46,-50000,0
