original performance,number of trades,q learning performance,number of trades
810.935795511798,1948,786.2108248606844,974,889.6822686038174,728
