original performance,number of trades,q learning performance,number of trades
810.935795511798,1948,683.6602555851116,1546,881.1899690104054,728
