original performance,number of trades,q learning performance,number of trades
810.935795511798,1948,695.8329562411701,994,889.5412990653908,728
