original performance,number of trades,q learning performance,number of trades
810.935795511798,1948,649.5131253067632,1538,889.6822686038174,728
