original performance,number of trades,q learning performance,number of trades
810.935795511798,1948,651.5721175753686,1550,876.2932922237522,728
