original performance,number of trades,q learning performance,number of trades
810.935795511798,1948,655.5176822296359,1553,889.6822686038174,728
