original performance,number of trades,q learning performance,number of trades
810.935795511798,1948,691.2643361849564,1491,889.6822686038174,728
