original performance,number of trades,q learning performance,number of trades
810.935795511798,1948,721.7804806739726,1504,872.3480242006071,728
