original performance,number of trades,q learning performance,number of trades
810.935795511798,1948,663.6502065548389,1558,889.6822686038174,728
