original performance,number of trades,q learning performance,number of trades
810.935795511798,1948,718.2977396672694,995,889.6822686038174,728
