original performance,number of trades,q learning performance,number of trades
810.935795511798,1948,691.0023510724129,1521,879.3754306625534,728
