original performance,number of trades,q learning performance,number of trades,q learning training performance,number of trades
633.3098771691117,581,830.066986963385,321,901.2162728743119,242
908.7061836354873,680,873.4503562382289,140,1236.3904166568984,302
1547.9738105455458,551,1484.3275752476284,245,304.90120572629183,184
-1905.1756136838128,136,-1370.577119516772,43,-50000,0
