original performance,number of trades,q learning performance,number of trades,q learning training performance,number of trades
633.3098771691117,581,828.6322643482054,321,901.2162728743119,242
908.7061836354873,680,942.2213229043143,140,1236.3904166568984,302
1547.9738105455458,551,1858.9689157717398,239,305.4589547696321,184
-1905.1756136838128,136,-1600.2649003488045,54,-50000,0
