original performance,number of trades,q learning performance,number of trades
810.935795511798,1948,730.6877913967236,1521,878.0182895241203,728
