original performance,number of trades,q learning performance,number of trades
810.935795511798,1948,628.152396293519,1575,889.6822686038174,728
