original performance,number of trades,q learning performance,number of trades,q learning training performance,number of trades
633.3098771691117,581,848.3362559547908,316,901.2162728743119,242
908.7061836354873,680,855.7244412538817,139,1236.3904166568984,302
1547.9738105455458,551,1704.581079025899,242,305.4589547696321,184
-1905.1756136838128,136,-1355.0867560537238,38,-50000,0
