original performance,number of trades,q learning performance,number of trades,q learning training performance,number of trades
633.3098771691117,581,774.7105546026874,326,901.2162728743119,242
908.7061836354873,680,1115.0890021128198,146,1236.3904166568984,302
1547.9738105455458,551,1868.924423617567,229,305.4589547696321,184
-1905.1756136838128,136,-1535.706039428711,50,-50000,0
