original performance,number of trades,q learning performance,number of trades
810.935795511798,1948,653.5031328306638,1539,889.6822686038174,728
