original performance,number of trades,q learning performance,number of trades,q learning training performance,number of trades
633.3098771691117,581,723.2247312743892,491,901.2162728743119,242
908.7061836354873,680,792.3381498091225,567,1236.3904166568984,302
1547.9738105455458,551,932.5059300929377,431,305.4589547696321,184
-1905.1756136838128,136,-2162.6219069811764,98,-50000,0
