original performance,number of trades,q learning performance,number of trades
810.935795511798,1948,734.9418963884052,1520,889.6822686038174,728
