original performance,number of trades,q learning performance,number of trades,q learning training performance,number of trades
633.3098771691117,581,721.250994714514,385,901.2162728743119,242
908.7061836354873,680,867.5860925532845,229,1236.3904166568984,302
1547.9738105455458,551,1588.7487017642088,271,305.4589547696321,184
-1905.1756136838128,136,-1629.133502556296,85,-50000,0
