original performance,number of trades,q learning performance,number of trades,q learning training performance,number of trades
633.3098771691117,581,694.8776105036501,488,901.2162728743119,242
908.7061836354873,680,778.0572141996572,568,1215.9189130012562,302
1547.9738105455458,551,1096.877205474926,421,305.4589547696321,184
-1905.1756136838128,136,-1563.6741358439128,84,-50000,0
