original performance,number of trades,q learning performance,number of trades,q learning training performance,number of trades
633.3098771691117,581,717.8664831361242,487,901.2162728743119,242
908.7061836354873,680,891.6912996645327,540,1236.3904166568984,302
1547.9738105455458,551,1145.6314799382137,390,305.4589547696321,184
-1905.1756136838128,136,-1545.4744946852975,92,-50000,0
