original performance,number of trades,q learning performance,number of trades,q learning training performance,number of trades
633.3098771691117,581,727.7615505452059,490,901.2162728743119,242
908.7061836354873,680,758.5707388953825,565,1236.3904166568984,302
1547.9738105455458,551,1118.9542226284366,395,305.4589547696321,184
-1905.1756136838128,136,-1644.9915413610713,97,-50000,0
