original performance,number of trades,q learning performance,number of trades,q learning training performance,number of trades
633.3098771691117,581,684.26764461796,397,901.2162728743119,242
908.7061836354873,680,838.8933876063996,289,1236.3904166568984,302
1547.9738105455458,551,1487.4844535717862,278,304.90120572629183,184
-1905.1756136838128,136,-1453.7054221309834,67,-50000,0
