original performance,number of trades,q learning performance,number of trades
810.935795511798,1948,737.6482331884816,957,889.6822686038174,728
