original performance,number of trades,q learning performance,number of trades
810.935795511798,1948,649.7438896274504,1521,889.6822686038174,728
