original performance,number of trades,q learning performance,number of trades
810.935795511798,1948,748.1363639781481,1524,889.6822686038174,728
