original performance,number of trades,q learning performance,number of trades
810.935795511798,1948,675.6022715487298,1526,889.5412990653908,728
