original performance,number of trades,q learning performance,number of trades,q learning training performance,number of trades
633.3098771691117,581,727.7615505452059,490,901.2162728743119,242
908.7061836354873,680,756.2780212082788,573,1236.3904166568984,302
1547.9738105455458,551,1021.8232619848006,390,304.90120572629183,184
-1905.1756136838128,136,-1751.7678804812224,92,-50000,0
