original performance,number of trades,q learning performance,number of trades
810.935795511798,1948,719.8222565543235,1461,889.6822686038174,728
