original performance,number of trades,q learning performance,number of trades,q learning training performance,number of trades
633.3098771691117,581,724.4309404213249,489,901.2162728743119,242
908.7061836354873,680,763.9745525514849,567,1236.3904166568984,302
1547.9738105455458,551,908.3013730166581,406,305.4589547696321,184
-1905.1756136838128,136,-1817.0662725539435,105,-50000,0
