original performance,number of trades,q learning performance,number of trades,q learning training performance,number of trades
633.3098771691117,581,662.8377043170693,405,901.2162728743119,242
908.7061836354873,680,748.9821937915891,258,1236.3904166568984,302
1547.9738105455458,551,1677.7822908673968,245,305.4589547696321,184
-1905.1756136838128,136,-1541.0904124525728,61,-50000,0
