original performance,number of trades,q learning performance,number of trades
810.935795511798,1948,700.1023051979977,1522,889.6822686038174,728
