original performance,number of trades,q learning performance,number of trades
810.935795511798,1948,770.4170141689782,934,889.6822686038174,728
