original performance,number of trades,q learning performance,number of trades
810.935795511798,1948,669.8440125130453,1529,889.6822686038174,728
