original performance,number of trades,q learning performance,number of trades
810.935795511798,1948,1020.7150814193543,751,889.6822686038174,728
