original performance,number of trades,q learning performance,number of trades
810.935795511798,1948,731.414364189469,1545,889.6822686038174,728
