original performance,number of trades,q learning performance,number of trades
810.935795511798,1948,805.2539852005434,1031,889.5412990653908,728
