original performance,number of trades,q learning performance,number of trades
810.935795511798,1948,650.3409264667367,1567,872.3480242006071,728
