original performance,number of trades,q learning performance,number of trades
810.935795511798,1948,1074.5376097172739,742,879.115326493651,728
