original performance,number of trades,q learning performance,number of trades
810.935795511798,1948,635.7271637901133,1545,879.51640020098,728
