original performance,number of trades,q learning performance,number of trades
810.935795511798,1948,719.9774075937303,1531,881.1899690104054,728
