original performance,number of trades,q learning performance,number of trades,q learning training performance,number of trades
633.3098771691117,581,619.7956041928317,409,901.2162728743119,242
908.7061836354873,680,748.0606795887888,243,1236.3904166568984,302
1547.9738105455458,551,1482.0811011985497,270,305.4589547696321,184
-1905.1756136838128,136,-1653.846487803002,73,-50000,0
