original performance,number of trades,q learning performance,number of trades
810.935795511798,1948,675.5558289438294,1554,889.6822686038174,728
