original performance,number of trades,q learning performance,number of trades
810.935795511798,1948,683.9135741940435,1544,889.6822686038174,728
