original performance,number of trades,q learning performance,number of trades,q learning training performance,number of trades
633.3098771691117,581,719.2162475118831,490,901.2162728743119,242
908.7061836354873,680,810.6877319308592,558,1236.3904166568984,302
1547.9738105455458,551,1088.388481533791,407,305.4589547696321,184
-1905.1756136838128,136,-1867.6146925273695,95,-50000,0
