original performance,number of trades,q learning performance,number of trades
810.935795511798,1948,912.5526542368624,776,889.6822686038174,728
