original performance,number of trades,q learning performance,number of trades
810.935795511798,1948,770.449186106616,1493,889.6822686038174,728
