original performance,number of trades,q learning performance,number of trades
810.935795511798,1948,694.9045593044582,1546,889.6822686038174,728
