original performance,number of trades,q learning performance,number of trades
810.935795511798,1948,800.1672031938538,968,889.5412990653908,728
