original performance,number of trades,q learning performance,number of trades
810.935795511798,1948,684.584191440509,1509,889.5412990653908,728
