original performance,number of trades,q learning performance,number of trades,q learning training performance,number of trades
633.3098771691117,581,664.9655560527356,394,901.2162728743119,242
908.7061836354873,680,872.8215525674178,223,1236.3904166568984,302
1547.9738105455458,551,1408.4129407789824,267,305.4589547696321,184
-1905.1756136838128,136,-1736.3360456701828,73,-50000,0
