original performance,number of trades,q learning performance,number of trades,q learning training performance,number of trades
633.3098771691117,581,720.1050050263513,489,901.2162728743119,242
908.7061836354873,680,822.0506045415916,551,1236.3904166568984,302
1547.9738105455458,551,887.0241014828235,406,305.4589547696321,184
-1905.1756136838128,136,-1807.1937939187756,92,-50000,0
