original performance,number of trades,q learning performance,number of trades
810.935795511798,1948,656.9825686641612,1567,889.6822686038174,728
