original performance,number of trades,q learning performance,number of trades
810.935795511798,1948,638.4384134798385,1565,889.6822686038174,728
