original performance,number of trades,q learning performance,number of trades,q learning training performance,number of trades
633.3098771691117,581,832.5266990067431,321,901.2162728743119,242
908.7061836354873,680,867.9511195674087,132,1236.3904166568984,302
1547.9738105455458,551,1608.4982519519422,258,305.4589547696321,184
-1905.1756136838128,136,-1344.733194862924,41,-50000,0
