original performance,number of trades,q learning performance,number of trades
810.935795511798,1948,628.8366874553268,1563,889.6822686038174,728
