original performance,number of trades,q learning performance,number of trades
810.935795511798,1948,739.752394788927,1506,876.2932922237522,728
