original performance,number of trades,q learning performance,number of trades
810.935795511798,1948,629.4628935083983,1577,889.6822686038174,728
