original performance,number of trades,q learning performance,number of trades
810.935795511798,1948,695.8191080087147,1529,889.6822686038174,728
