original performance,number of trades,q learning performance,number of trades,q learning training performance,number of trades
633.3098771691117,581,665.7280761001057,489,901.2162728743119,242
908.7061836354873,680,824.6744340378999,538,1236.3904166568984,302
1547.9738105455458,551,1186.7190050120269,393,304.90120572629183,184
-1905.1756136838128,136,-1673.6986442037148,101,-50000,0
