original performance,number of trades,q learning performance,number of trades
810.935795511798,1948,795.9670092954607,977,889.6822686038174,728
