original performance,number of trades,q learning performance,number of trades
810.935795511798,1948,613.3034963711648,1561,889.6822686038174,728
