original performance,number of trades,q learning performance,number of trades
810.935795511798,1948,690.5357625112226,1550,889.6822686038174,728
