original performance,number of trades,q learning performance,number of trades,q learning training performance,number of trades
633.3098771691117,581,716.5155821724172,489,901.2162728743119,242
908.7061836354873,680,793.978803007847,566,1236.3904166568984,302
1547.9738105455458,551,1033.1561390731135,406,305.4589547696321,184
-1905.1756136838128,136,-1448.9676912195541,85,-50000,0
