original performance,number of trades,q learning performance,number of trades
810.935795511798,1948,993.4432172016806,767,889.6822686038174,728
