original performance,number of trades,q learning performance,number of trades,q learning training performance,number of trades
633.3098771691117,581,656.440070701368,396,901.2162728743119,242
908.7061836354873,680,909.3262915824777,268,1236.3904166568984,302
1547.9738105455458,551,1269.1502423695156,280,305.4589547696321,184
-1905.1756136838128,136,-1528.248238956227,68,-50000,0
