original performance,number of trades,q learning performance,number of trades,q learning training performance,number of trades
633.3098771691117,581,691.1459149730449,490,901.2162728743119,242
908.7061836354873,680,827.4556202948847,553,1215.9189130012562,302
1547.9738105455458,551,966.6027088447157,406,277.0971192898958,184
-1905.1756136838128,136,-1754.5856838781856,103,-50000,0
