original performance,number of trades,q learning performance,number of trades
810.935795511798,1948,655.9610457375785,1498,889.6822686038174,728
