original performance,number of trades,q learning performance,number of trades,q learning training performance,number of trades
633.3098771691117,581,698.061600675288,485,901.2162728743119,242
908.7061836354873,680,801.5334710604094,547,1236.3904166568984,302
1547.9738105455458,551,980.4985903033088,425,304.90120572629183,184
-1905.1756136838128,136,-1601.544811961415,91,-50000,0
