original performance,number of trades,q learning performance,number of trades
810.935795511798,1948,694.9712533515117,1576,889.6822686038174,728
