original performance,number of trades,q learning performance,number of trades
810.935795511798,1948,687.8497544578344,1534,889.6822686038174,728
