original performance,number of trades,q learning performance,number of trades
810.935795511798,1948,679.2421360597605,1541,889.5412990653908,728
