original performance,number of trades,q learning performance,number of trades
810.935795511798,1948,742.7631809766609,1513,889.6822686038174,728
