original performance,number of trades,q learning performance,number of trades
810.935795511798,1948,681.3506183783315,1559,889.6822686038174,728
