original performance,number of trades,q learning performance,number of trades,q learning training performance,number of trades
633.3098771691117,581,700.8924892714175,489,901.2162728743119,242
908.7061836354873,680,766.914707283699,573,1236.3904166568984,302
1547.9738105455458,551,1005.5503478162871,381,304.90120572629183,184
-1905.1756136838128,136,-1618.3635019509188,83,-50000,0
