original performance,number of trades,q learning performance,number of trades,q learning training performance,number of trades
633.3098771691117,581,687.7922855040376,487,901.2162728743119,242
908.7061836354873,680,784.4189152301102,561,1211.8846146791975,302
1547.9738105455458,551,940.3292366544107,399,305.4589547696321,184
-1905.1756136838128,136,-1714.3546107545192,98,-50000,0
