original performance,number of trades,q learning performance,number of trades,q learning training performance,number of trades
633.3098771691117,581,723.2247312743892,491,901.2162728743119,242
908.7061836354873,680,810.9738090569055,566,1236.3904166568984,302
1547.9738105455458,551,1195.5744334739975,395,305.4589547696321,184
-1905.1756136838128,136,-1680.9809411982055,93,-50000,0
