original performance,number of trades,q learning performance,number of trades
810.935795511798,1948,652.9734003454606,1496,889.6822686038174,728
