original performance,number of trades,q learning performance,number of trades
810.935795511798,1948,656.5113000228943,1518,889.6822686038174,728
