original performance,number of trades,q learning performance,number of trades,q learning training performance,number of trades
633.3098771691117,581,681.839900939191,488,901.2162728743119,242
908.7061836354873,680,793.3338895484583,536,1204.1150033963438,302
1547.9738105455458,551,1286.4698911338355,389,305.4589547696321,184
-1905.1756136838128,136,-1551.9840597337293,93,-50000,0
