original performance,number of trades,q learning performance,number of trades
810.935795511798,1948,713.45551726896,1530,882.5138926034446,728
