original performance,number of trades,q learning performance,number of trades,q learning training performance,number of trades
633.3098771691117,581,691.1459149730449,490,901.2162728743119,242
908.7061836354873,680,792.2955687863983,548,1236.3904166568984,302
1547.9738105455458,551,988.2630126495777,367,305.4589547696321,184
-1905.1756136838128,136,-1743.7778984321342,91,-50000,0
