original performance,number of trades,q learning performance,number of trades
810.935795511798,1948,792.1993800212427,970,889.6822686038174,728
