original performance,number of trades,q learning performance,number of trades,q learning training performance,number of trades
633.3098771691117,581,652.2943267434001,393,901.2162728743119,242
908.7061836354873,680,900.228264084436,266,1236.3904166568984,302
1547.9738105455458,551,1472.522719108895,292,305.4589547696321,184
-1905.1756136838128,136,-1498.1620106623723,65,-50000,0
