original performance,number of trades,q learning performance,number of trades
810.935795511798,1948,749.8660023289664,957,889.6822686038174,728
