original performance,number of trades,q learning performance,number of trades
810.935795511798,1948,713.4887052072962,1487,869.1249162233793,728
