original performance,number of trades,q learning performance,number of trades,q learning training performance,number of trades
633.3098771691117,581,673.5660813793694,485,901.2162728743119,242
908.7061836354873,680,818.6522875924147,524,1236.3904166568984,302
1547.9738105455458,551,1012.9445970860924,410,305.4589547696321,184
-1905.1756136838128,136,-1761.3785811915543,99,-50000,0
