original performance,number of trades,q learning performance,number of trades
810.935795511798,1948,663.3080924318723,1528,889.6822686038174,728
