original performance,number of trades,q learning performance,number of trades
810.935795511798,1948,700.7127455676135,1543,889.6822686038174,728
