original performance,number of trades,q learning performance,number of trades
810.935795511798,1948,649.4605867985598,1552,874.0215930100326,728
