original performance,number of trades,q learning performance,number of trades
810.935795511798,1948,1017.7350729390878,735,889.6822686038174,728
