original performance,number of trades,q learning performance,number of trades
810.935795511798,1948,1022.0658431905784,755,889.6822686038174,728
