original performance,number of trades,q learning performance,number of trades
810.935795511798,1948,729.6697949573652,1522,879.51640020098,728
