original performance,number of trades,q learning performance,number of trades,q learning training performance,number of trades
633.3098771691117,581,688.6459984701188,488,901.2162728743119,242
908.7061836354873,680,711.4593597053404,553,1211.8846146791975,302
1547.9738105455458,551,1203.471869781727,393,304.90120572629183,184
-1905.1756136838128,136,-1740.7602530293082,87,-50000,0
