original performance,number of trades,q learning performance,number of trades,q learning training performance,number of trades
633.3098771691117,581,723.2247312743892,491,901.2162728743119,242
908.7061836354873,680,814.615568311952,556,1236.3904166568984,302
1547.9738105455458,551,859.3692876527895,424,305.4589547696321,184
-1905.1756136838128,136,-1843.043190489424,94,-50000,0
