original performance,number of trades,q learning performance,number of trades,q learning training performance,number of trades
633.3098771691117,581,691.0976445870322,488,901.2162728743119,242
908.7061836354873,680,818.4690987147486,549,1236.3904166568984,302
1547.9738105455458,551,1058.796665133852,396,305.4589547696321,184
-1905.1756136838128,136,-1716.5804300209911,97,-50000,0
