original performance,number of trades,q learning performance,number of trades
810.935795511798,1948,712.0265520084828,1561,881.1899690104054,728
