original performance,number of trades,q learning performance,number of trades
810.935795511798,1948,688.2940954595883,1516,889.6822686038174,728
