original performance,number of trades,q learning performance,number of trades
920.2105992423028,1559,829.3469915960707,1387,562.3062189980159,630
