original performance,number of trades,q learning performance,number of trades
920.2105992423028,1559,833.7642019888409,1389,562.3062189980159,630
