original performance,number of trades,q learning performance,number of trades
920.2105992423028,1559,891.0401598837209,1075,562.3062189980159,630
