original performance,number of trades,q learning performance,number of trades
920.2105992423028,1559,832.5201415136789,1389,562.3062189980159,630
