original performance,number of trades,q learning performance,number of trades
920.2105992423028,1559,881.0032048515193,1086,562.3062189980159,630
