original performance,number of trades,q learning performance,number of trades
527.2818497973593,1839,637.7061707632882,672,109.97676979727437,714
