original performance,number of trades,q learning performance,number of trades
527.2818497973593,1839,544.7592663532979,1480,109.97676979727437,714
