original performance,number of trades,q learning performance,number of trades
527.2818497973593,1839,580.5861343990099,1510,109.8674465147387,714
