original performance,number of trades,q learning performance,number of trades
527.2818497973593,1839,586.4925055747576,1526,109.8674465147387,714
