original performance,number of trades,q learning performance,number of trades
527.2818497973593,1839,556.376819686788,1502,107.94139633392419,714
