original performance,number of trades,q learning performance,number of trades
527.2818497973593,1839,796.119974040299,834,109.97676979727437,714
