original performance,number of trades,q learning performance,number of trades
527.2818497973593,1839,576.946659337833,1543,109.8674465147387,714
