original performance,number of trades,q learning performance,number of trades
527.2818497973593,1839,809.0077395735116,870,109.8674465147387,714
