original performance,number of trades,q learning performance,number of trades
527.2818497973593,1839,610.0244506835937,1520,109.69060078254935,714
