original performance,number of trades,q learning performance,number of trades
527.2818497973593,1839,572.6326040944094,1512,109.69060078254935,714
