original performance,number of trades,q learning performance,number of trades
527.2818497973593,1839,620.8445296519443,1501,109.8674465147387,714
