original performance,number of trades,q learning performance,number of trades
527.2818497973593,1839,537.7578377953188,1496,109.8674465147387,714
