original performance,number of trades,q learning performance,number of trades,q learning training performance,number of trades
-249.1508136906036,584,-187.85526348749798,480,-1100.5264713938643,205
1090.9103340664603,577,1135.9193920886057,493,980.2586879004244,289
975.217861286108,552,870.1325057073934,453,94.35692110928622,220
-417.46131121923054,126,-444.35727291296024,101,-50000,0
