original performance,number of trades,q learning performance,number of trades,q learning training performance,number of trades
-249.1508136906036,584,-193.79412653849369,479,-1101.5231771329554,205
1090.9103340664603,577,1295.9033540706046,485,980.5287807161008,289
975.217861286108,552,942.2173289140778,446,94.35692110928622,220
-417.46131121923054,126,-454.89447504931155,101,-50000,0
