original performance,number of trades,q learning performance,number of trades
527.2818497973593,1839,591.7130700227256,1498,109.8674465147387,714
