original performance,number of trades,q learning performance,number of trades
527.2818497973593,1839,550.2468323508898,1536,109.8674465147387,714
