original performance,number of trades,q learning performance,number of trades
527.2818497973593,1839,610.7534755028844,1508,109.8674465147387,714
