original performance,number of trades,q learning performance,number of trades,q learning training performance,number of trades
-249.1508136906036,584,-195.6622166962116,479,-1101.5231771329554,205
1090.9103340664603,577,1343.5934092860068,465,980.5287807161008,289
975.217861286108,552,960.5233022698148,458,94.35692110928622,220
-417.46131121923054,126,-477.94988127208893,105,-50000,0
