original performance,number of trades,q learning performance,number of trades,q learning training performance,number of trades
-249.1508136906036,584,-202.0572941672353,478,-1100.5264713938643,205
1090.9103340664603,577,1203.5517657830462,492,980.2586879004244,289
975.217861286108,552,861.0716080799474,463,94.35692110928622,220
-417.46131121923054,126,-476.3213806152344,103,-50000,0
