original performance,number of trades,q learning performance,number of trades
527.2818497973593,1839,696.2757666698923,661,109.8674465147387,714
