original performance,number of trades,q learning performance,number of trades
527.2818497973593,1839,557.5045125514526,1507,109.69060078254935,714
