original performance,number of trades,q learning performance,number of trades
527.2818497973593,1839,749.437370206103,648,109.97676979727437,714
