original performance,number of trades,q learning performance,number of trades,q learning training performance,number of trades
-249.1508136906036,584,-187.42958707809447,480,-1100.5264713938643,205
1090.9103340664603,577,1276.8404961180638,487,980.2586879004244,289
975.217861286108,552,884.9982541679816,458,94.35692110928622,220
-417.46131121923054,126,-417.78967043432857,101,-50000,0
