original performance,number of trades,q learning performance,number of trades
527.2818497973593,1839,693.2132611158418,656,109.97676979727437,714
