original performance,number of trades,q learning performance,number of trades
527.2818497973593,1839,584.2982218626674,1459,107.94139633392419,714
