original performance,number of trades,q learning performance,number of trades
527.2818497973593,1839,765.7895617546682,851,109.8674465147387,714
