original performance,number of trades,q learning performance,number of trades
527.2818497973593,1839,815.4804124360926,850,107.94139633392419,714
