original performance,number of trades,q learning performance,number of trades
875.9376626869688,1662,876.8701826038927,1414,885.9969778265064,654
