original performance,number of trades,q learning performance,number of trades
875.9376626869688,1662,892.7457738401179,1425,885.9969778265064,654
