original performance,number of trades,q learning performance,number of trades
875.9376626869688,1662,1023.0584047675962,862,885.9969778265064,654
