original performance,number of trades,q learning performance,number of trades
875.9376626869688,1662,878.8469593232853,1404,885.9969778265064,654
