original performance,number of trades,q learning performance,number of trades
875.9376626869688,1662,880.9880512175718,1419,880.7772636763547,654
