original performance,number of trades,q learning performance,number of trades
875.9376626869688,1662,876.7573872469784,1424,880.0564137496715,654
