original performance,number of trades,q learning performance,number of trades
875.9376626869688,1662,872.5699659136201,1426,885.9969778265064,654
