original performance,number of trades,q learning performance,number of trades
875.9376626869688,1662,1017.6444116652821,663,885.9969778265064,654
