original performance,number of trades,q learning performance,number of trades
875.9376626869688,1662,1061.5019731105988,849,885.9969778265064,654
