original performance,number of trades,q learning performance,number of trades
875.9376626869688,1662,1052.3093501652513,856,885.9969778265064,654
