original performance,number of trades,q learning performance,number of trades
875.9376626869688,1662,871.6059786152636,1404,877.9699250667467,654
