original performance,number of trades,q learning performance,number of trades
875.9376626869688,1662,881.4865462271015,1424,885.9969778265064,654
