original performance,number of trades,q learning performance,number of trades
875.9376626869688,1662,877.6831795797959,1419,872.0293609899119,654
