original performance,number of trades,q learning performance,number of trades
875.9376626869688,1662,1061.6925997837611,875,885.9969778265064,654
