original performance,number of trades,q learning performance,number of trades
875.9376626869688,1662,1052.333025055616,669,885.9969778265064,654
