original performance,number of trades,q learning performance,number of trades
875.9376626869688,1662,885.7232039738105,1418,885.9969778265064,654
