original performance,number of trades,q learning performance,number of trades
875.9376626869688,1662,878.0066458932519,1403,885.9969778265064,654
