original performance,number of trades,q learning performance,number of trades
875.9376626869688,1662,872.8422485138153,1430,877.9699250667467,654
