original performance,number of trades,q learning performance,number of trades
875.9376626869688,1662,891.5518440634518,1416,885.9969778265064,654
