original performance,number of trades,q learning performance,number of trades
1204.2041569295193,743,1201.2574516036884,735,837.2928364129714,324
