original performance,number of trades,q learning performance,number of trades
1204.2041569295193,743,1172.5359848459616,733,837.2928364129714,324
