original performance,number of trades,q learning performance,number of trades
1204.2041569295193,743,1174.4507182330747,733,837.2928364129714,324
