original performance,number of trades,q learning performance,number of trades
1204.2041569295193,743,1224.307452533556,736,837.2928364129714,324
