original performance,number of trades,q learning performance,number of trades
1204.2041569295193,743,1200.5386335304618,726,837.2928364129714,324
