original performance,number of trades,q learning performance,number of trades
1204.2041569295193,743,1209.7676489723476,734,837.2928364129714,324
