original performance,number of trades,q learning performance,number of trades
1204.2041569295193,743,1176.5040404114018,737,837.2928364129714,324
