original performance,number of trades,q learning performance,number of trades
1204.2041569295193,743,1206.5258075611011,740,837.2928364129714,324
