original performance,number of trades,q learning performance,number of trades
-512.3732065736104,1721,-447.4323528322399,1521,-489.9422826352327,644
