original performance,number of trades,q learning performance,number of trades
-512.3732065736104,1721,-443.8803790997137,1479,-495.06817577196205,644
