original performance,number of trades,q learning performance,number of trades
-512.3732065736104,1721,-475.45969324137735,1109,-489.9422826352327,644
