original performance,number of trades,q learning performance,number of trades
-512.3732065736104,1721,-444.56613301335966,1492,-469.0175821055537,644
