original performance,number of trades,q learning performance,number of trades
-512.3732065736104,1721,-430.64420923050454,1473,-495.06817577196205,644
