original performance,number of trades,q learning performance,number of trades
-512.3732065736104,1721,-572.1260455466793,1098,-495.06817577196205,644
