original performance,number of trades,q learning performance,number of trades
-512.3732065736104,1721,-606.3565387691586,1114,-495.06817577196205,644
