original performance,number of trades,q learning performance,number of trades,q learning training performance,number of trades
210.30624505464672,527,417.35457209105135,465,-1162.0559271240234,225
-338.48053338045537,539,-751.5012264038359,447,173.9122803262818,231
-1211.2530299987793,500,-878.761292111399,427,-501.24459132742373,188
-1319.7300462292087,155,-1148.5798879255328,114,-50000,0
