original performance,number of trades,q learning performance,number of trades
-512.3732065736104,1721,-492.80971399238564,1444,-495.06817577196205,644
