original performance,number of trades,q learning performance,number of trades
-512.3732065736104,1721,-435.93221375633834,1523,-495.06817577196205,644
