original performance,number of trades,q learning performance,number of trades
-512.3732065736104,1721,-467.58528152021387,1442,-495.06817577196205,644
