original performance,number of trades,q learning performance,number of trades
-512.3732065736104,1721,-419.3729543445382,1467,-491.8381286289381,644
