original performance,number of trades,q learning performance,number of trades
1285.3038013678715,1713,1144.9724978668082,1406,567.6577017435213,615
