original performance,number of trades,q learning performance,number of trades
1285.3038013678715,1713,1153.0021697605116,1398,567.6577017435213,615
