original performance,number of trades,q learning performance,number of trades
1285.3038013678715,1713,1151.2939714704241,1407,567.6577017435213,615
