original performance,number of trades,q learning performance,number of trades
1285.3038013678715,1713,1157.0856318677593,1404,567.6577017435213,615
