original performance,number of trades,q learning performance,number of trades
1285.3038013678715,1713,1162.5581017363843,1390,567.6577017435213,615
