original performance,number of trades,q learning performance,number of trades
1285.3038013678715,1713,1158.2650617035952,1408,567.6577017435213,615
