original performance,number of trades,q learning performance,number of trades
1285.3038013678715,1713,1143.4606345767581,1409,567.6577017435213,615
