original performance,number of trades,q learning performance,number of trades
1285.3038013678715,1713,1147.1312955382868,1410,567.6577017435213,615
