original performance,number of trades,q learning performance,number of trades
1285.3038013678715,1713,1139.5147508021764,1400,567.6577017435213,615
