original performance,number of trades,q learning performance,number of trades
1285.3038013678715,1713,1146.5592856694825,1409,567.6577017435213,615
