original performance,number of trades,q learning performance,number of trades,q learning training performance,number of trades
-72.06104708537204,582,-20.432320875745592,482,-1049.6987075175136,242
676.8582560221354,621,724.2772636707012,520,1578.8019927537828,277
2147.3732711704633,524,2175.5495980936053,483,736.2123001643589,224
-2704.638986160506,67,-2701.054876804352,64,-50000,0
