original performance,number of trades,q learning performance,number of trades
737.1249886324573,1794,762.5330705753449,1550,468.65763123872944,743
