original performance,number of trades,q learning performance,number of trades
412.6022107444022,1411,315.13199459471286,714,128.01404008516226,519
