original performance,number of trades,q learning performance,number of trades
412.6022107444022,1411,404.27977952457724,1203,128.01404008516226,519
