original performance,number of trades,q learning performance,number of trades
412.6022107444022,1411,392.26374646603074,905,128.01404008516226,519
