original performance,number of trades,q learning performance,number of trades
412.6022107444022,1411,434.4471768848245,1161,128.01404008516226,519
