original performance,number of trades,q learning performance,number of trades
412.6022107444022,1411,398.17411535815893,1211,128.01404008516226,519
