original performance,number of trades,q learning performance,number of trades
412.6022107444022,1411,420.60946522134304,1169,128.01404008516226,519
