original performance,number of trades,q learning performance,number of trades
412.6022107444022,1411,364.7220694147271,911,128.01404008516226,519
