original performance,number of trades,q learning performance,number of trades
412.6022107444022,1411,410.0553376278635,1180,128.01404008516226,519
