original performance,number of trades,q learning performance,number of trades,q learning training performance,number of trades
-144.62152081866597,344,-161.5127569856544,287,-266.0125011469694,149
1233.3175518224057,446,1505.405052133158,294,1029.7809489323542,208
-146.10962175455032,467,-505.566452567459,282,-667.4030117458767,162
974.708362133472,154,1193.1991700590327,89,-50000,0
