original performance,number of trades,q learning performance,number of trades
412.6022107444022,1411,400.0552010965917,921,128.01404008516226,519
