original performance,number of trades,q learning performance,number of trades
412.6022107444022,1411,364.19547078097463,922,128.01404008516226,519
