original performance,number of trades,q learning performance,number of trades
412.6022107444022,1411,422.75192191790336,1195,128.01404008516226,519
