original performance,number of trades,q learning performance,number of trades
412.6022107444022,1411,429.27894647316856,1220,128.01404008516226,519
