original performance,number of trades,q learning performance,number of trades
412.6022107444022,1411,402.38383342881406,1212,128.01404008516226,519
