original performance,number of trades,q learning performance,number of trades
412.6022107444022,1411,395.2997566811948,1218,128.01404008516226,519
