original performance,number of trades,q learning performance,number of trades
412.6022107444022,1411,426.25242219335615,1204,128.01404008516226,519
