original performance,number of trades,q learning performance,number of trades
412.6022107444022,1411,386.4969907666816,1220,128.01404008516226,519
