original performance,number of trades,q learning performance,number of trades
412.6022107444022,1411,411.6014856037341,1216,128.01404008516226,519
