original performance,number of trades,q learning performance,number of trades
412.6022107444022,1411,372.2973784958107,690,128.01404008516226,519
