original performance,number of trades,q learning performance,number of trades
412.6022107444022,1411,359.1855850472635,905,128.01404008516226,519
