original performance,number of trades,q learning performance,number of trades
412.6022107444022,1411,407.4357215741242,1198,128.01404008516226,519
