original performance,number of trades,q learning performance,number of trades
412.6022107444022,1411,404.5594195848242,1214,128.01404008516226,519
