original performance,number of trades,q learning performance,number of trades
412.6022107444022,1411,369.8827073357322,704,128.01404008516226,519
