original performance,number of trades,q learning performance,number of trades
412.6022107444022,1411,400.63829278277643,1213,128.01404008516226,519
