original performance,number of trades,q learning performance,number of trades
412.6022107444022,1411,389.1637825332981,1213,128.01404008516226,519
