original performance,number of trades,q learning performance,number of trades
412.6022107444022,1411,385.67381256103516,1200,128.01404008516226,519
