original performance,number of trades,q learning performance,number of trades
412.6022107444022,1411,422.2368888789096,1158,128.01404008516226,519
