original performance,number of trades,q learning performance,number of trades
412.6022107444022,1411,406.5253571036239,1209,128.01404008516226,519
