original performance,number of trades,q learning performance,number of trades,q learning training performance,number of trades
-144.62152081866597,344,-234.38295517453722,314,-266.0125011469694,149
1233.3175518224057,446,1387.4567238547586,385,1029.7809489323542,208
-146.10962175455032,467,-372.4096333227992,377,-667.4030117458767,162
974.708362133472,154,1197.0114897420583,121,-50000,0
