original performance,number of trades,q learning performance,number of trades
412.6022107444022,1411,403.1653361760591,1181,128.01404008516226,519
