original performance,number of trades,q learning performance,number of trades
412.6022107444022,1411,353.51945754341455,920,128.01404008516226,519
