original performance,number of trades,q learning performance,number of trades,q learning training performance,number of trades
-144.62152081866597,344,-72.00008061726888,240,-266.0125011469694,149
1233.3175518224057,446,1834.4521079925169,166,1029.7809489323542,208
-146.10962175455032,467,-374.1928878429324,215,-667.4030117458767,162
974.708362133472,154,726.0526299960371,69,-50000,0
