original performance,number of trades,q learning performance,number of trades
412.6022107444022,1411,399.79974738309903,1227,128.01404008516226,519
