original performance,number of trades,q learning performance,number of trades
412.6022107444022,1411,384.19945298891497,1202,128.01404008516226,519
