original performance,number of trades,q learning performance,number of trades
412.6022107444022,1411,343.079228407967,703,128.01404008516226,519
