original performance,number of trades,q learning performance,number of trades
412.6022107444022,1411,422.2212716971434,1214,128.01404008516226,519
