original performance,number of trades,q learning performance,number of trades,q learning training performance,number of trades
-144.62152081866597,344,-185.95885238377872,283,-266.0125011469694,149
1233.3175518224057,446,1517.3959295927589,268,1029.7809489323542,208
-146.10962175455032,467,-448.89912105251005,296,-667.4030117458767,162
974.708362133472,154,1249.5053806947858,89,-50000,0
