original performance,number of trades,q learning performance,number of trades
412.6022107444022,1411,409.73507382966994,1201,128.01404008516226,519
