original performance,number of trades,q learning performance,number of trades
412.6022107444022,1411,394.5439924140722,1209,128.01404008516226,519
