original performance,number of trades,q learning performance,number of trades
412.6022107444022,1411,372.00064570164216,922,128.01404008516226,519
