original performance,number of trades,q learning performance,number of trades
412.6022107444022,1411,359.18315782256326,689,128.01404008516226,519
