original performance,number of trades,q learning performance,number of trades
412.6022107444022,1411,410.8159371555442,1212,128.01404008516226,519
