original performance,number of trades,q learning performance,number of trades
412.6022107444022,1411,399.68286178361126,1206,128.01404008516226,519
