original performance,number of trades,q learning performance,number of trades
412.6022107444022,1411,392.17451227690384,1181,128.01404008516226,519
