original performance,number of trades,q learning performance,number of trades
412.6022107444022,1411,419.98965512254364,1207,128.01404008516226,519
