original performance,number of trades,q learning performance,number of trades
412.6022107444022,1411,394.80718187730633,1211,128.01404008516226,519
