original performance,number of trades,q learning performance,number of trades
412.6022107444022,1411,383.0722846384372,1207,128.01404008516226,519
