original performance,number of trades,q learning performance,number of trades
412.6022107444022,1411,420.3930484034434,1190,128.01404008516226,519
