original performance,number of trades,q learning performance,number of trades
412.6022107444022,1411,309.0779263999552,906,128.01404008516226,519
