original performance,number of trades,q learning performance,number of trades
412.6022107444022,1411,399.36280123705933,1218,128.01404008516226,519
