original performance,number of trades,q learning performance,number of trades
412.6022107444022,1411,307.4633186660524,691,128.01404008516226,519
