original performance,number of trades,q learning performance,number of trades
412.6022107444022,1411,359.1951893728017,693,128.01404008516226,519
