original performance,number of trades,q learning performance,number of trades
412.6022107444022,1411,406.3322529067341,1170,128.01404008516226,519
