original performance,number of trades,q learning performance,number of trades
412.6022107444022,1411,416.5878801205808,1226,128.01404008516226,519
