original performance,number of trades,q learning performance,number of trades
412.6022107444022,1411,381.95178350367127,1147,128.01404008516226,519
