original performance,number of trades,q learning performance,number of trades
412.6022107444022,1411,410.7501811638936,1226,128.01404008516226,519
