original performance,number of trades,q learning performance,number of trades
412.6022107444022,1411,357.3316699668301,706,128.01404008516226,519
