original performance,number of trades,q learning performance,number of trades
412.6022107444022,1411,352.0917207780835,697,128.01404008516226,519
