original performance,number of trades,q learning performance,number of trades
412.6022107444022,1411,403.690202069928,1219,128.01404008516226,519
