original performance,number of trades,q learning performance,number of trades
412.6022107444022,1411,417.0795793517562,1210,128.01404008516226,519
