original performance,number of trades,q learning performance,number of trades
412.6022107444022,1411,310.5586198048895,677,128.01404008516226,519
