original performance,number of trades,q learning performance,number of trades
412.6022107444022,1411,430.5228063386507,1182,128.01404008516226,519
