original performance,number of trades,q learning performance,number of trades,q learning training performance,number of trades
-144.62152081866597,344,-234.3316911969866,315,-266.0125011469694,149
1233.3175518224057,446,1348.0091850004048,386,1029.7809489323542,208
-146.10962175455032,467,-298.40225517655426,379,-667.4030117458767,162
974.708362133472,154,1107.9925905338005,121,-50000,0
