original performance,number of trades,q learning performance,number of trades
412.6022107444022,1411,362.58471426827566,700,128.01404008516226,519
