original performance,number of trades,q learning performance,number of trades
-59.92019241323687,1637,-63.07787383029048,1398,-1.1973928998607073,645
