original performance,number of trades,q learning performance,number of trades
-59.92019241323687,1637,-90.1368238055084,1399,-1.1353516571281492,645
