original performance,number of trades,q learning performance,number of trades
-59.92019241323687,1637,-188.16215141050276,620,-1.0942907998728197,645
