original performance,number of trades,q learning performance,number of trades
-59.92019241323687,1637,-156.05699097876456,612,-1.0942907998728197,645
