original performance,number of trades,q learning performance,number of trades
-59.92019241323687,1637,-80.81953482342581,1404,-1.0322495571402617,645
