original performance,number of trades,q learning performance,number of trades,q learning training performance,number of trades
52.55219128178615,510,-76.36128600214569,426,157.52119784175602,239
-52.126208994339926,490,145.8208142089844,400,-721.4499534535631,214
85.79282768041708,514,24.006718236594658,447,604.3588864008585,192
-1166.2328744283536,123,-1075.4534673276155,115,-50000,0
