original performance,number of trades,q learning performance,number of trades
-59.92019241323687,1637,-79.50497080551688,763,-1.1973928998607073,645
