original performance,number of trades,q learning performance,number of trades,q learning training performance,number of trades
52.55219128178615,510,-96.30619407476381,430,157.52119784175602,239
-52.126208994339926,490,112.2427552619203,407,-721.5737116448233,214
85.79282768041708,514,6.099938742392156,439,604.3588864008585,192
-1166.2328744283536,123,-1041.7968604163786,113,-50000,0
