original performance,number of trades,q learning performance,number of trades
-59.92019241323687,1637,-78.27819664996603,1380,-1.0322495571402617,645
