original performance,number of trades,q learning performance,number of trades
-59.92019241323687,1637,-71.54562074717153,1399,-1.0942907998728197,645
