original performance,number of trades,q learning performance,number of trades
-59.92019241323687,1637,-86.75046323669521,1394,-1.0942907998728197,645
