original performance,number of trades,q learning performance,number of trades
-59.92019241323687,1637,-86.4571367926689,1407,-1.1353516571281492,645
