original performance,number of trades,q learning performance,number of trades
-59.92019241323687,1637,-90.07895481654576,1400,-1.0942907998728197,645
