original performance,number of trades,q learning performance,number of trades
-59.92019241323687,1637,-49.05204356085394,776,-1.0942907998728197,645
