original performance,number of trades,q learning performance,number of trades
-59.92019241323687,1637,-84.00086450440152,1396,-1.1353516571281492,645
