original performance,number of trades,q learning performance,number of trades
-59.92019241323687,1637,-81.95153821710187,1396,-1.0942907998728197,645
