original performance,number of trades,q learning performance,number of trades
-59.92019241323687,1637,-82.91212431423327,764,-1.0942907998728197,645
