original performance,number of trades,q learning performance,number of trades
-59.92019241323687,1637,-144.89487350044806,619,-1.1353516571281492,645
