original performance,number of trades,q learning performance,number of trades
-59.92019241323687,1637,-61.30958482940313,761,-1.1353516571281492,645
