original performance,number of trades,q learning performance,number of trades
-59.92019241323687,1637,-53.783072436399685,1381,-1.1353516571281492,645
