original performance,number of trades,q learning performance,number of trades
-59.92019241323687,1637,-66.70187509259893,1371,-1.0942907998728197,645
