original performance,number of trades,q learning performance,number of trades
-59.92019241323687,1637,-83.68783710661914,1382,-1.0942907998728197,645
