original performance,number of trades,q learning performance,number of trades
-59.92019241323687,1637,-66.15699020987343,1395,-1.0942907998728197,645
