original performance,number of trades,q learning performance,number of trades
810.935795511798,1948,581.2232697566105,1625,889.6822686038174,728
