original performance,number of trades,q learning performance,number of trades,q learning training performance,number of trades
633.3098771691117,581,723.2247312743892,491,901.2162728743119,242
908.7061836354873,680,784.1569736913308,582,1208.273275034317,302
1547.9738105455458,551,754.564315846536,452,305.4589547696321,184
-1905.1756136838128,136,-1832.2214605097186,114,-50000,0
