original performance,number of trades,q learning performance,number of trades
810.935795511798,1948,628.6145640781948,1589,889.5412990653908,728
