original performance,number of trades,q learning performance,number of trades,q learning training performance,number of trades
633.3098771691117,581,724.8328118567068,491,901.2162728743119,242
908.7061836354873,680,738.9905644708483,582,1211.8846146791975,302
1547.9738105455458,551,812.0252166338415,447,304.90120572629183,184
-1905.1756136838128,136,-1827.58831425717,114,-50000,0
