original performance,number of trades,q learning performance,number of trades
810.935795511798,1948,590.770022506057,1626,886.2837024940239,728
