original performance,number of trades,q learning performance,number of trades
810.935795511798,1948,573.4721091783517,1645,878.0182895241203,728
