original performance,number of trades,q learning performance,number of trades,q learning training performance,number of trades
633.3098771691117,581,714.068949646745,489,901.2162728743119,242
908.7061836354873,680,790.9287571882337,579,1236.3904166568984,302
1547.9738105455458,551,760.8549305541175,448,304.90120572629183,184
-1905.1756136838128,136,-1804.3923562594823,112,-50000,0
