original performance,number of trades,q learning performance,number of trades
810.935795511798,1948,599.2701765109692,1626,889.6822686038174,728
