original performance,number of trades,q learning performance,number of trades,q learning training performance,number of trades
633.3098771691117,581,724.6272016564194,490,901.2162728743119,242
908.7061836354873,680,778.1344842713455,580,1236.3904166568984,302
1547.9738105455458,551,777.8016847835357,458,304.90120572629183,184
-1905.1756136838128,136,-1827.9059437645806,108,-50000,0
