original performance,number of trades,q learning performance,number of trades
810.935795511798,1948,588.4278714465099,1629,889.6822686038174,728
