original performance,number of trades,q learning performance,number of trades
810.935795511798,1948,586.5986990966796,1625,879.51640020098,728
