original performance,number of trades,q learning performance,number of trades
810.935795511798,1948,574.1566859654018,1638,886.1427329555972,728
