original performance,number of trades,q learning performance,number of trades
810.935795511798,1948,571.5632238616101,1631,889.6822686038174,728
