original performance,number of trades,q learning performance,number of trades
810.935795511798,1948,579.5430728926327,1638,889.5412990653908,728
