original performance,number of trades,q learning performance,number of trades
810.935795511798,1948,604.9155038312142,1613,876.1523226853255,728
