original performance,number of trades,q learning performance,number of trades
810.935795511798,1948,596.135198172401,1632,889.6822686038174,728
