original performance,number of trades,q learning performance,number of trades
810.935795511798,1948,574.4460268695537,1625,869.1249162233793,728
