original performance,number of trades,q learning performance,number of trades
810.935795511798,1948,587.0398419946796,1636,889.5412990653908,728
