original performance,number of trades,q learning performance,number of trades,q learning training performance,number of trades
633.3098771691117,581,726.2385640358439,490,901.2162728743119,242
908.7061836354873,680,796.3568566169673,581,1236.3904166568984,302
1547.9738105455458,551,775.0067293519039,439,304.90120572629183,184
-1905.1756136838128,136,-1890.9304594435134,111,-50000,0
