original performance,number of trades,q learning performance,number of trades
810.935795511798,1948,575.2919354940868,1643,881.1899690104054,728
