original performance,number of trades,q learning performance,number of trades
810.935795511798,1948,576.7265537740542,1642,878.0182895241203,728
