original performance,number of trades,q learning performance,number of trades
810.935795511798,1948,596.4403941165037,1626,889.5412990653908,728
