original performance,number of trades,q learning performance,number of trades
810.935795511798,1948,645.8066417838355,1613,876.2932922237522,728
