original performance,number of trades,q learning performance,number of trades
810.935795511798,1948,578.6307369274098,1638,879.3754306625534,728
