original performance,number of trades,q learning performance,number of trades
810.935795511798,1948,601.6533471653444,1628,889.6822686038174,728
