original performance,number of trades,q learning performance,number of trades
810.935795511798,1948,574.1823647653955,1638,889.5412990653908,728
