original performance,number of trades,q learning performance,number of trades,q learning training performance,number of trades
633.3098771691117,581,714.068949646745,489,901.2162728743119,242
908.7061836354873,680,764.1552253801798,582,1211.8846146791975,302
1547.9738105455458,551,784.417944987965,454,304.90120572629183,184
-1905.1756136838128,136,-1789.793429079309,113,-50000,0
