original performance,number of trades,q learning performance,number of trades
810.935795511798,1948,582.4382579281258,1629,876.2932922237522,728
