original performance,number of trades,q learning performance,number of trades
810.935795511798,1948,575.7611507068981,1639,878.0182895241203,728
