original performance,number of trades,q learning performance,number of trades
810.935795511798,1948,573.4895830742101,1639,876.1523226853255,728
