original performance,number of trades,q learning performance,number of trades
810.935795511798,1948,609.9006423807233,1601,889.6822686038174,728
