original performance,number of trades,q learning performance,number of trades
810.935795511798,1948,577.380067089189,1622,879.51640020098,728
