original performance,number of trades,q learning performance,number of trades
810.935795511798,1948,583.2648125465706,1633,869.1249162233793,728
