original performance,number of trades,q learning performance,number of trades
810.935795511798,1948,588.1720053491166,1633,889.5412990653908,728
