original performance,number of trades,q learning performance,number of trades,q learning training performance,number of trades
633.3098771691117,581,723.2247312743892,491,901.2162728743119,242
908.7061836354873,680,787.2312416143003,575,1236.3904166568984,302
1547.9738105455458,551,852.18032144454,433,305.4589547696321,184
-1905.1756136838128,136,-1999.6020581280743,108,-50000,0
