original performance,number of trades,q learning performance,number of trades
810.935795511798,1948,572.0615581894854,1636,889.5412990653908,728
