original performance,number of trades,q learning performance,number of trades
810.935795511798,1948,586.6046269982962,1639,889.6822686038174,728
