original performance,number of trades,q learning performance,number of trades,q learning training performance,number of trades
633.3098771691117,581,723.2247312743892,491,901.2162728743119,242
908.7061836354873,680,766.9490096102056,582,1204.1150033963438,302
1547.9738105455458,551,782.5492203676356,449,305.4589547696321,184
-1905.1756136838128,136,-1772.4610902217396,114,-50000,0
