original performance,number of trades,q learning performance,number of trades
810.935795511798,1948,617.4974010934586,1609,889.5412990653908,728
