original performance,number of trades,q learning performance,number of trades,q learning training performance,number of trades
633.3098771691117,581,721.7527940278161,489,901.2162728743119,242
908.7061836354873,680,781.2988596650742,582,1236.3904166568984,302
1547.9738105455458,551,765.9280363427788,459,304.90120572629183,184
-1905.1756136838128,136,-1882.7304379599434,112,-50000,0
