original performance,number of trades,q learning performance,number of trades
810.935795511798,1948,616.3517590239782,1621,889.6822686038174,728
