original performance,number of trades,q learning performance,number of trades
810.935795511798,1948,580.7179719130681,1645,889.6822686038174,728
