original performance,number of trades,q learning performance,number of trades
810.935795511798,1948,575.6521561528069,1634,879.3754306625534,728
