original performance,number of trades,q learning performance,number of trades
810.935795511798,1948,600.4344396241428,1636,889.5412990653908,728
