original performance,number of trades,q learning performance,number of trades,q learning training performance,number of trades
633.3098771691117,581,724.6272016564194,490,901.2162728743119,242
908.7061836354873,680,783.8145031297063,581,1211.8846146791975,302
1547.9738105455458,551,766.2809398120829,446,304.90120572629183,184
-1905.1756136838128,136,-1867.2934368028552,109,-50000,0
