original performance,number of trades,q learning performance,number of trades
810.935795511798,1948,595.1884365302896,1639,889.5412990653908,728
