original performance,number of trades,q learning performance,number of trades,q learning training performance,number of trades
633.3098771691117,581,723.2247312743892,491,901.2162728743119,242
908.7061836354873,680,756.5767635082376,580,1211.8846146791975,302
1547.9738105455458,551,869.8776387497952,441,305.4589547696321,184
-1905.1756136838128,136,-1828.510879717375,114,-50000,0
