original performance,number of trades,q learning performance,number of trades
810.935795511798,1948,574.0198535825921,1636,882.5138926034446,728
