original performance,number of trades,q learning performance,number of trades
810.935795511798,1948,590.5686144381488,1631,889.6822686038174,728
