original performance,number of trades,q learning performance,number of trades
810.935795511798,1948,582.58991729198,1644,889.6822686038174,728
