original performance,number of trades,q learning performance,number of trades,q learning training performance,number of trades
633.3098771691117,581,724.8328118567068,491,901.2162728743119,242
908.7061836354873,680,779.4766387807912,580,1236.3904166568984,302
1547.9738105455458,551,774.6881759543168,456,304.90120572629183,184
-1905.1756136838128,136,-1958.3898340627688,109,-50000,0
