original performance,number of trades,q learning performance,number of trades
810.935795511798,1948,594.0349039495694,1611,889.5412990653908,728
