original performance,number of trades,q learning performance,number of trades
810.935795511798,1948,585.3639131766054,1621,889.5412990653908,728
