original performance,number of trades,q learning performance,number of trades
810.935795511798,1948,580.0672195174213,1641,889.5412990653908,728
