original performance,number of trades,q learning performance,number of trades
810.935795511798,1948,595.9924134633345,1626,879.51640020098,728
