original performance,number of trades,q learning performance,number of trades,q learning training performance,number of trades
633.3098771691117,581,723.2247312743892,491,901.2162728743119,242
908.7061836354873,680,734.2710731168764,565,1232.232145018925,302
1547.9738105455458,551,1172.6237080891926,411,277.0971192898958,184
-1905.1756136838128,136,-1885.6638631911505,105,-50000,0
