original performance,number of trades,q learning performance,number of trades
810.935795511798,1948,585.5804844705559,1639,889.5412990653908,728
