original performance,number of trades,q learning performance,number of trades
810.935795511798,1948,585.2797467246332,1635,879.51640020098,728
