original performance,number of trades,q learning performance,number of trades
810.935795511798,1948,590.1631169275299,1631,889.5412990653908,728
