original performance,number of trades,q learning performance,number of trades,q learning training performance,number of trades
633.3098771691117,581,714.068949646745,489,901.2162728743119,242
908.7061836354873,680,751.1826859438132,582,1236.3904166568984,302
1547.9738105455458,551,774.7750504027763,438,304.90120572629183,184
-1905.1756136838128,136,-1654.20864127664,102,-50000,0
