original performance,number of trades,q learning performance,number of trades,q learning training performance,number of trades
633.3098771691117,581,714.068949646745,489,901.2162728743119,242
908.7061836354873,680,761.9974967982761,582,1228.1978466968662,302
1547.9738105455458,551,775.6653723580497,455,304.90120572629183,184
-1905.1756136838128,136,-1831.4406457628522,112,-50000,0
