original performance,number of trades,q learning performance,number of trades
810.935795511798,1948,589.7118250265836,1643,889.6822686038174,728
