original performance,number of trades,q learning performance,number of trades
810.935795511798,1948,590.940628392606,1634,889.6822686038174,728
