original performance,number of trades,q learning performance,number of trades
810.935795511798,1948,578.7849823509774,1640,889.5412990653908,728
