original performance,number of trades,q learning performance,number of trades
810.935795511798,1948,577.5567674996937,1642,889.5412990653908,728
