original performance,number of trades,q learning performance,number of trades
810.935795511798,1948,600.0071494239551,1635,879.51640020098,728
