original performance,number of trades,q learning performance,number of trades
810.935795511798,1948,607.3291690845301,1616,889.5412990653908,728
