original performance,number of trades,q learning performance,number of trades
810.935795511798,1948,617.9828837590115,1635,889.6822686038174,728
