original performance,number of trades,q learning performance,number of trades
810.935795511798,1948,571.901194801754,1622,889.5412990653908,728
