original performance,number of trades,q learning performance,number of trades
810.935795511798,1948,570.817808164015,1643,889.6822686038174,728
