original performance,number of trades,q learning performance,number of trades
810.935795511798,1948,595.6192560195923,1632,889.6822686038174,728
