original performance,number of trades,q learning performance,number of trades
810.935795511798,1948,565.9038237638795,1635,889.5412990653908,728
