original performance,number of trades,q learning performance,number of trades,q learning training performance,number of trades
633.3098771691117,581,727.7615505452059,490,901.2162728743119,242
908.7061836354873,680,762.96906864953,577,1236.3904166568984,302
1547.9738105455458,551,880.8502687062421,443,304.90120572629183,184
-1905.1756136838128,136,-1876.937277194673,113,-50000,0
