original performance,number of trades,q learning performance,number of trades,q learning training performance,number of trades
633.3098771691117,581,723.2247312743892,491,901.2162728743119,242
908.7061836354873,680,786.2503724770038,582,1236.3904166568984,302
1547.9738105455458,551,755.3574366949301,452,304.90120572629183,184
-1905.1756136838128,136,-1812.664317038207,113,-50000,0
