original performance,number of trades,q learning performance,number of trades
810.935795511798,1948,587.7874546481604,1639,889.6822686038174,728
