original performance,number of trades,q learning performance,number of trades
810.935795511798,1948,581.156297254679,1636,876.2932922237522,728
