original performance,number of trades,q learning performance,number of trades
810.935795511798,1948,577.7443592162473,1594,872.3480242006071,728
