original performance,number of trades,q learning performance,number of trades,q learning training performance,number of trades
633.3098771691117,581,724.8328118567068,491,901.2162728743119,242
908.7061836354873,680,774.0368685229071,580,1236.3904166568984,302
1547.9738105455458,551,797.931299537289,454,305.4589547696321,184
-1905.1756136838128,136,-1828.510879717375,114,-50000,0
