original performance,number of trades,q learning performance,number of trades
810.935795511798,1948,597.8832382648422,1607,889.6822686038174,728
