original performance,number of trades,q learning performance,number of trades
810.935795511798,1948,586.8115304330536,1637,889.6822686038174,728
