original performance,number of trades,q learning performance,number of trades
810.935795511798,1948,585.3652436505903,1636,879.3754306625534,728
