original performance,number of trades,q learning performance,number of trades
810.935795511798,1948,657.5060353489527,1609,889.5412990653908,728
