original performance,number of trades,q learning performance,number of trades
810.935795511798,1948,623.5086260561785,1603,872.3480242006071,728
