original performance,number of trades,q learning performance,number of trades
810.935795511798,1948,579.7369051668314,1634,889.5412990653908,728
