original performance,number of trades,q learning performance,number of trades
810.935795511798,1948,578.8092535546336,1631,889.6822686038174,728
