original performance,number of trades,q learning performance,number of trades
810.935795511798,1948,670.4326576058191,1572,880.7888953030764,728
