original performance,number of trades,q learning performance,number of trades
810.935795511798,1948,579.8605398863626,1636,889.6822686038174,728
