original performance,number of trades,q learning performance,number of trades,q learning training performance,number of trades
633.3098771691117,581,723.2247312743892,491,901.2162728743119,242
908.7061836354873,680,743.418129688276,582,1228.1978466968662,302
1547.9738105455458,551,781.4395797220866,450,305.4589547696321,184
-1905.1756136838128,136,-1837.1803643555768,113,-50000,0
