original performance,number of trades,q learning performance,number of trades
810.935795511798,1948,615.36996820359,1575,889.5412990653908,728
