original performance,number of trades,q learning performance,number of trades
810.935795511798,1948,591.537775150362,1637,879.3754306625534,728
