original performance,number of trades,q learning performance,number of trades
810.935795511798,1948,609.550570325211,1623,872.3480242006071,728
