original performance,number of trades,q learning performance,number of trades,q learning training performance,number of trades
633.3098771691117,581,723.2247312743892,491,901.2162728743119,242
908.7061836354873,680,759.4993786546919,576,1204.1150033963438,302
1547.9738105455458,551,897.0704580236364,432,304.90120572629183,184
-1905.1756136838128,136,-1792.813292520088,114,-50000,0
