original performance,number of trades,q learning performance,number of trades
810.935795511798,1948,575.1803778027283,1623,879.3754306625534,728
