original performance,number of trades,q learning performance,number of trades
810.935795511798,1948,586.8262601412259,1625,872.3480242006071,728
