original performance,number of trades,q learning performance,number of trades
810.935795511798,1948,569.5715918319441,1636,886.2837024940239,728
