original performance,number of trades,q learning performance,number of trades
810.935795511798,1948,559.343522035181,1639,889.6822686038174,728
