original performance,number of trades,q learning performance,number of trades,q learning training performance,number of trades
633.3098771691117,581,724.8328118567068,491,901.2162728743119,242
908.7061836354873,680,740.4093555595636,578,1211.8846146791975,302
1547.9738105455458,551,845.3595266557927,442,305.4589547696321,184
-1905.1756136838128,136,-1791.890727059883,114,-50000,0
