original performance,number of trades,q learning performance,number of trades
-110.81718947132181,1127,-86.05969491308693,989,37.71502219734235,891
