original performance,number of trades,q learning performance,number of trades
-110.81718947132181,1127,-103.33912923177083,975,37.71502219734235,891
