original performance,number of trades,q learning performance,number of trades
1234.142142324277,503,1209.5935717524314,490,1506.0664895678324,441
