original performance,number of trades,q learning performance,number of trades
1234.142142324277,503,1179.3518262949501,486,1506.0664895678324,441
