original performance,number of trades,q learning performance,number of trades
1234.142142324277,503,1216.4910188744425,494,1506.0664895678324,441
