original performance,number of trades,q learning performance,number of trades
1234.142142324277,503,1215.2134636635722,494,1506.0664895678324,441
