original performance,number of trades,q learning performance,number of trades
1234.142142324277,503,1221.3672993565185,493,1506.0664895678324,441
