original performance,number of trades,q learning performance,number of trades
1234.142142324277,503,1150.5573895772297,480,1506.0664895678324,441
