original performance,number of trades,q learning performance,number of trades
1234.142142324277,503,1236.5430127621664,493,1506.0664895678324,441
