original performance,number of trades,q learning performance,number of trades
1234.142142324277,503,1209.9413605676295,487,1506.0664895678324,441
