original performance,number of trades,q learning performance,number of trades
1234.142142324277,503,1213.4128518249636,493,1506.0664895678324,441
