original performance,number of trades,q learning performance,number of trades
1234.142142324277,503,1107.7917363935383,474,1506.0664895678324,441
