original performance,number of trades,q learning performance,number of trades
1234.142142324277,503,1184.1403657266917,484,1506.0664895678324,441
