original performance,number of trades,q learning performance,number of trades
-512.3732065736104,1721,-378.7513371050118,1494,-404.2936444181408,613
