original performance,number of trades,q learning performance,number of trades
-512.3732065736104,1721,-361.2107629731107,1487,-404.2936444181408,613
