original performance,number of trades,q learning performance,number of trades
-512.3732065736104,1721,-375.2099087675572,1494,-410.7010798742098,613
