original performance,number of trades,q learning performance,number of trades
-512.3732065736104,1721,-377.84751158474427,1483,-412.1876300357489,613
