original performance,number of trades,q learning performance,number of trades
-512.3732065736104,1721,-378.612011277532,1494,-402.80786842234176,613
