original performance,number of trades,q learning performance,number of trades,q learning training performance,number of trades
210.30624505464672,527,409.5978580450348,467,-1027.9333680350826,212
-338.48053338045537,539,-528.2403662907137,482,194.79619742728568,222
-1211.2530299987793,500,-858.3859730873196,431,-403.9247449310132,179
-1319.7300462292087,155,-1147.0922025628047,109,-50000,0
