original performance,number of trades,q learning performance,number of trades
-512.3732065736104,1721,-376.23900076216324,1494,-410.7010798742098,613
