original performance,number of trades,q learning performance,number of trades
-512.3732065736104,1721,-381.1962417418452,1492,-408.1929829085632,613
