original performance,number of trades,q learning performance,number of trades
-512.3732065736104,1721,-381.80343329499254,1493,-405.31596538798846,613
