original performance,number of trades,q learning performance,number of trades
-512.3732065736104,1721,-371.8160920418349,1490,-410.7010798742098,613
