original performance,number of trades,q learning performance,number of trades
-512.3732065736104,1721,-378.1396392556718,1494,-406.80251554952747,613
