original performance,number of trades,q learning performance,number of trades
-512.3732065736104,1721,-367.89800069405925,1486,-410.7010798742098,613
