original performance,number of trades,q learning performance,number of trades
-512.3732065736104,1721,-374.63907138155486,1494,-404.2936444181408,613
