original performance,number of trades,q learning performance,number of trades
-512.3732065736104,1721,-370.64832722243443,1488,-410.7010798742098,613
