original performance,number of trades,q learning performance,number of trades
-512.3732065736104,1721,-378.5668560880893,1494,-408.2882915453265,613
