original performance,number of trades,q learning performance,number of trades
-512.3732065736104,1721,-409.01934483589145,1485,-405.31596538798846,613
