original performance,number of trades,q learning performance,number of trades
-512.3732065736104,1721,-374.96780478513983,1489,-402.90317705910513,613
