original performance,number of trades,q learning performance,number of trades
-512.3732065736104,1721,-383.6681750254634,1489,-412.1876300357489,613
