original performance,number of trades,q learning performance,number of trades
-512.3732065736104,1721,-374.20494278170173,1483,-410.7010798742098,613
