original performance,number of trades,q learning performance,number of trades
-512.3732065736104,1721,-382.72290852592045,1493,-408.2882915453265,613
