original performance,number of trades,q learning performance,number of trades
-512.3732065736104,1721,-382.724664278024,1493,-410.7010798742098,613
