original performance,number of trades,q learning performance,number of trades
-512.3732065736104,1721,-386.85674999771066,1493,-410.7010798742098,613
