original performance,number of trades,q learning performance,number of trades
-512.3732065736104,1721,-375.82672194770254,1493,-405.31596538798846,613
