original performance,number of trades,q learning performance,number of trades
-512.3732065736104,1721,-376.5397098750634,1494,-402.80786842234176,613
