original performance,number of trades,q learning performance,number of trades
-512.3732065736104,1721,-383.3332812512297,1489,-405.31596538798846,613
