original performance,number of trades,q learning performance,number of trades
-512.3732065736104,1721,-375.2099087675572,1494,-406.8017413837875,613
