original performance,number of trades,q learning performance,number of trades
-512.3732065736104,1721,-382.9614886597499,1490,-410.7010798742098,613
