original performance,number of trades,q learning performance,number of trades
-512.3732065736104,1721,-376.58380617523704,1493,-406.8017413837875,613
