original performance,number of trades,q learning performance,number of trades
-512.3732065736104,1721,-402.1220963232189,1466,-410.7010798742098,613
