original performance,number of trades,q learning performance,number of trades
-512.3732065736104,1721,-381.06673690488674,1490,-398.9085299319194,613
