original performance,number of trades,q learning performance,number of trades
-512.3732065736104,1721,-379.8547501161874,1494,-414.69572700139554,613
