original performance,number of trades,q learning performance,number of trades
-512.3732065736104,1721,-374.02944575543387,1494,-405.31596538798846,613
