original performance,number of trades,q learning performance,number of trades
-512.3732065736104,1721,-375.00726367482235,1491,-404.2936444181408,613
