original performance,number of trades,q learning performance,number of trades
-512.3732065736104,1721,-377.14965314750214,1494,-408.2882915453265,613
