original performance,number of trades,q learning performance,number of trades
-512.3732065736104,1721,-382.11975622656837,1491,-406.8017413837875,613
