original performance,number of trades,q learning performance,number of trades
-512.3732065736104,1721,-379.17265102133524,1493,-402.80786842234176,613
