original performance,number of trades,q learning performance,number of trades
-512.3732065736104,1721,-374.13811178648143,1493,-405.31596538798846,613
