original performance,number of trades,q learning performance,number of trades
-512.3732065736104,1721,-378.17874514210814,1494,-412.1876300357489,613
