original performance,number of trades,q learning performance,number of trades
-512.3732065736104,1721,-381.1770486614048,1490,-410.7010798742098,613
