original performance,number of trades,q learning performance,number of trades
-512.3732065736104,1721,-384.79361167754104,1490,-402.80786842234176,613
