original performance,number of trades,q learning performance,number of trades
737.1249886324573,1794,803.1053020727895,1507,488.93437516519487,702
