original performance,number of trades,q learning performance,number of trades,q learning training performance,number of trades
-72.06104708537204,582,-28.461373177684127,447,-1036.446396558274,223
676.8582560221354,621,724.7290826011642,483,1618.9295209877391,263
2147.3732711704633,524,2158.871743544398,471,687.8750637902153,216
-2704.638986160506,67,-2766.1430891693617,61,-50000,0
