original performance,number of trades,q learning performance,number of trades
737.1249886324573,1794,847.8074358861033,1459,488.93437516519487,702
