original performance,number of trades,q learning performance,number of trades
737.1249886324573,1794,841.9440970775289,1426,488.93437516519487,702
