original performance,number of trades,q learning performance,number of trades
737.1249886324573,1794,778.6113674289222,943,488.93437516519487,702
