original performance,number of trades,q learning performance,number of trades
737.1249886324573,1794,834.6891976151825,1477,488.93437516519487,702
