original performance,number of trades,q learning performance,number of trades
737.1249886324573,1794,1019.0657552116148,775,488.93437516519487,702
