original performance,number of trades,q learning performance,number of trades
737.1249886324573,1794,827.1236558342239,1474,488.93437516519487,702
