original performance,number of trades,q learning performance,number of trades
737.1249886324573,1794,1050.7587184115396,772,488.93437516519487,702
