original performance,number of trades,q learning performance,number of trades
737.1249886324573,1794,790.0537180605568,889,488.93437516519487,702
