original performance,number of trades,q learning performance,number of trades,q learning training performance,number of trades
-72.06104708537204,582,46.106140850580225,342,-1036.446396558274,223
676.8582560221354,621,572.3917253178322,163,1618.9295209877391,263
2147.3732711704633,524,1869.8892502145668,388,687.8750637902153,216
-2704.638986160506,67,-2666.110097784745,38,-50000,0
