original performance,number of trades,q learning performance,number of trades
737.1249886324573,1794,909.906390140992,757,488.93437516519487,702
