original performance,number of trades,q learning performance,number of trades,q learning training performance,number of trades
-72.06104708537204,582,176.7856533150924,304,-1036.446396558274,223
676.8582560221354,621,772.001451791051,83,1618.9295209877391,263
2147.3732711704633,524,1963.639412036521,346,687.8750637902153,216
-2704.638986160506,67,-2864.3635619027273,28,-50000,0
