original performance,number of trades,q learning performance,number of trades,q learning training performance,number of trades
-72.06104708537204,582,158.60997708425873,299,-1036.446396558274,223
676.8582560221354,621,837.8414846456276,106,1618.9295209877391,263
2147.3732711704633,524,2024.050548344593,347,687.8750637902153,216
-2704.638986160506,67,-2244.7746766742907,19,-50000,0
