original performance,number of trades,q learning performance,number of trades,q learning training performance,number of trades
-72.06104708537204,582,43.74897063938917,339,-1036.446396558274,223
676.8582560221354,621,585.8964777946472,160,1618.9295209877391,263
2147.3732711704633,524,1848.1585535044326,373,687.8750637902153,216
-2704.638986160506,67,-2142.7815341291757,29,-50000,0
