original performance,number of trades,q learning performance,number of trades
737.1249886324573,1794,793.2373202108923,865,488.93437516519487,702
