original performance,number of trades,q learning performance,number of trades
737.1249886324573,1794,817.3420068647619,1514,488.93437516519487,702
