original performance,number of trades,q learning performance,number of trades,q learning training performance,number of trades
-72.06104708537204,582,4.43837377187368,444,-1036.446396558274,223
676.8582560221354,621,797.4456701435026,488,1618.9295209877391,263
2147.3732711704633,524,2130.9439051277823,471,687.8750637902153,216
-2704.638986160506,67,-2737.0399032592773,60,-50000,0
