original performance,number of trades,q learning performance,number of trades
737.1249886324573,1794,831.1272178815534,1474,488.93437516519487,702
