original performance,number of trades,q learning performance,number of trades,q learning training performance,number of trades
-72.06104708537204,582,-7.2321067196982245,448,-1036.446396558274,223
676.8582560221354,621,743.1932406395981,485,1618.9295209877391,263
2147.3732711704633,524,2131.8615510288255,462,687.8750637902153,216
-2704.638986160506,67,-2718.604381123527,61,-50000,0
