original performance,number of trades,q learning performance,number of trades,q learning training performance,number of trades
-72.06104708537204,582,-15.424910575285086,446,-1036.446396558274,223
676.8582560221354,621,746.1686696829981,487,1618.9295209877391,263
2147.3732711704633,524,2139.671529216151,465,687.8750637902153,216
-2704.638986160506,67,-2777.9961631528795,62,-50000,0
