original performance,number of trades,q learning performance,number of trades
737.1249886324573,1794,795.8463781475199,1450,488.93437516519487,702
