original performance,number of trades,q learning performance,number of trades,q learning training performance,number of trades
-72.06104708537204,582,11.835510811304937,438,-1036.446396558274,223
676.8582560221354,621,733.7716500233796,472,1618.9295209877391,263
2147.3732711704633,524,2054.1704478295574,451,687.8750637902153,216
-2704.638986160506,67,-2596.684102108604,57,-50000,0
