original performance,number of trades,q learning performance,number of trades,q learning training performance,number of trades
-72.06104708537204,582,38.15260787894823,442,-1036.446396558274,223
676.8582560221354,621,694.1278105797498,479,1618.9295209877391,263
2147.3732711704633,524,2162.5402948896763,472,687.8750637902153,216
-2704.638986160506,67,-2737.563959845181,58,-50000,0
