original performance,number of trades,q learning performance,number of trades
737.1249886324573,1794,809.3928901812782,1467,488.93437516519487,702
