original performance,number of trades,q learning performance,number of trades
737.1249886324573,1794,855.7165324645324,1454,488.93437516519487,702
