original performance,number of trades,q learning performance,number of trades,q learning training performance,number of trades
-72.06104708537204,582,22.718883244843248,467,-1036.446396558274,223
676.8582560221354,621,697.6330015749751,501,1618.9295209877391,263
2147.3732711704633,524,2139.8160101195513,472,687.8750637902153,216
-2704.638986160506,67,-2701.054876804352,64,-50000,0
