original performance,number of trades,q learning performance,number of trades,q learning training performance,number of trades
-72.06104708537204,582,-20.178228173937118,448,-1036.446396558274,223
676.8582560221354,621,730.6033064679401,492,1618.9295209877391,263
2147.3732711704633,524,2152.781725236925,472,687.8750637902153,216
-2704.638986160506,67,-2399.093718602107,52,-50000,0
