original performance,number of trades,q learning performance,number of trades
737.1249886324573,1794,825.8467535423274,1467,488.93437516519487,702
