original performance,number of trades,q learning performance,number of trades,q learning training performance,number of trades
-72.06104708537204,582,7.3717588614591785,462,-1036.446396558274,223
676.8582560221354,621,687.9395909443438,498,1618.9295209877391,263
2147.3732711704633,524,2143.1276008930613,470,687.8750637902153,216
-2704.638986160506,67,-2741.9270542689733,63,-50000,0
