original performance,number of trades,q learning performance,number of trades
737.1249886324573,1794,784.9286341442347,1421,488.93437516519487,702
