original performance,number of trades,q learning performance,number of trades
737.1249886324573,1794,842.1694195366417,1492,488.93437516519487,702
