original performance,number of trades,q learning performance,number of trades,q learning training performance,number of trades
-72.06104708537204,582,-8.042307963413474,452,-1036.446396558274,223
676.8582560221354,621,756.0508361379549,489,1618.9295209877391,263
2147.3732711704633,524,2120.8096718216775,459,687.8750637902153,216
-2704.638986160506,67,-2506.2189331054688,51,-50000,0
