original performance,number of trades,q learning performance,number of trades
737.1249886324573,1794,824.0320331078245,1425,488.93437516519487,702
