original performance,number of trades,q learning performance,number of trades
737.1249886324573,1794,843.6456120174851,1484,488.93437516519487,702
