original performance,number of trades,q learning performance,number of trades
737.1249886324573,1794,942.2286674609792,761,488.93437516519487,702
