original performance,number of trades,q learning performance,number of trades,q learning training performance,number of trades
-72.06104708537204,582,-40.2702999071935,443,-1036.446396558274,223
676.8582560221354,621,754.6412138116087,481,1618.9295209877391,263
2147.3732711704633,524,2100.670156156862,462,687.8750637902153,216
-2704.638986160506,67,-2701.054876804352,64,-50000,0
