original performance,number of trades,q learning performance,number of trades
737.1249886324573,1794,812.8275636520334,1487,488.93437516519487,702
