original performance,number of trades,q learning performance,number of trades,q learning training performance,number of trades
-72.06104708537204,582,129.60126918653316,301,-1036.446396558274,223
676.8582560221354,621,904.7902217816703,79,1618.9295209877391,263
2147.3732711704633,524,1972.5783684282417,332,687.8750637902153,216
-2704.638986160506,67,-3028.1174092973984,28,-50000,0
