original performance,number of trades,q learning performance,number of trades
737.1249886324573,1794,807.812221475199,1470,488.93437516519487,702
