original performance,number of trades,q learning performance,number of trades
737.1249886324573,1794,830.1706275991353,1484,488.93437516519487,702
