original performance,number of trades,q learning performance,number of trades
737.1249886324573,1794,821.6785902066606,1498,488.93437516519487,702
