original performance,number of trades,q learning performance,number of trades,q learning training performance,number of trades
-72.06104708537204,582,44.31092886255877,442,-1036.446396558274,223
676.8582560221354,621,778.9758018044864,476,1618.9295209877391,263
2147.3732711704633,524,2049.6893192452685,449,687.8750637902153,216
-2704.638986160506,67,-2572.0124893188477,58,-50000,0
