original performance,number of trades,q learning performance,number of trades
737.1249886324573,1794,831.9623473612813,1471,488.93437516519487,702
