original performance,number of trades,q learning performance,number of trades
737.1249886324573,1794,787.6186861064841,931,488.93437516519487,702
