original performance,number of trades,q learning performance,number of trades
737.1249886324573,1794,834.7973697223308,1451,488.93437516519487,702
