original performance,number of trades,q learning performance,number of trades,q learning training performance,number of trades
-72.06104708537204,582,171.0672469342341,305,-1036.446396558274,223
676.8582560221354,621,800.085306566815,86,1618.9295209877391,263
2147.3732711704633,524,1921.3192903636832,339,687.8750637902153,216
-2704.638986160506,67,-3092.998102823893,27,-50000,0
