original performance,number of trades,q learning performance,number of trades
737.1249886324573,1794,990.2175338401086,754,488.93437516519487,702
