original performance,number of trades,q learning performance,number of trades,q learning training performance,number of trades
-72.06104708537204,582,146.3508578531103,306,-1036.446396558274,223
676.8582560221354,621,808.2496309100457,106,1618.9295209877391,263
2147.3732711704633,524,2033.6142782531033,346,687.8750637902153,216
-2704.638986160506,67,-2606.6119627111098,17,-50000,0
