original performance,number of trades,q learning performance,number of trades,q learning training performance,number of trades
-72.06104708537204,582,-8.294141192768896,344,-1036.446396558274,223
676.8582560221354,621,638.8578240179246,155,1618.9295209877391,263
2147.3732711704633,524,1813.2997975068934,357,687.8750637902153,216
-2704.638986160506,67,-2839.9061740973057,39,-50000,0
