original performance,number of trades,q learning performance,number of trades
737.1249886324573,1794,777.8745256136541,1460,488.93437516519487,702
