original performance,number of trades,q learning performance,number of trades,q learning training performance,number of trades
-72.06104708537204,582,32.079793580185026,338,-1036.446396558274,223
676.8582560221354,621,635.09779727533,161,1618.9295209877391,263
2147.3732711704633,524,1846.8809608840943,400,687.8750637902153,216
-2704.638986160506,67,-2673.0813740816984,44,-50000,0
