original performance,number of trades,q learning performance,number of trades
737.1249886324573,1794,818.5912607220984,1431,488.93437516519487,702
