original performance,number of trades,q learning performance,number of trades
737.1249886324573,1794,806.6944007769166,1462,488.93437516519487,702
