original performance,number of trades,q learning performance,number of trades
737.1249886324573,1794,787.2174007607144,1495,488.93437516519487,702
