original performance,number of trades,q learning performance,number of trades
737.1249886324573,1794,790.708798985312,1493,488.93437516519487,702
