original performance,number of trades,q learning performance,number of trades
737.1249886324573,1794,797.8976527495773,1459,488.93437516519487,702
