original performance,number of trades,q learning performance,number of trades,q learning training performance,number of trades
-72.06104708537204,582,19.020786910221496,464,-1036.446396558274,223
676.8582560221354,621,738.1133817010837,487,1618.9295209877391,263
2147.3732711704633,524,2042.5467495971138,451,687.8750637902153,216
-2704.638986160506,67,-2651.3558394333413,58,-50000,0
