original performance,number of trades,q learning performance,number of trades
737.1249886324573,1794,780.1520343933543,1396,488.93437516519487,702
