original performance,number of trades,q learning performance,number of trades
737.1249886324573,1794,862.9109099371162,1462,488.93437516519487,702
