original performance,number of trades,q learning performance,number of trades
737.1249886324573,1794,842.0025158155833,1510,488.93437516519487,702
