original performance,number of trades,q learning performance,number of trades,q learning training performance,number of trades
-72.06104708537204,582,152.14338996308078,303,-1036.446396558274,223
676.8582560221354,621,959.2787371976876,81,1618.9295209877391,263
2147.3732711704633,524,1952.9373330815256,337,687.8750637902153,216
-2704.638986160506,67,-3038.200407104492,25,-50000,0
