original performance,number of trades,q learning performance,number of trades,q learning training performance,number of trades
-72.06104708537204,582,52.13142982238236,343,-1036.446396558274,223
676.8582560221354,621,636.0161461463341,156,1618.9295209877391,263
2147.3732711704633,524,1755.4011386798577,367,687.8750637902153,216
-2704.638986160506,67,-2758.3959201910557,39,-50000,0
