original performance,number of trades,q learning performance,number of trades
737.1249886324573,1794,801.2066569909816,1476,488.93437516519487,702
