original performance,number of trades,q learning performance,number of trades,q learning training performance,number of trades
-72.06104708537204,582,23.06186040622085,335,-1036.446396558274,223
676.8582560221354,621,541.4631758850891,154,1618.9295209877391,263
2147.3732711704633,524,1866.46339284536,370,687.8750637902153,216
-2704.638986160506,67,-2644.825077311198,30,-50000,0
