original performance,number of trades,q learning performance,number of trades
737.1249886324573,1794,855.116918135978,1480,488.93437516519487,702
