original performance,number of trades,q learning performance,number of trades,q learning training performance,number of trades
-72.06104708537204,582,6.109013852819932,452,-1036.446396558274,223
676.8582560221354,621,781.6659461657206,480,1618.9295209877391,263
2147.3732711704633,524,2171.6724505188645,465,687.8750637902153,216
-2704.638986160506,67,-2830.551515776536,58,-50000,0
