original performance,number of trades,q learning performance,number of trades
737.1249886324573,1794,919.7258654104696,740,488.93437516519487,702
