original performance,number of trades,q learning performance,number of trades
737.1249886324573,1794,824.1988481945461,1512,488.93437516519487,702
