original performance,number of trades,q learning performance,number of trades
737.1249886324573,1794,946.3617908078927,746,488.93437516519487,702
