original performance,number of trades,q learning performance,number of trades
737.1249886324573,1794,706.9960503604825,895,488.93437516519487,702
