original performance,number of trades,q learning performance,number of trades,q learning training performance,number of trades
-72.06104708537204,582,16.84470146949138,436,-1036.446396558274,223
676.8582560221354,621,693.0240808747944,475,1618.9295209877391,263
2147.3732711704633,524,2136.4540609428877,469,687.8750637902153,216
-2704.638986160506,67,-2821.469744572874,61,-50000,0
