original performance,number of trades,q learning performance,number of trades,q learning training performance,number of trades
-72.06104708537204,582,0.47655761584014555,453,-1036.446396558274,223
676.8582560221354,621,774.2657944005279,491,1618.9295209877391,263
2147.3732711704633,524,2143.690815231648,470,687.8750637902153,216
-2704.638986160506,67,-2839.365027217542,59,-50000,0
