original performance,number of trades,q learning performance,number of trades
737.1249886324573,1794,842.7108913657619,1471,488.93437516519487,702
