original performance,number of trades,q learning performance,number of trades
737.1249886324573,1794,816.6446320325235,901,488.93437516519487,702
