original performance,number of trades,q learning performance,number of trades
737.1249886324573,1794,795.5792986881639,887,488.93437516519487,702
