original performance,number of trades,q learning performance,number of trades
737.1249886324573,1794,848.8968318277581,1476,488.93437516519487,702
