original performance,number of trades,q learning performance,number of trades,q learning training performance,number of trades
-72.06104708537204,582,4.0882925318377055,442,-1036.446396558274,223
676.8582560221354,621,742.9660713946233,488,1618.9295209877391,263
2147.3732711704633,524,2151.9060353782556,466,687.8750637902153,216
-2704.638986160506,67,-2771.8970321905417,61,-50000,0
