original performance,number of trades,q learning performance,number of trades
737.1249886324573,1794,848.2083890060258,1464,488.93437516519487,702
