original performance,number of trades,q learning performance,number of trades,q learning training performance,number of trades
-72.06104708537204,582,17.649098736163605,463,-1036.446396558274,223
676.8582560221354,621,725.641487438844,505,1618.9295209877391,263
2147.3732711704633,524,2145.261587521195,474,687.8750637902153,216
-2704.638986160506,67,-2921.4759053548178,60,-50000,0
