original performance,number of trades,q learning performance,number of trades
737.1249886324573,1794,823.6650942436229,1474,488.93437516519487,702
