original performance,number of trades,q learning performance,number of trades
737.1249886324573,1794,829.1469535490053,1469,488.93437516519487,702
