original performance,number of trades,q learning performance,number of trades
737.1249886324573,1794,841.1321326755776,1463,488.93437516519487,702
