original performance,number of trades,q learning performance,number of trades,q learning training performance,number of trades
-72.06104708537204,582,22.152143876631182,455,-1036.446396558274,223
676.8582560221354,621,760.9131154378255,495,1618.9295209877391,263
2147.3732711704633,524,2133.423917403433,473,687.8750637902153,216
-2704.638986160506,67,-2747.259065972,61,-50000,0
