original performance,number of trades,q learning performance,number of trades
737.1249886324573,1794,861.5979115310328,1432,488.93437516519487,702
