original performance,number of trades,q learning performance,number of trades,q learning training performance,number of trades
-72.06104708537204,582,5.066550621619592,442,-1036.446396558274,223
676.8582560221354,621,786.3419444744403,468,1618.9295209877391,263
2147.3732711704633,524,2041.057852449973,446,687.8750637902153,216
-2704.638986160506,67,-2639.4289133889333,56,-50000,0
