original performance,number of trades,q learning performance,number of trades
737.1249886324573,1794,610.79787001768,1055,468.65763123872944,743
