original performance,number of trades,q learning performance,number of trades
737.1249886324573,1794,788.4648712540408,1557,468.65763123872944,743
