original performance,number of trades,q learning performance,number of trades
737.1249886324573,1794,670.7259431017917,899,468.65763123872944,743
