original performance,number of trades,q learning performance,number of trades
-200.88659857932188,989,312.54580773098365,426,213.18530596807165,824
