original performance,number of trades,q learning performance,number of trades
-200.88659857932188,989,177.36474003577186,511,212.33064667923938,824
