original performance,number of trades,q learning performance,number of trades
-200.88659857932188,989,-35.33164753633387,782,213.18530596807165,824
