original performance,number of trades,q learning performance,number of trades
-200.88659857932188,989,-189.3234070071858,724,212.33064667923938,824
