original performance,number of trades,q learning performance,number of trades
-200.88659857932188,989,22.10892016340142,823,213.18530596807165,824
