original performance,number of trades,q learning performance,number of trades
-200.88659857932188,989,-55.43507583677691,769,213.18530596807165,824
