original performance,number of trades,q learning performance,number of trades
-200.88659857932188,989,-55.731285153414106,721,213.18530596807165,824
