original performance,number of trades,q learning performance,number of trades
-200.88659857932188,989,-0.5572674491188743,770,211.54525116809364,824
