original performance,number of trades,q learning performance,number of trades,q learning training performance,number of trades
347.17751435775233,437,497.9372308551507,393,479.3610574408304,407
-98.46635044922012,449,-211.48788420150154,304,-46.60733395857777,417
-2972.641052597935,103,-2446.5688865116663,70,-50000,0
