original performance,number of trades,q learning performance,number of trades
-200.88659857932188,989,-106.69655509995826,810,213.18530596807165,824
