original performance,number of trades,q learning performance,number of trades
-200.88659857932188,989,-84.12308913896669,795,213.18530596807165,824
