original performance,number of trades,q learning performance,number of trades
-200.88659857932188,989,-56.70707044102346,707,212.33064667923938,824
