original performance,number of trades,q learning performance,number of trades
-200.88659857932188,989,-38.76030872933007,759,211.54525116809364,824
