original performance,number of trades,q learning performance,number of trades
-200.88659857932188,989,-103.96389872587693,753,213.18530596807165,824
