original performance,number of trades,q learning performance,number of trades
-200.88659857932188,989,245.33685667017005,455,213.18530596807165,824
