original performance,number of trades,q learning performance,number of trades
-200.88659857932188,989,-157.49582060835903,737,213.18530596807165,824
