original performance,number of trades,q learning performance,number of trades
-200.88659857932188,989,-144.72864516620905,710,213.18530596807165,824
