original performance,number of trades,q learning performance,number of trades,q learning training performance,number of trades
347.17751435775233,437,472.39494999291384,382,479.3610574408304,407
-98.46635044922012,449,-32.20836158875496,310,-46.60733395857777,417
-2972.641052597935,103,-2832.1185796032214,73,-50000,0
