original performance,number of trades,q learning performance,number of trades
-200.88659857932188,989,87.6583148286809,547,213.18530596807165,824
