original performance,number of trades,q learning performance,number of trades
-200.88659857932188,989,1.6138901716694913,771,211.54525116809364,824
