original performance,number of trades,q learning performance,number of trades
-200.88659857932188,989,-111.34486116857799,774,213.18530596807165,824
