original performance,number of trades,q learning performance,number of trades
-200.88659857932188,989,-79.59271062738178,778,213.18530596807165,824
