original performance,number of trades,q learning performance,number of trades
-200.88659857932188,989,-47.41748693628249,765,213.18530596807165,824
