original performance,number of trades,q learning performance,number of trades
-200.88659857932188,989,100.52533676133689,554,213.18530596807165,824
