original performance,number of trades,q learning performance,number of trades
-200.88659857932188,989,116.2774943873771,707,212.33064667923938,824
