original performance,number of trades,q learning performance,number of trades
-200.88659857932188,989,23.057385519537004,764,213.18530596807165,824
