original performance,number of trades,q learning performance,number of trades
-200.88659857932188,989,152.243757459363,433,213.18530596807165,824
