original performance,number of trades,q learning performance,number of trades
-200.88659857932188,989,18.002431055704754,750,212.33064667923938,824
