original performance,number of trades,q learning performance,number of trades,q learning training performance,number of trades
347.17751435775233,437,484.93544309856344,389,479.3610574408304,407
-98.46635044922012,449,-376.3609056123873,328,-46.60733395857777,417
-2972.641052597935,103,-2617.6667123559405,73,-50000,0
