original performance,number of trades,q learning performance,number of trades
-200.88659857932188,989,13.926037461010377,804,212.33064667923938,824
