original performance,number of trades,q learning performance,number of trades
-200.88659857932188,989,68.6601557984644,490,213.18530596807165,824
