original performance,number of trades,q learning performance,number of trades
-200.88659857932188,989,130.91619441729924,551,213.18530596807165,824
