original performance,number of trades,q learning performance,number of trades
-200.88659857932188,989,13.712744860961287,779,213.18530596807165,824
