original performance,number of trades,q learning performance,number of trades
-200.88659857932188,989,-34.76815890679354,813,212.33064667923938,824
