original performance,number of trades,q learning performance,number of trades,q learning training performance,number of trades
347.17751435775233,437,479.03699755607033,387,479.3610574408304,407
-98.46635044922012,449,-73.75874895298213,311,-46.60733395857777,417
-2972.641052597935,103,-2560.174680864489,74,-50000,0
