original performance,number of trades,q learning performance,number of trades
-200.88659857932188,989,-65.14091307966015,790,212.33064667923938,824
