original performance,number of trades,q learning performance,number of trades
-200.88659857932188,989,-70.98352913106426,712,213.18530596807165,824
