original performance,number of trades,q learning performance,number of trades,q learning training performance,number of trades
347.17751435775233,437,592.7351069991122,388,479.3610574408304,407
-98.46635044922012,449,-128.71867847715887,349,-48.29615710965163,417
-2972.641052597935,103,-2806.906788399345,76,-50000,0
