original performance,number of trades,q learning performance,number of trades
-200.88659857932188,989,-88.84710139434544,793,213.18530596807165,824
