original performance,number of trades,q learning performance,number of trades
-200.88659857932188,989,-18.41285203514299,764,213.18530596807165,824
