original performance,number of trades,q learning performance,number of trades
-200.88659857932188,989,164.61351129327502,560,213.18530596807165,824
