original performance,number of trades,q learning performance,number of trades
-200.88659857932188,989,-47.496912279436664,682,213.18530596807165,824
