original performance,number of trades,q learning performance,number of trades
-200.88659857932188,989,-13.354000635809028,778,213.18530596807165,824
