original performance,number of trades,q learning performance,number of trades
-200.88659857932188,989,-92.39392253330776,721,213.18530596807165,824
