original performance,number of trades,q learning performance,number of trades,q learning training performance,number of trades
347.17751435775233,437,513.4932566900102,378,476.0406516541427,407
-98.46635044922012,449,58.8015761270132,317,-46.60733395857777,417
-2972.641052597935,103,-2842.2619546254477,75,-50000,0
