original performance,number of trades,q learning performance,number of trades
-200.88659857932188,989,-71.96933004875285,746,213.18530596807165,824
