original performance,number of trades,q learning performance,number of trades
-200.88659857932188,989,-76.0484272738163,737,213.18530596807165,824
