original performance,number of trades,q learning performance,number of trades
-200.88659857932188,989,-96.64930580691858,704,213.18530596807165,824
