original performance,number of trades,q learning performance,number of trades
-200.88659857932188,989,194.32681912238445,436,213.18530596807165,824
