original performance,number of trades,q learning performance,number of trades
-200.88659857932188,989,42.78093089345493,777,212.33064667923938,824
