original performance,number of trades,q learning performance,number of trades
-200.88659857932188,989,-63.613054627257505,770,212.33064667923938,824
