original performance,number of trades,q learning performance,number of trades
-200.88659857932188,989,-107.68038320541382,800,213.18530596807165,824
