original performance,number of trades,q learning performance,number of trades
-200.88659857932188,989,-61.36214081343519,773,213.18530596807165,824
