original performance,number of trades,q learning performance,number of trades,q learning training performance,number of trades
347.17751435775233,437,406.35407198468846,384,479.3610574408304,407
-98.46635044922012,449,11.95555952400159,314,-46.60733395857777,417
-2972.641052597935,103,-2522.250924757969,81,-50000,0
