original performance,number of trades,q learning performance,number of trades
-200.88659857932188,989,137.55689443834484,519,212.33064667923938,824
