original performance,number of trades,q learning performance,number of trades
-200.88659857932188,989,-31.994902102791485,796,213.18530596807165,824
