original performance,number of trades,q learning performance,number of trades
-200.88659857932188,989,-64.01454390412444,715,213.18530596807165,824
