original performance,number of trades,q learning performance,number of trades
-200.88659857932188,989,-121.29915908512316,760,211.54525116809364,824
