original performance,number of trades,q learning performance,number of trades
-200.88659857932188,989,-87.97716661091724,765,211.54525116809364,824
