original performance,number of trades,q learning performance,number of trades
-200.88659857932188,989,228.52265304677627,476,213.18530596807165,824
