original performance,number of trades,q learning performance,number of trades
-200.88659857932188,989,-137.19949645317695,731,210.69059187926135,824
