original performance,number of trades,q learning performance,number of trades
-200.88659857932188,989,-74.84384845865183,783,212.33064667923938,824
