original performance,number of trades,q learning performance,number of trades
-200.88659857932188,989,-87.06382163494906,738,213.18530596807165,824
