original performance,number of trades,q learning performance,number of trades
-200.88659857932188,989,-45.58278922686066,766,213.18530596807165,824
