original performance,number of trades,q learning performance,number of trades
-200.88659857932188,989,-159.36222743988037,790,213.18530596807165,824
