original performance,number of trades,q learning performance,number of trades
-200.88659857932188,989,-51.97236913559179,767,213.18530596807165,824
