original performance,number of trades,q learning performance,number of trades
-200.88659857932188,989,182.21195269608552,439,212.33064667923938,824
