original performance,number of trades,q learning performance,number of trades,q learning training performance,number of trades
347.17751435775233,437,529.417172871335,382,479.3610574408304,407
-98.46635044922012,449,-138.63450499401978,302,-46.60733395857777,417
-2972.641052597935,103,-2862.24276388508,73,-50000,0
