original performance,number of trades,q learning performance,number of trades
-200.88659857932188,989,-34.98002494060931,772,213.18530596807165,824
