original performance,number of trades,q learning performance,number of trades
-200.88659857932188,989,-30.397706002473537,813,213.18530596807165,824
