original performance,number of trades,q learning performance,number of trades
-200.88659857932188,989,-67.40255926600042,795,213.18530596807165,824
