original performance,number of trades,q learning performance,number of trades
-200.88659857932188,989,97.71705650157263,487,212.33064667923938,824
