original performance,number of trades,q learning performance,number of trades
-200.88659857932188,989,331.1035207399758,465,213.18530596807165,824
