original performance,number of trades,q learning performance,number of trades
-200.88659857932188,989,-128.92069257630243,720,213.18530596807165,824
