original performance,number of trades,q learning performance,number of trades
-200.88659857932188,989,-38.31459653945196,756,213.18530596807165,824
