original performance,number of trades,q learning performance,number of trades
-200.88659857932188,989,12.274612309872937,718,213.18530596807165,824
