original performance,number of trades,q learning performance,number of trades
-200.88659857932188,989,-62.01392348153251,770,211.54525116809364,824
