original performance,number of trades,q learning performance,number of trades
-200.88659857932188,989,-107.10418373559789,726,212.33064667923938,824
