original performance,number of trades,q learning performance,number of trades
-200.88659857932188,989,-75.46018589149087,708,213.18530596807165,824
