original performance,number of trades,q learning performance,number of trades
-200.88659857932188,989,-81.58618597959348,764,212.33064667923938,824
