original performance,number of trades,q learning performance,number of trades
-200.88659857932188,989,262.0099178235465,436,212.33064667923938,824
