original performance,number of trades,q learning performance,number of trades
-200.88659857932188,989,308.3951092428631,432,213.18530596807165,824
