original performance,number of trades,q learning performance,number of trades
-200.88659857932188,989,75.7809738957925,554,212.33064667923938,824
