original performance,number of trades,q learning performance,number of trades
-200.88659857932188,989,215.7748498179696,440,212.33064667923938,824
