original performance,number of trades,q learning performance,number of trades
-200.88659857932188,989,165.39065429332643,430,211.54525116809364,824
