original performance,number of trades,q learning performance,number of trades
-200.88659857932188,989,-101.85317218687237,777,213.18530596807165,824
