original performance,number of trades,q learning performance,number of trades
-200.88659857932188,989,63.257161798403246,516,213.18530596807165,824
