original performance,number of trades,q learning performance,number of trades
-200.88659857932188,989,230.0032510890517,430,212.33064667923938,824
