original performance,number of trades,q learning performance,number of trades
-200.88659857932188,989,50.16280109573589,749,213.18530596807165,824
