original performance,number of trades,q learning performance,number of trades
-200.88659857932188,989,11.63902708664242,759,212.33064667923938,824
