original performance,number of trades,q learning performance,number of trades
-200.88659857932188,989,-64.16642303164443,757,213.18530596807165,824
