original performance,number of trades,q learning performance,number of trades
-200.88659857932188,989,-91.65193530220297,804,213.18530596807165,824
