original performance,number of trades,q learning performance,number of trades
-200.88659857932188,989,33.38526533320259,779,211.54525116809364,824
