original performance,number of trades,q learning performance,number of trades,q learning training performance,number of trades
347.17751435775233,437,488.84442462770164,379,476.0406516541427,407
-98.46635044922012,449,42.235350908377235,312,-46.60733395857777,417
-2972.641052597935,103,-2682.7854571401335,81,-50000,0
