original performance,number of trades,q learning performance,number of trades
-200.88659857932188,989,-20.698124630665685,767,213.18530596807165,824
