original performance,number of trades,q learning performance,number of trades,q learning training performance,number of trades
347.17751435775233,437,515.4096438953211,383,479.3610574408304,407
-98.46635044922012,449,86.59555362942211,301,-46.60733395857777,417
-2972.641052597935,103,-2545.6336588144304,80,-50000,0
