original performance,number of trades,q learning performance,number of trades
-200.88659857932188,989,-140.48072771085364,735,212.33064667923938,824
