original performance,number of trades,q learning performance,number of trades
737.1249886324573,1794,691.2917941907131,872,468.65763123872944,743
