original performance,number of trades,q learning performance,number of trades
737.1249886324573,1794,723.7089184796887,1091,468.65763123872944,743
