original performance,number of trades,q learning performance,number of trades
737.1249886324573,1794,780.5002564468924,1553,468.65763123872944,743
