original performance,number of trades,q learning performance,number of trades
737.1249886324573,1794,786.5806588591362,1568,468.65763123872944,743
