original performance,number of trades,q learning performance,number of trades
737.1249886324573,1794,674.9555176798502,900,468.65763123872944,743
