original performance,number of trades,q learning performance,number of trades
737.1249886324573,1794,794.6588609511174,1532,468.65763123872944,743
