original performance,number of trades,q learning performance,number of trades
-456.3862879105977,1792,-382.7414568768432,1510,-156.79388600819146,670
