original performance,number of trades,q learning performance,number of trades
-456.3862879105977,1792,-379.3851392175916,1509,-156.79388600819146,670
