original performance,number of trades,q learning performance,number of trades
-456.3862879105977,1792,-385.83775053265566,1502,-156.79388600819146,670
