original performance,number of trades,q learning performance,number of trades
-456.3862879105977,1792,-382.54842137880155,1511,-156.79388600819146,670
