original performance,number of trades,q learning performance,number of trades
1204.2041569295193,743,1159.2710074892814,707,837.2928364129714,324
