original performance,number of trades,q learning performance,number of trades
1204.2041569295193,743,1379.7742630327252,568,837.2928364129714,324
