original performance,number of trades,q learning performance,number of trades
1204.2041569295193,743,1154.5544733312468,727,837.2928364129714,324
