original performance,number of trades,q learning performance,number of trades
1204.2041569295193,743,1192.2639408880102,546,837.2928364129714,324
