original performance,number of trades,q learning performance,number of trades
1204.2041569295193,743,1123.2912163870676,700,837.2928364129714,324
