original performance,number of trades,q learning performance,number of trades,q learning training performance,number of trades
1141.4591292063394,240,1286.2431675173202,212,1235.620802022643,118
174.9220970610869,217,137.23710949788958,149,106.3176739032452,104
2811.0939756729063,233,2859.799020948357,179,1121.7900615018957,102
-1361.6885623572007,53,-1940.9195938110352,36,-50000,0
