original performance,number of trades,q learning performance,number of trades
1204.2041569295193,743,1193.7815806869094,701,837.2928364129714,324
