original performance,number of trades,q learning performance,number of trades
1204.2041569295193,743,1183.4032621490821,712,837.2928364129714,324
