original performance,number of trades,q learning performance,number of trades,q learning training performance,number of trades
1141.4591292063394,240,1133.5401610012711,232,1235.620802022643,118
174.9220970610869,217,172.1168312072754,200,106.3176739032452,104
2811.0939756729063,233,2763.68224241507,221,1121.7900615018957,102
-1361.6885623572007,53,-1486.1993980407715,48,-50000,0
