original performance,number of trades,q learning performance,number of trades
1204.2041569295193,743,1239.6189604423416,710,837.2928364129714,324
