original performance,number of trades,q learning performance,number of trades
1204.2041569295193,743,1247.4927104368048,708,837.2928364129714,324
