original performance,number of trades,q learning performance,number of trades
1204.2041569295193,743,1160.5171388928936,718,837.2928364129714,324
