original performance,number of trades,q learning performance,number of trades,q learning training performance,number of trades
1141.4591292063394,240,1092.4878422071954,238,1235.620802022643,118
174.9220970610869,217,255.0717784953567,212,106.3176739032452,104
2811.0939756729063,233,2870.8459373643664,225,1121.7900615018957,102
-1361.6885623572007,53,-1492.5644442240398,48,-50000,0
