original performance,number of trades,q learning performance,number of trades
1204.2041569295193,743,1251.4022772251378,706,837.2928364129714,324
