original performance,number of trades,q learning performance,number of trades
1204.2041569295193,743,1182.5791311875028,718,837.2928364129714,324
