original performance,number of trades,q learning performance,number of trades
1204.2041569295193,743,1168.4500887545853,722,837.2928364129714,324
