original performance,number of trades,q learning performance,number of trades
1204.2041569295193,743,1191.9768550973051,723,837.2928364129714,324
