original performance,number of trades,q learning performance,number of trades
1204.2041569295193,743,1158.2456520881442,724,837.2928364129714,324
