original performance,number of trades,q learning performance,number of trades
1204.2041569295193,743,1160.9770609537761,723,837.2928364129714,324
