original performance,number of trades,q learning performance,number of trades
1204.2041569295193,743,1284.3042533810399,595,837.2928364129714,324
