original performance,number of trades,q learning performance,number of trades,q learning training performance,number of trades
1141.4591292063394,240,1237.3710970453253,213,1235.620802022643,118
174.9220970610869,217,124.16392971821968,151,106.3176739032452,104
2811.0939756729063,233,2932.6906076259716,189,1121.7900615018957,102
-1361.6885623572007,53,-1724.43550327846,42,-50000,0
