original performance,number of trades,q learning performance,number of trades
1204.2041569295193,743,1147.3098945404565,716,837.2928364129714,324
