original performance,number of trades,q learning performance,number of trades
1204.2041569295193,743,1204.0021363612584,700,837.2928364129714,324
