original performance,number of trades,q learning performance,number of trades
1204.2041569295193,743,1228.7476709136329,723,837.2928364129714,324
