original performance,number of trades,q learning performance,number of trades
1204.2041569295193,743,1199.3129911435883,725,837.2928364129714,324
