original performance,number of trades,q learning performance,number of trades
412.6022107444022,1411,429.1209454290806,1223,120.71080685357978,548
