original performance,number of trades,q learning performance,number of trades,q learning training performance,number of trades
-144.62152081866597,344,-195.0303663008052,326,-239.39644511034535,157
1233.3175518224057,446,1388.739035064099,408,1007.0053603713577,222
-146.10962175455032,467,-260.2202782901717,405,-708.9966033393815,169
974.708362133472,154,1240.470986986917,126,-50000,0
