original performance,number of trades,q learning performance,number of trades
412.6022107444022,1411,432.53409143009094,1278,120.71080685357978,548
