original performance,number of trades,q learning performance,number of trades
412.6022107444022,1411,446.24590849792554,853,120.71080685357978,548
