original performance,number of trades,q learning performance,number of trades
412.6022107444022,1411,433.70965899257857,869,120.71080685357978,548
