original performance,number of trades,q learning performance,number of trades
412.6022107444022,1411,436.3221715141215,847,120.71080685357978,548
