original performance,number of trades,q learning performance,number of trades
412.6022107444022,1411,414.0232423040349,1257,120.71080685357978,548
