original performance,number of trades,q learning performance,number of trades
1278.4608109910628,1877,1611.1759404926047,908,-339.37270645230836,684
