original performance,number of trades,q learning performance,number of trades
1278.4608109910628,1877,1085.1984808259217,1553,-339.37270645230836,684
