original performance,number of trades,q learning performance,number of trades,q learning training performance,number of trades
404.77191545446,613,586.8489333303352,380,-712.3796278938414,252
-125.77556700806518,572,241.14924080141128,124,-978.5263164909519,245
4531.975995377107,557,4437.235326876306,314,1000.682794417927,187
-2228.3055336281104,135,-2036.1026577419705,90,-50000,0
