original performance,number of trades,q learning performance,number of trades
1278.4608109910628,1877,1084.183000750029,1553,-339.37270645230836,684
