original performance,number of trades,q learning performance,number of trades,q learning training performance,number of trades
404.77191545446,613,302.5265512103308,499,-712.3796278938414,252
-125.77556700806518,572,-85.22615494266633,496,-978.5263164909519,245
4531.975995377107,557,4108.740034884255,447,1000.682794417927,187
-2228.3055336281104,135,-2139.4682561700993,121,-50000,0
