original performance,number of trades,q learning performance,number of trades
1278.4608109910628,1877,1452.2017809880244,1232,-339.37270645230836,684
