original performance,number of trades,q learning performance,number of trades
1278.4608109910628,1877,1123.762391328036,1537,-339.37270645230836,684
