original performance,number of trades,q learning performance,number of trades
1278.4608109910628,1877,1086.4841101011255,1551,-339.37270645230836,684
