original performance,number of trades,q learning performance,number of trades
1278.4608109910628,1877,1113.2374227703929,1546,-339.37270645230836,684
