original performance,number of trades,q learning performance,number of trades
1278.4608109910628,1877,1386.0311882161045,1182,-339.37270645230836,684
