original performance,number of trades,q learning performance,number of trades
1278.4608109910628,1877,1620.2130327203301,890,-339.37270645230836,684
