original performance,number of trades,q learning performance,number of trades
1278.4608109910628,1877,1088.736063907021,1558,-339.37270645230836,684
