original performance,number of trades,q learning performance,number of trades
1278.4608109910628,1877,1343.7247483428096,1136,-339.37270645230836,684
