original performance,number of trades,q learning performance,number of trades
1278.4608109910628,1877,1098.5742007730857,1555,-339.37270645230836,684
