original performance,number of trades,q learning performance,number of trades
1278.4608109910628,1877,1082.2078038987017,1559,-339.37270645230836,684
