original performance,number of trades,q learning performance,number of trades
1278.4608109910628,1877,1074.2198108966534,1560,-339.37270645230836,684
