original performance,number of trades,q learning performance,number of trades
1278.4608109910628,1877,1095.9701982645843,1537,-339.37270645230836,684
