original performance,number of trades,q learning performance,number of trades,q learning training performance,number of trades
404.77191545446,613,578.4860027643639,381,-712.3796278938414,252
-125.77556700806518,572,274.4073772297039,143,-978.5263164909519,245
4531.975995377107,557,4385.291779548891,341,1000.682794417927,187
-2228.3055336281104,135,-2182.232018481726,87,-50000,0
