original performance,number of trades,q learning performance,number of trades
1278.4608109910628,1877,1074.1431450650623,1555,-339.37270645230836,684
