original performance,number of trades,q learning performance,number of trades
1278.4608109910628,1877,1410.4959568674972,1230,-339.37270645230836,684
