original performance,number of trades,q learning performance,number of trades
1278.4608109910628,1877,1092.6557358387433,1553,-339.37270645230836,684
