original performance,number of trades,q learning performance,number of trades
1278.4608109910628,1877,1088.7247341998211,1540,-339.37270645230836,684
