original performance,number of trades,q learning performance,number of trades
1278.4608109910628,1877,1444.9825734825072,1214,-339.37270645230836,684
