original performance,number of trades,q learning performance,number of trades,q learning training performance,number of trades
404.77191545446,613,467.95529878504135,425,-712.3796278938414,252
-125.77556700806518,572,359.3167257064428,312,-978.5263164909519,245
4531.975995377107,557,4529.60181205642,355,1000.682794417927,187
-2228.3055336281104,135,-2371.6041558898323,101,-50000,0
