original performance,number of trades,q learning performance,number of trades
1278.4608109910628,1877,1093.8149081536988,1551,-339.37270645230836,684
