original performance,number of trades,q learning performance,number of trades
1278.4608109910628,1877,1068.1165462596468,1562,-339.37270645230836,684
