original performance,number of trades,q learning performance,number of trades
1278.4608109910628,1877,1071.9501153920264,1561,-339.37270645230836,684
