original performance,number of trades,q learning performance,number of trades
1278.4608109910628,1877,1089.436855779218,1557,-339.37270645230836,684
