original performance,number of trades,q learning performance,number of trades
1278.4608109910628,1877,1402.127687413774,1226,-339.37270645230836,684
