original performance,number of trades,q learning performance,number of trades
1278.4608109910628,1877,1072.248677342651,1555,-339.37270645230836,684
