original performance,number of trades,q learning performance,number of trades
1278.4608109910628,1877,1407.7656696891945,1193,-339.37270645230836,684
