original performance,number of trades,q learning performance,number of trades
1278.4608109910628,1877,1582.1247174222465,894,-339.37270645230836,684
