original performance,number of trades,q learning performance,number of trades
1278.4608109910628,1877,1643.7740867502785,954,-339.37270645230836,684
