original performance,number of trades,q learning performance,number of trades
1278.4608109910628,1877,1094.1354072786542,1556,-339.37270645230836,684
