original performance,number of trades,q learning performance,number of trades
1278.4608109910628,1877,1395.2905694352557,1234,-339.37270645230836,684
