original performance,number of trades,q learning performance,number of trades,q learning training performance,number of trades
404.77191545446,613,464.8319802685319,428,-712.3796278938414,252
-125.77556700806518,572,331.769912522839,310,-978.5263164909519,245
4531.975995377107,557,4589.786034113777,363,1000.682794417927,187
-2228.3055336281104,135,-2453.2474830264136,105,-50000,0
