original performance,number of trades,q learning performance,number of trades,q learning training performance,number of trades
404.77191545446,613,302.5265512103308,499,-712.3796278938414,252
-125.77556700806518,572,-75.60075958681779,497,-978.5263164909519,245
4531.975995377107,557,4122.013332599442,443,1000.682794417927,187
-2228.3055336281104,135,-2156.9543232164883,114,-50000,0
