original performance,number of trades,q learning performance,number of trades
1278.4608109910628,1877,1353.3612638881661,1201,-339.37270645230836,684
