original performance,number of trades,q learning performance,number of trades
1278.4608109910628,1877,1644.090055898458,952,-339.37270645230836,684
