original performance,number of trades,q learning performance,number of trades
1278.4608109910628,1877,1079.3727599665062,1552,-339.37270645230836,684
