original performance,number of trades,q learning performance,number of trades
1278.4608109910628,1877,1085.9873843984715,1554,-339.37270645230836,684
