original performance,number of trades,q learning performance,number of trades
1278.4608109910628,1877,1075.4167846443574,1551,-339.37270645230836,684
