original performance,number of trades,q learning performance,number of trades
1278.4608109910628,1877,1433.5076026761308,1229,-339.37270645230836,684
