original performance,number of trades,q learning performance,number of trades
1278.4608109910628,1877,1086.8093761294062,1551,-339.37270645230836,684
