original performance,number of trades,q learning performance,number of trades
1278.4608109910628,1877,1085.8196781899785,1554,-339.37270645230836,684
