original performance,number of trades,q learning performance,number of trades,q learning training performance,number of trades
404.77191545446,613,470.8991251013948,431,-712.3796278938414,252
-125.77556700806518,572,351.45415379634846,319,-978.5263164909519,245
4531.975995377107,557,4463.784801383293,382,1000.682794417927,187
-2228.3055336281104,135,-2311.245979309082,100,-50000,0
