original performance,number of trades,q learning performance,number of trades
1278.4608109910628,1877,1077.0266066722381,1560,-339.37270645230836,684
