original performance,number of trades,q learning performance,number of trades
412.6022107444022,1411,433.84625995639,1267,120.71080685357978,548
