original performance,number of trades,q learning performance,number of trades
412.6022107444022,1411,429.74674014750775,1231,120.71080685357978,548
