original performance,number of trades,q learning performance,number of trades
412.6022107444022,1411,417.8765748810032,1263,120.71080685357978,548
