original performance,number of trades,q learning performance,number of trades
412.6022107444022,1411,437.2715466636429,1266,120.71080685357978,548
