original performance,number of trades,q learning performance,number of trades
412.6022107444022,1411,401.0574712015876,1151,120.71080685357978,548
