original performance,number of trades,q learning performance,number of trades
875.9376626869688,1662,865.6771028762253,1433,880.7772636763547,654
