original performance,number of trades,q learning performance,number of trades
875.9376626869688,1662,868.949686863667,1433,885.9969778265064,654
