original performance,number of trades,q learning performance,number of trades
875.9376626869688,1662,870.6935277765448,1430,885.9969778265064,654
