original performance,number of trades,q learning performance,number of trades
875.9376626869688,1662,868.6207016214822,1433,880.0564137496715,654
