original performance,number of trades,q learning performance,number of trades,q learning training performance,number of trades
743.2025753518809,552,786.4674221536387,460,1870.3287186581865,234
848.3742992604962,524,938.6791638826069,456,911.3378863831745,259
1280.0825700239702,440,1041.1658744812012,400,-585.4124797560413,161
258.74048060587006,146,333.33500618770205,116,-50000,0
