original performance,number of trades,q learning performance,number of trades
875.9376626869688,1662,871.3318871806239,1433,885.9969778265064,654
