original performance,number of trades,q learning performance,number of trades
875.9376626869688,1662,869.3405310024519,1433,877.9699250667467,654
