original performance,number of trades,q learning performance,number of trades
875.9376626869688,1662,873.0973754925465,1431,885.9969778265064,654
