original performance,number of trades,q learning performance,number of trades
875.9376626869688,1662,872.9098074929009,1432,885.9969778265064,654
