original performance,number of trades,q learning performance,number of trades
875.9376626869688,1662,870.1967286477542,1432,877.9699250667467,654
