original performance,number of trades,q learning performance,number of trades
875.9376626869688,1662,870.6597377140873,1433,885.9969778265064,654
