original performance,number of trades,q learning performance,number of trades
875.9376626869688,1662,869.6695162446367,1433,880.7772636763547,654
