original performance,number of trades,q learning performance,number of trades
920.2105992423028,1559,885.5955798079156,1077,562.3062189980159,630
