original performance,number of trades,q learning performance,number of trades
920.2105992423028,1559,894.5604245798803,1086,562.3062189980159,630
