original performance,number of trades,q learning performance,number of trades
920.2105992423028,1559,888.4309488557958,1087,562.3062189980159,630
