original performance,number of trades,q learning performance,number of trades
920.2105992423028,1559,821.0528768653279,1357,562.3062189980159,630
