original performance,number of trades,q learning performance,number of trades
920.2105992423028,1559,860.20345924931,1268,562.3062189980159,630
