original performance,number of trades,q learning performance,number of trades,q learning training performance,number of trades
949.9695438799076,433,1013.8592337515586,401,1247.041367827869,183
-30.21661617249016,508,4.442683628627232,448,-189.70223079819277,249
2252.6295751849893,473,1906.1833059707126,414,875.1525410353536,198
-185.3257677801724,145,-263.8099640877016,124,-50000,0
