original performance,number of trades,q learning performance,number of trades
920.2105992423028,1559,836.1048299036383,1388,562.3062189980159,630
