original performance,number of trades,q learning performance,number of trades
920.2105992423028,1559,889.4703193784754,1079,562.3062189980159,630
