original performance,number of trades,q learning performance,number of trades
920.2105992423028,1559,840.6639383128613,1384,562.3062189980159,630
