original performance,number of trades,q learning performance,number of trades
920.2105992423028,1559,823.7367395543522,1258,562.3062189980159,630
