original performance,number of trades,q learning performance,number of trades
920.2105992423028,1559,826.2051682475667,1387,562.3062189980159,630
