original performance,number of trades,q learning performance,number of trades
920.2105992423028,1559,838.2499281152114,1277,562.3062189980159,630
