original performance,number of trades,q learning performance,number of trades
920.2105992423028,1559,902.5162609011628,1075,562.3062189980159,630
