original performance,number of trades,q learning performance,number of trades
920.2105992423028,1559,832.6769399073074,1389,562.3062189980159,630
