original performance,number of trades,q learning performance,number of trades
920.2105992423028,1559,831.8847248470122,1389,562.3062189980159,630
