original performance,number of trades,q learning performance,number of trades
920.2105992423028,1559,831.7728106236353,1374,562.3062189980159,630
