original performance,number of trades,q learning performance,number of trades
920.2105992423028,1559,828.3056514163669,1390,562.3062189980159,630
