original performance,number of trades,q learning performance,number of trades
920.2105992423028,1559,823.8260759370418,1364,562.3062189980159,630
