original performance,number of trades,q learning performance,number of trades
920.2105992423028,1559,879.0618199425487,1077,562.3062189980159,630
