original performance,number of trades,q learning performance,number of trades
920.2105992423028,1559,793.9889322916666,1254,562.3062189980159,630
