original performance,number of trades,q learning performance,number of trades
920.2105992423028,1559,882.8958877379295,1077,562.3062189980159,630
