original performance,number of trades,q learning performance,number of trades
920.2105992423028,1559,815.0305289649209,1265,562.3062189980159,630
