original performance,number of trades,q learning performance,number of trades
920.2105992423028,1559,839.9389532263879,1387,562.3062189980159,630
