original performance,number of trades,q learning performance,number of trades
920.2105992423028,1559,815.1737601273148,1350,610.342721527201,602
