original performance,number of trades,q learning performance,number of trades
920.2105992423028,1559,815.5256119791667,1350,611.1317580720515,602
