original performance,number of trades,q learning performance,number of trades,q learning training performance,number of trades
949.9695438799076,433,952.5862555661578,393,1218.0771596623563,174
-30.21661617249016,508,-0.0995784431561086,442,-124.38681722689076,238
2252.6295751849893,473,1897.9407388505026,398,974.1313425164474,190
-185.3257677801724,145,-119.58546195652174,115,-50000,0
