original performance,number of trades,q learning performance,number of trades
920.2105992423028,1559,812.6350622106481,1350,610.342721527201,602
