original performance,number of trades,q learning performance,number of trades
920.2105992423028,1559,825.6274840856481,1350,610.342721527201,602
