original performance,number of trades,q learning performance,number of trades
920.2105992423028,1559,815.9780349448665,1349,611.1317580720515,602
