original performance,number of trades,q learning performance,number of trades
920.2105992423028,1559,817.1043350977576,1349,610.342721527201,602
