original performance,number of trades,q learning performance,number of trades
920.2105992423028,1559,827.5958964029948,1344,610.342721527201,602
