original performance,number of trades,q learning performance,number of trades
810.935795511798,1948,580.8401285178411,1658,846.5014708219327,767
