original performance,number of trades,q learning performance,number of trades
810.935795511798,1948,583.9852566793294,1670,836.8525109819515,767
