original performance,number of trades,q learning performance,number of trades
810.935795511798,1948,598.6165891512245,1666,846.5014708219327,767
