original performance,number of trades,q learning performance,number of trades
810.935795511798,1948,600.5882983016282,1669,846.5014708219327,767
