original performance,number of trades,q learning performance,number of trades
810.935795511798,1948,634.3463901349106,1654,840.0782686454843,767
