original performance,number of trades,q learning performance,number of trades
810.935795511798,1948,642.669332602968,1662,846.5014708219327,767
