original performance,number of trades,q learning performance,number of trades,q learning training performance,number of trades
633.3098771691117,581,798.5338218704254,499,935.9082492965151,251
908.7061836354873,680,786.0166934224583,596,1190.4892317689496,324
1547.9738105455458,551,729.2404684609925,453,148.60687828063965,192
-1905.1756136838128,136,-1883.9196135141317,103,-50000,0
