original performance,number of trades,q learning performance,number of trades
810.935795511798,1948,600.4700451673127,1647,840.0782686454843,767
