original performance,number of trades,q learning performance,number of trades
810.935795511798,1948,581.9422853328732,1676,839.9444670496895,767
