original performance,number of trades,q learning performance,number of trades
810.935795511798,1948,595.0347155577261,1671,840.0782686454843,767
