original performance,number of trades,q learning performance,number of trades
810.935795511798,1948,607.6538694209579,1651,846.3676692261379,767
