original performance,number of trades,q learning performance,number of trades
810.935795511798,1948,600.9977502454115,1681,846.5014708219327,767
