original performance,number of trades,q learning performance,number of trades
810.935795511798,1948,646.412357420872,1643,840.0782686454843,767
