original performance,number of trades,q learning performance,number of trades
810.935795511798,1948,576.5841568084534,1670,840.0782686454843,767
