original performance,number of trades,q learning performance,number of trades
810.935795511798,1948,594.1907611958252,1679,846.5014708219327,767
