original performance,number of trades,q learning performance,number of trades
592.2507240130952,1067,630.8465773384526,848,531.570682006087,815
