original performance,number of trades,q learning performance,number of trades
592.2507240130952,1067,627.1812620420714,888,531.570682006087,815
