original performance,number of trades,q learning performance,number of trades
592.2507240130952,1067,609.7859562852648,900,531.570682006087,815
