original performance,number of trades,q learning performance,number of trades
592.2507240130952,1067,623.6057869421185,905,531.570682006087,815
