original performance,number of trades,q learning performance,number of trades
592.2507240130952,1067,622.396609119361,913,531.570682006087,815
