original performance,number of trades,q learning performance,number of trades
592.2507240130952,1067,641.0663175891209,897,531.570682006087,815
