original performance,number of trades,q learning performance,number of trades,q learning training performance,number of trades
1368.6870576377228,428,1489.364041701607,368,1538.8082758789062,375
-214.3744864237677,485,-332.74949963258047,404,-326.87044913552023,440
974.708362133472,154,1183.7967553710937,125,-50000,0
