original performance,number of trades,q learning performance,number of trades,q learning training performance,number of trades
1368.6870576377228,428,1609.4130086778086,316,1538.8082758789062,375
-214.3744864237677,485,-432.7631703502727,212,-326.87044913552023,440
974.708362133472,154,725.988037109375,71,-50000,0
