original performance,number of trades,q learning performance,number of trades
592.2507240130952,1067,623.5947802301789,903,531.570682006087,815
