original performance,number of trades,q learning performance,number of trades,q learning training performance,number of trades
1368.6870576377228,428,1442.9048853914503,355,1538.8082758789062,375
-214.3744864237677,485,-489.38839022803853,262,-326.87044913552023,440
974.708362133472,154,1090.1129466337316,85,-50000,0
