original performance,number of trades,q learning performance,number of trades
592.2507240130952,1067,608.4828221378453,898,531.570682006087,815
