original performance,number of trades,q learning performance,number of trades
592.2507240130952,1067,633.0631462071989,909,531.570682006087,815
