original performance,number of trades,q learning performance,number of trades
592.2507240130952,1067,683.290427421929,722,531.570682006087,815
