original performance,number of trades,q learning performance,number of trades
592.2507240130952,1067,826.1528767139838,586,531.570682006087,815
