original performance,number of trades,q learning performance,number of trades
592.2507240130952,1067,781.9263259811274,599,531.570682006087,815
