original performance,number of trades,q learning performance,number of trades
592.2507240130952,1067,624.6185103810006,899,531.570682006087,815
