original performance,number of trades,q learning performance,number of trades
592.2507240130952,1067,619.1055211715951,907,531.570682006087,815
