original performance,number of trades,q learning performance,number of trades
592.2507240130952,1067,596.0881379960894,888,531.570682006087,815
