original performance,number of trades,q learning performance,number of trades
592.2507240130952,1067,639.7928144860867,874,531.570682006087,815
