original performance,number of trades,q learning performance,number of trades
592.2507240130952,1067,647.0521305020295,895,531.570682006087,815
