original performance,number of trades,q learning performance,number of trades
592.2507240130952,1067,625.1520990063932,911,531.570682006087,815
