original performance,number of trades,q learning performance,number of trades
592.2507240130952,1067,660.7764466289982,892,531.570682006087,815
