original performance,number of trades,q learning performance,number of trades
592.2507240130952,1067,618.8193300463402,891,531.570682006087,815
