original performance,number of trades,q learning performance,number of trades
592.2507240130952,1067,618.3045339254764,897,531.570682006087,815
