original performance,number of trades,q learning performance,number of trades
592.2507240130952,1067,635.1148096755747,719,531.570682006087,815
