original performance,number of trades,q learning performance,number of trades
592.2507240130952,1067,866.5959359054436,591,531.570682006087,815
