original performance,number of trades,q learning performance,number of trades
592.2507240130952,1067,659.5319637108712,884,531.570682006087,815
