original performance,number of trades,q learning performance,number of trades,q learning training performance,number of trades
1368.6870576377228,428,1432.3324444365048,369,1538.8082758789062,375
-214.3744864237677,485,-332.3922380719866,399,-326.87044913552023,440
974.708362133472,154,1263.9175127231008,123,-50000,0
