original performance,number of trades,q learning performance,number of trades
592.2507240130952,1067,792.5919995732668,595,531.570682006087,815
