original performance,number of trades,q learning performance,number of trades,q learning training performance,number of trades
1368.6870576377228,428,1486.1523049844277,370,1538.8082758789062,375
-214.3744864237677,485,-340.6430065948563,399,-326.87044913552023,440
974.708362133472,154,1183.7967553710937,125,-50000,0
