original performance,number of trades,q learning performance,number of trades
592.2507240130952,1067,659.3000190930488,897,531.570682006087,815
