original performance,number of trades,q learning performance,number of trades
592.2507240130952,1067,820.6641945228006,601,531.570682006087,815
