original performance,number of trades,q learning performance,number of trades
592.2507240130952,1067,614.8006237725526,905,531.570682006087,815
