original performance,number of trades,q learning performance,number of trades
592.2507240130952,1067,628.561954848185,894,531.570682006087,815
