original performance,number of trades,q learning performance,number of trades
592.2507240130952,1067,615.079996575953,723,531.570682006087,815
