original performance,number of trades,q learning performance,number of trades
592.2507240130952,1067,648.8905274115668,900,531.570682006087,815
