original performance,number of trades,q learning performance,number of trades
592.2507240130952,1067,627.065505341452,906,531.570682006087,815
