original performance,number of trades,q learning performance,number of trades
592.2507240130952,1067,797.8191508731327,592,531.570682006087,815
