original performance,number of trades,q learning performance,number of trades
592.2507240130952,1067,649.3524924740404,714,531.570682006087,815
