original performance,number of trades,q learning performance,number of trades
592.2507240130952,1067,634.9032956572448,911,531.570682006087,815
