original performance,number of trades,q learning performance,number of trades
592.2507240130952,1067,650.0588014200664,892,531.570682006087,815
