original performance,number of trades,q learning performance,number of trades
592.2507240130952,1067,603.2441834090316,719,531.570682006087,815
