original performance,number of trades,q learning performance,number of trades
592.2507240130952,1067,623.1660757211539,910,531.570682006087,815
