original performance,number of trades,q learning performance,number of trades
592.2507240130952,1067,585.25756431872,861,531.570682006087,815
