original performance,number of trades,q learning performance,number of trades
592.2507240130952,1067,624.3113513560022,908,531.570682006087,815
