original performance,number of trades,q learning performance,number of trades
592.2507240130952,1067,646.5002371786969,903,531.570682006087,815
