original performance,number of trades,q learning performance,number of trades
592.2507240130952,1067,632.0998181688916,910,531.570682006087,815
