original performance,number of trades,q learning performance,number of trades
592.2507240130952,1067,639.7837327700314,906,531.570682006087,815
