original performance,number of trades,q learning performance,number of trades
592.2507240130952,1067,628.9875328200204,896,531.570682006087,815
