original performance,number of trades,q learning performance,number of trades
592.2507240130952,1067,629.8439923754258,899,531.570682006087,815
