original performance,number of trades,q learning performance,number of trades
592.2507240130952,1067,795.1303157386844,591,531.570682006087,815
