original performance,number of trades,q learning performance,number of trades
592.2507240130952,1067,621.7737814174728,898,531.570682006087,815
