original performance,number of trades,q learning performance,number of trades
592.2507240130952,1067,642.697808296726,891,531.570682006087,815
