original performance,number of trades,q learning performance,number of trades
592.2507240130952,1067,647.7866660486245,873,531.570682006087,815
