original performance,number of trades,q learning performance,number of trades
592.2507240130952,1067,671.5187205270122,707,531.570682006087,815
