original performance,number of trades,q learning performance,number of trades
592.2507240130952,1067,613.3449016588306,884,531.570682006087,815
