original performance,number of trades,q learning performance,number of trades
592.2507240130952,1067,637.7305696090154,869,531.570682006087,815
