original performance,number of trades,q learning performance,number of trades
527.2818497973593,1839,549.7987420316522,1554,64.82861149088542,750
