original performance,number of trades,q learning performance,number of trades
527.2818497973593,1839,596.5166674469715,1567,64.82861149088542,750
