original performance,number of trades,q learning performance,number of trades
527.2818497973593,1839,587.380411510226,1264,64.93268725585938,750
