original performance,number of trades,q learning performance,number of trades
592.2507240130952,1067,641.3293427648899,914,531.570682006087,815
