original performance,number of trades,q learning performance,number of trades
592.2507240130952,1067,626.7676784494536,915,531.570682006087,815
