original performance,number of trades,q learning performance,number of trades
592.2507240130952,1067,656.8058074714077,901,531.570682006087,815
