original performance,number of trades,q learning performance,number of trades
592.2507240130952,1067,628.6124593098958,915,531.570682006087,815
