original performance,number of trades,q learning performance,number of trades
592.2507240130952,1067,650.4516521516393,915,531.570682006087,815
