original performance,number of trades,q learning performance,number of trades
592.2507240130952,1067,636.458432100943,908,531.570682006087,815
