original performance,number of trades,q learning performance,number of trades
592.2507240130952,1067,631.2798034464744,901,531.570682006087,815
