original performance,number of trades,q learning performance,number of trades
592.2507240130952,1067,645.3756629634661,913,531.570682006087,815
