original performance,number of trades,q learning performance,number of trades
592.2507240130952,1067,634.1886556480902,911,531.570682006087,815
