original performance,number of trades,q learning performance,number of trades
592.2507240130952,1067,635.6249316352944,916,531.570682006087,815
