original performance,number of trades,q learning performance,number of trades
592.2507240130952,1067,638.6896102253475,913,531.570682006087,815
