original performance,number of trades,q learning performance,number of trades
875.9376626869688,1662,878.7556492628249,1243,855.9497938546521,684
