original performance,number of trades,q learning performance,number of trades
875.9376626869688,1662,841.77913486836,1471,855.9497938546521,684
