original performance,number of trades,q learning performance,number of trades
875.9376626869688,1662,943.56978525818,994,855.9497938546521,684
