original performance,number of trades,q learning performance,number of trades
875.9376626869688,1662,828.8810286718951,1452,855.9497938546521,684
