original performance,number of trades,q learning performance,number of trades
875.9376626869688,1662,956.0893140173262,1256,855.9497938546521,684
