original performance,number of trades,q learning performance,number of trades
886.4300592697356,1367,609.371670541884,1106,1156.41506340596,1059
