original performance,number of trades,q learning performance,number of trades
886.4300592697356,1367,595.1803880404215,1102,1156.41506340596,1059
