original performance,number of trades,q learning performance,number of trades
886.4300592697356,1367,600.121623073799,1104,1156.41506340596,1059
