original performance,number of trades,q learning performance,number of trades
886.4300592697356,1367,576.7810007430295,1099,1156.41506340596,1059
