original performance,number of trades,q learning performance,number of trades
886.4300592697356,1367,554.5717708860125,1120,1156.41506340596,1059
