original performance,number of trades,q learning performance,number of trades
886.4300592697356,1367,581.4109721554602,1093,1156.41506340596,1059
