original performance,number of trades,q learning performance,number of trades
886.4300592697356,1367,613.4870085547341,1101,1156.41506340596,1059
