original performance,number of trades,q learning performance,number of trades
886.4300592697356,1367,558.7543158190591,1120,1156.41506340596,1059
