original performance,number of trades,q learning performance,number of trades
886.4300592697356,1367,550.6275002479554,1120,1156.41506340596,1059
