original performance,number of trades,q learning performance,number of trades
886.4300592697356,1367,602.8184274118158,1106,1156.41506340596,1059
