original performance,number of trades,q learning performance,number of trades
886.4300592697356,1367,571.7284097123013,1078,1156.41506340596,1059
