original performance,number of trades,q learning performance,number of trades
886.4300592697356,1367,570.4742479059194,1115,1156.41506340596,1059
