original performance,number of trades,q learning performance,number of trades
886.4300592697356,1367,551.2014373426335,1124,1156.41506340596,1059
