original performance,number of trades,q learning performance,number of trades
886.4300592697356,1367,551.0783720342963,1110,1156.41506340596,1059
