original performance,number of trades,q learning performance,number of trades,q learning training performance,number of trades
1131.2878443244758,655,912.329354536424,545,969.4869322650201,565
1267.118466059367,576,781.9042451285461,446,1370.2093834355776,494
-1905.1756136838128,136,-1771.8732243510126,103,-50000,0
