original performance,number of trades,q learning performance,number of trades
886.4300592697356,1367,556.4201201508602,1122,1156.41506340596,1059
