original performance,number of trades,q learning performance,number of trades
886.4300592697356,1367,638.1106796611439,1100,1156.41506340596,1059
