original performance,number of trades,q learning performance,number of trades
886.4300592697356,1367,586.8454661925994,1105,1156.41506340596,1059
