original performance,number of trades,q learning performance,number of trades
886.4300592697356,1367,611.5245737195123,1103,1156.41506340596,1059
