original performance,number of trades,q learning performance,number of trades
886.4300592697356,1367,580.6448346974618,1108,1156.41506340596,1059
