original performance,number of trades,q learning performance,number of trades
886.4300592697356,1367,631.1329027378065,1085,1156.41506340596,1059
