original performance,number of trades,q learning performance,number of trades
886.4300592697356,1367,562.3494157324067,1123,1156.41506340596,1059
