original performance,number of trades,q learning performance,number of trades
886.4300592697356,1367,557.4073041189122,1118,1156.41506340596,1059
