original performance,number of trades,q learning performance,number of trades
886.4300592697356,1367,606.4404473871374,1094,1156.41506340596,1059
