original performance,number of trades,q learning performance,number of trades
886.4300592697356,1367,580.3752649106748,1113,1156.41506340596,1059
