original performance,number of trades,q learning performance,number of trades
886.4300592697356,1367,541.9013788717256,1112,1156.41506340596,1059
