original performance,number of trades,q learning performance,number of trades
886.4300592697356,1367,589.7198756438826,1114,1156.41506340596,1059
