original performance,number of trades,q learning performance,number of trades
886.4300592697356,1367,583.4259593491066,1114,1156.41506340596,1059
