original performance,number of trades,q learning performance,number of trades
886.4300592697356,1367,544.5684926582105,1122,1156.41506340596,1059
