original performance,number of trades,q learning performance,number of trades
886.4300592697356,1367,532.1779539832346,1109,1156.41506340596,1059
