original performance,number of trades,q learning performance,number of trades
886.4300592697356,1367,576.5390041515392,1116,1156.41506340596,1059
