original performance,number of trades,q learning performance,number of trades
886.4300592697356,1367,592.9379081691739,1111,1156.41506340596,1059
