original performance,number of trades,q learning performance,number of trades
886.4300592697356,1367,564.6121033747496,1123,1156.41506340596,1059
