original performance,number of trades,q learning performance,number of trades
886.4300592697356,1367,572.1395856369212,1102,1156.41506340596,1059
