original performance,number of trades,q learning performance,number of trades
886.4300592697356,1367,618.5229913450579,1089,1156.41506340596,1059
