original performance,number of trades,q learning performance,number of trades
886.4300592697356,1367,593.1042760282511,1101,1156.41506340596,1059
