original performance,number of trades,q learning performance,number of trades
886.4300592697356,1367,619.8884390635034,1095,1156.41506340596,1059
