original performance,number of trades,q learning performance,number of trades
886.4300592697356,1367,633.8794286997895,1095,1156.41506340596,1059
