original performance,number of trades,q learning performance,number of trades
886.4300592697356,1367,554.6271974567011,1118,1156.41506340596,1059
