original performance,number of trades,q learning performance,number of trades
886.4300592697356,1367,543.1126178114149,1125,1156.41506340596,1059
