original performance,number of trades,q learning performance,number of trades
886.4300592697356,1367,567.330750492837,1112,1156.41506340596,1059
