original performance,number of trades,q learning performance,number of trades
886.4300592697356,1367,666.9830783879645,1070,1156.41506340596,1059
