original performance,number of trades,q learning performance,number of trades
886.4300592697356,1367,566.5090188749168,1115,1156.41506340596,1059
