original performance,number of trades,q learning performance,number of trades
886.4300592697356,1367,626.0868598090278,1107,1156.41506340596,1059
