original performance,number of trades,q learning performance,number of trades
875.9376626869688,1662,839.2168707171941,1475,855.9497938546521,684
