original performance,number of trades,q learning performance,number of trades
875.9376626869688,1662,865.2266467736958,1459,855.9497938546521,684
