original performance,number of trades,q learning performance,number of trades
875.9376626869688,1662,842.0574190211378,1465,855.9497938546521,684
