original performance,number of trades,q learning performance,number of trades
875.9376626869688,1662,839.6856695457262,1474,855.9497938546521,684
