original performance,number of trades,q learning performance,number of trades
875.9376626869688,1662,955.6064300537109,998,855.9497938546521,684
