original performance,number of trades,q learning performance,number of trades
875.9376626869688,1662,885.2082171801077,1255,855.9497938546521,684
