original performance,number of trades,q learning performance,number of trades
1204.2041569295193,743,1168.1744114802434,702,837.2928364129714,324
