original performance,number of trades,q learning performance,number of trades
1204.2041569295193,743,1301.0872651759464,473,837.2928364129714,324
