original performance,number of trades,q learning performance,number of trades
1204.2041569295193,743,1176.1242969497023,719,837.2928364129714,324
