original performance,number of trades,q learning performance,number of trades
1204.2041569295193,743,1188.9097655221317,712,837.2928364129714,324
