original performance,number of trades,q learning performance,number of trades
1204.2041569295193,743,1386.0692723086256,553,837.2928364129714,324
