original performance,number of trades,q learning performance,number of trades
1204.2041569295193,743,1469.393901040692,501,837.2928364129714,324
