original performance,number of trades,q learning performance,number of trades
1204.2041569295193,743,1167.0227919489437,717,837.2928364129714,324
