original performance,number of trades,q learning performance,number of trades
1204.2041569295193,743,1149.9095672433532,702,837.2928364129714,324
