original performance,number of trades,q learning performance,number of trades,q learning training performance,number of trades
1141.4591292063394,240,1141.4591292063394,240,1235.620802022643,118
174.9220970610869,217,142.57907853303132,216,106.3176739032452,104
2811.0939756729063,233,2858.6266713142395,192,1121.7900615018957,102
-1361.6885623572007,53,-1611.7429389105903,45,-50000,0
