original performance,number of trades,q learning performance,number of trades
1204.2041569295193,743,1197.5644764768485,724,837.2928364129714,324
