original performance,number of trades,q learning performance,number of trades
737.1249886324573,1794,807.6567430483551,1506,488.93437516519487,702
