original performance,number of trades,q learning performance,number of trades
489.71433011810325,1529,466.84337388928077,1366,763.8410948662862,548
