original performance,number of trades,q learning performance,number of trades
489.71433011810325,1529,437.9932636844671,1379,763.8410948662862,548
