original performance,number of trades,q learning performance,number of trades
489.71433011810325,1529,460.353156829834,1375,763.8410948662862,548
