original performance,number of trades,q learning performance,number of trades
489.71433011810325,1529,461.234132019644,1371,763.8410948662862,548
