original performance,number of trades,q learning performance,number of trades
489.71433011810325,1529,390.4511659127266,1318,763.8410948662862,548
