original performance,number of trades,q learning performance,number of trades
489.71433011810325,1529,456.9617674506004,1382,763.8410948662862,548
