original performance,number of trades,q learning performance,number of trades,q learning training performance,number of trades
-175.16291382831076,460,-214.66086312998897,414,-965.0193110498889,174
836.3426149332298,530,540.5801749229431,464,1092.9431199476453,225
1318.4206282627435,405,1448.91429675854,359,2285.81260484017,149
-1103.5357406673147,134,-835.0637350864098,122,-50000,0
