original performance,number of trades,q learning performance,number of trades
489.71433011810325,1529,396.7161851479732,1334,763.8410948662862,548
