original performance,number of trades,q learning performance,number of trades
489.71433011810325,1529,498.13241460572635,1358,763.8410948662862,548
