original performance,number of trades,q learning performance,number of trades
489.71433011810325,1529,457.0882097543949,1362,763.8410948662862,548
