original performance,number of trades,q learning performance,number of trades
489.71433011810325,1529,397.8071770664387,1309,763.8410948662862,548
