original performance,number of trades,q learning performance,number of trades
489.71433011810325,1529,443.9055020373923,1353,763.8410948662862,548
