original performance,number of trades,q learning performance,number of trades
489.71433011810325,1529,464.064047209445,1369,763.8410948662862,548
