original performance,number of trades,q learning performance,number of trades
489.71433011810325,1529,454.8452408425948,1360,763.8410948662862,548
