original performance,number of trades,q learning performance,number of trades
489.71433011810325,1529,355.2914467440752,1309,763.8410948662862,548
