original performance,number of trades,q learning performance,number of trades,q learning training performance,number of trades
-175.16291382831076,460,-171.8549121367152,413,-965.0193110498889,174
836.3426149332298,530,512.0229652926453,468,1092.9431199476453,225
1318.4206282627435,405,1456.9627811505854,361,2285.81260484017,149
-1103.5357406673147,134,-758.8394549687704,120,-50000,0
