original performance,number of trades,q learning performance,number of trades
489.71433011810325,1529,481.593354633674,1347,763.8410948662862,548
