original performance,number of trades,q learning performance,number of trades
489.71433011810325,1529,378.0619673714537,1324,763.8410948662862,548
