original performance,number of trades,q learning performance,number of trades
489.71433011810325,1529,440.85325736583366,1375,763.8410948662862,548
