original performance,number of trades,q learning performance,number of trades
489.71433011810325,1529,371.30534091218743,1326,763.8410948662862,548
