original performance,number of trades,q learning performance,number of trades
489.71433011810325,1529,444.4536340467391,1364,763.8410948662862,548
