original performance,number of trades,q learning performance,number of trades
489.71433011810325,1529,500.2913046836853,1360,763.8410948662862,548
