original performance,number of trades,q learning performance,number of trades
489.71433011810325,1529,456.69132679474944,1372,763.8410948662862,548
