original performance,number of trades,q learning performance,number of trades
489.71433011810325,1529,425.8622136793234,1366,763.8410948662862,548
