original performance,number of trades,q learning performance,number of trades
489.71433011810325,1529,386.05704532707165,1319,763.8410948662862,548
