original performance,number of trades,q learning performance,number of trades
489.71433011810325,1529,367.2770545871101,1295,763.8410948662862,548
