original performance,number of trades,q learning performance,number of trades
489.71433011810325,1529,447.14114315005116,1370,763.8410948662862,548
