original performance,number of trades,q learning performance,number of trades
489.71433011810325,1529,476.7204003285175,1366,763.8410948662862,548
