original performance,number of trades,q learning performance,number of trades,q learning training performance,number of trades
-175.16291382831076,460,-169.12322167789236,408,-965.0193110498889,174
836.3426149332298,530,616.4261024136014,450,1092.9431199476453,225
1318.4206282627435,405,1391.6996360191931,364,2285.81260484017,149
-1103.5357406673147,134,-783.9752237619447,121,-50000,0
