original performance,number of trades,q learning performance,number of trades
489.71433011810325,1529,439.1177998855112,1371,763.8410948662862,548
