original performance,number of trades,q learning performance,number of trades
489.71433011810325,1529,476.87207584798773,1370,763.8410948662862,548
