original performance,number of trades,q learning performance,number of trades
489.71433011810325,1529,420.4947186211822,1289,763.8410948662862,548
