original performance,number of trades,q learning performance,number of trades
489.71433011810325,1529,461.1520079483632,1374,763.8410948662862,548
