original performance,number of trades,q learning performance,number of trades
489.71433011810325,1529,461.13999548252457,1362,763.8410948662862,548
