original performance,number of trades,q learning performance,number of trades
489.71433011810325,1529,463.3491909742181,1371,763.8410948662862,548
