original performance,number of trades,q learning performance,number of trades
489.71433011810325,1529,471.1881677143401,1367,763.8410948662862,548
