original performance,number of trades,q learning performance,number of trades
489.71433011810325,1529,441.8069233032094,1377,763.8410948662862,548
