original performance,number of trades,q learning performance,number of trades
489.71433011810325,1529,443.6265619799148,1376,763.8410948662862,548
