original performance,number of trades,q learning performance,number of trades
489.71433011810325,1529,451.0009626094685,1376,763.8410948662862,548
