original performance,number of trades,q learning performance,number of trades
489.71433011810325,1529,361.38715729235156,1316,763.8410948662862,548
