original performance,number of trades,q learning performance,number of trades,q learning training performance,number of trades
-175.16291382831076,460,-160.55876640245026,408,-965.0193110498889,174
836.3426149332298,530,587.0257507324219,460,1092.9431199476453,225
1318.4206282627435,405,1460.0289314814977,378,2285.81260484017,149
-1103.5357406673147,134,-666.8300910079688,114,-50000,0
