original performance,number of trades,q learning performance,number of trades
489.71433011810325,1529,519.3693855104397,1347,763.8410948662862,548
