original performance,number of trades,q learning performance,number of trades
489.71433011810325,1529,443.71979667276577,1380,763.8410948662862,548
