original performance,number of trades,q learning performance,number of trades
489.71433011810325,1529,478.52118634861824,1359,763.8410948662862,548
