original performance,number of trades,q learning performance,number of trades
489.71433011810325,1529,440.4050524885637,1370,763.8410948662862,548
