original performance,number of trades,q learning performance,number of trades
489.71433011810325,1529,381.12045852268966,1284,763.8410948662862,548
