original performance,number of trades,q learning performance,number of trades
489.71433011810325,1529,444.5078401012697,1380,763.8410948662862,548
