original performance,number of trades,q learning performance,number of trades
489.71433011810325,1529,378.48010172265407,1327,763.8410948662862,548
