original performance,number of trades,q learning performance,number of trades
489.71433011810325,1529,454.2739262852356,1370,763.8410948662862,548
