original performance,number of trades,q learning performance,number of trades
489.71433011810325,1529,451.45181597408316,1383,763.8410948662862,548
