original performance,number of trades,q learning performance,number of trades
489.71433011810325,1529,504.72024041237916,1352,763.8410948662862,548
