original performance,number of trades,q learning performance,number of trades
489.71433011810325,1529,428.83857819474775,1296,763.8410948662862,548
