original performance,number of trades,q learning performance,number of trades
489.71433011810325,1529,424.25848743967765,1370,763.8410948662862,548
