original performance,number of trades,q learning performance,number of trades
489.71433011810325,1529,390.90467133060577,1302,763.8410948662862,548
