original performance,number of trades,q learning performance,number of trades
489.71433011810325,1529,448.88587824596465,1369,763.8410948662862,548
