original performance,number of trades,q learning performance,number of trades
489.71433011810325,1529,514.2964374550658,1359,763.8410948662862,548
