original performance,number of trades,q learning performance,number of trades
489.71433011810325,1529,462.40761297248133,1376,763.8410948662862,548
