original performance,number of trades,q learning performance,number of trades
489.71433011810325,1529,446.0298387880679,1350,763.8410948662862,548
