original performance,number of trades,q learning performance,number of trades
489.71433011810325,1529,511.5795491469684,1333,763.8410948662862,548
