original performance,number of trades,q learning performance,number of trades
489.71433011810325,1529,446.1111877258034,1373,763.8410948662862,548
