original performance,number of trades,q learning performance,number of trades,q learning training performance,number of trades
-175.16291382831076,460,-185.9409561710081,414,-965.0193110498889,174
836.3426149332298,530,544.6559241205199,468,1092.9431199476453,225
1318.4206282627435,405,1240.0028766944395,342,2285.81260484017,149
-1103.5357406673147,134,-661.6455406882546,110,-50000,0
