original performance,number of trades,q learning performance,number of trades
489.71433011810325,1529,445.3447174894064,1374,763.8410948662862,548
