original performance,number of trades,q learning performance,number of trades
489.71433011810325,1529,440.2724632981773,1359,763.8410948662862,548
