original performance,number of trades,q learning performance,number of trades
489.71433011810325,1529,455.36001388313844,1358,763.8410948662862,548
