original performance,number of trades,q learning performance,number of trades
888.5859736833914,1255,938.019409352755,1058,1031.1898930021462,1022
