original performance,number of trades,q learning performance,number of trades
888.5859736833914,1255,930.6365553945865,1060,1031.1898930021462,1022
