original performance,number of trades,q learning performance,number of trades
888.5859736833914,1255,955.7296065023736,1029,1031.1898930021462,1022
