original performance,number of trades,q learning performance,number of trades
888.5859736833914,1255,880.9433525358719,1033,1031.1898930021462,1022
