original performance,number of trades,q learning performance,number of trades
888.5859736833914,1255,956.0290117337722,1032,1031.1898930021462,1022
