original performance,number of trades,q learning performance,number of trades
888.5859736833914,1255,925.2946271506383,1076,1031.1898930021462,1022
