original performance,number of trades,q learning performance,number of trades
888.5859736833914,1255,926.1010155913765,1071,1031.1898930021462,1022
