original performance,number of trades,q learning performance,number of trades
888.5859736833914,1255,941.1643771028254,1078,1031.1898930021462,1022
