original performance,number of trades,q learning performance,number of trades
888.5859736833914,1255,959.5836941795093,1041,1031.1898930021462,1022
