original performance,number of trades,q learning performance,number of trades
888.5859736833914,1255,980.3968063181378,617,1031.1898930021462,1022
