original performance,number of trades,q learning performance,number of trades
888.5859736833914,1255,934.9473084521894,1071,1031.1898930021462,1022
