original performance,number of trades,q learning performance,number of trades
888.5859736833914,1255,947.7351070332078,1060,1031.1898930021462,1022
