original performance,number of trades,q learning performance,number of trades
888.5859736833914,1255,949.0512190766867,1047,1031.1898930021462,1022
