original performance,number of trades,q learning performance,number of trades
888.5859736833914,1255,957.9407369927561,1039,1031.1898930021462,1022
