original performance,number of trades,q learning performance,number of trades
888.5859736833914,1255,918.663504016826,1062,1031.1898930021462,1022
