original performance,number of trades,q learning performance,number of trades
888.5859736833914,1255,1042.5279624141865,804,1031.1898930021462,1022
