original performance,number of trades,q learning performance,number of trades
888.5859736833914,1255,939.9364607133938,1048,1031.1898930021462,1022
