original performance,number of trades,q learning performance,number of trades
888.5859736833914,1255,965.1086008451894,1034,1031.1898930021462,1022
