original performance,number of trades,q learning performance,number of trades
888.5859736833914,1255,948.6867960468704,1065,1031.1898930021462,1022
