original performance,number of trades,q learning performance,number of trades
888.5859736833914,1255,954.1893816204163,1045,1031.1898930021462,1022
