original performance,number of trades,q learning performance,number of trades
888.5859736833914,1255,983.3427154775316,1042,1031.1898930021462,1022
