original performance,number of trades,q learning performance,number of trades
888.5859736833914,1255,956.6780049828488,1036,1031.1898930021462,1022
