original performance,number of trades,q learning performance,number of trades
888.5859736833914,1255,994.4282954388665,591,1031.1898930021462,1022
