original performance,number of trades,q learning performance,number of trades
888.5859736833914,1255,943.4307037470106,1047,1031.1898930021462,1022
