original performance,number of trades,q learning performance,number of trades
888.5859736833914,1255,945.2593833498241,1023,1031.1898930021462,1022
