original performance,number of trades,q learning performance,number of trades
888.5859736833914,1255,1003.3248870021613,774,1031.1898930021462,1022
