original performance,number of trades,q learning performance,number of trades,q learning training performance,number of trades
1462.8129417945108,537,1558.7886953415145,467,1438.0896853388572,490
645.684075072005,592,592.3312518298626,512,656.4137684814912,532
-417.46131121923054,126,-435.52606541902117,103,-50000,0
