original performance,number of trades,q learning performance,number of trades
888.5859736833914,1255,913.9179919585017,1048,1031.1898930021462,1022
