original performance,number of trades,q learning performance,number of trades
888.5859736833914,1255,985.5583523764091,761,1031.1898930021462,1022
