original performance,number of trades,q learning performance,number of trades
888.5859736833914,1255,1002.4680843611021,592,1031.1898930021462,1022
