original performance,number of trades,q learning performance,number of trades
888.5859736833914,1255,935.3071023798755,1059,1031.1898930021462,1022
