original performance,number of trades,q learning performance,number of trades
888.5859736833914,1255,907.2840184825446,1066,1031.1898930021462,1022
