original performance,number of trades,q learning performance,number of trades
888.5859736833914,1255,923.3642612953294,1069,1031.1898930021462,1022
