original performance,number of trades,q learning performance,number of trades
888.5859736833914,1255,945.0714498924708,1046,1031.1898930021462,1022
