original performance,number of trades,q learning performance,number of trades
888.5859736833914,1255,1026.658740812961,807,1031.1898930021462,1022
