original performance,number of trades,q learning performance,number of trades
888.5859736833914,1255,1056.2712090318637,802,1031.1898930021462,1022
