original performance,number of trades,q learning performance,number of trades
888.5859736833914,1255,946.0486772909932,1044,1031.1898930021462,1022
