original performance,number of trades,q learning performance,number of trades
888.5859736833914,1255,947.8998863452288,1052,1031.1898930021462,1022
