original performance,number of trades,q learning performance,number of trades
888.5859736833914,1255,907.2420618788104,1070,1031.1898930021462,1022
