original performance,number of trades,q learning performance,number of trades
888.5859736833914,1255,940.2664965814455,1042,1031.1898930021462,1022
