original performance,number of trades,q learning performance,number of trades
888.5859736833914,1255,941.0689901254634,1039,1031.1898930021462,1022
