original performance,number of trades,q learning performance,number of trades
888.5859736833914,1255,927.3597380216604,1043,1031.1898930021462,1022
