original performance,number of trades,q learning performance,number of trades
888.5859736833914,1255,950.4899879440694,1026,1031.1898930021462,1022
