original performance,number of trades,q learning performance,number of trades
888.5859736833914,1255,949.9417989085327,1046,1031.1898930021462,1022
