original performance,number of trades,q learning performance,number of trades
888.5859736833914,1255,994.3815969511817,598,1031.1898930021462,1022
