original performance,number of trades,q learning performance,number of trades
888.5859736833914,1255,934.0076397670789,1068,1031.1898930021462,1022
