original performance,number of trades,q learning performance,number of trades
888.5859736833914,1255,952.7997643355001,1038,1031.1898930021462,1022
