original performance,number of trades,q learning performance,number of trades
888.5859736833914,1255,954.4472819768679,1033,1031.1898930021462,1022
