original performance,number of trades,q learning performance,number of trades
888.5859736833914,1255,949.9582580420389,1045,1031.1898930021462,1022
