original performance,number of trades,q learning performance,number of trades
888.5859736833914,1255,946.0346905933316,1013,1031.1898930021462,1022
