original performance,number of trades,q learning performance,number of trades
888.5859736833914,1255,942.6859138951157,1056,1031.1898930021462,1022
