original performance,number of trades,q learning performance,number of trades
888.5859736833914,1255,916.3502024427753,1070,1031.1898930021462,1022
