original performance,number of trades,q learning performance,number of trades
888.5859736833914,1255,936.1974580146072,1042,1031.1898930021462,1022
