original performance,number of trades,q learning performance,number of trades
888.5859736833914,1255,1022.6596782397993,826,1031.1898930021462,1022
