original performance,number of trades,q learning performance,number of trades
737.1249886324573,1794,789.515817273401,1567,468.65763123872944,743
