original performance,number of trades,q learning performance,number of trades
737.1249886324573,1794,784.1034139563975,1571,468.65763123872944,743
