original performance,number of trades,q learning performance,number of trades
737.1249886324573,1794,787.0893962252671,1570,468.65763123872944,743
