original performance,number of trades,q learning performance,number of trades
737.1249886324573,1794,783.5923867438249,1570,468.65763123872944,743
