original performance,number of trades,q learning performance,number of trades
737.1249886324573,1794,790.1087810888345,1569,468.65763123872944,743
