original performance,number of trades,q learning performance,number of trades
737.1249886324573,1794,747.2639151247824,1533,468.65763123872944,743
