original performance,number of trades,q learning performance,number of trades
737.1249886324573,1794,794.0085491280103,1569,468.65763123872944,743
