original performance,number of trades,q learning performance,number of trades
737.1249886324573,1794,800.5966463411546,1567,468.65763123872944,743
