original performance,number of trades,q learning performance,number of trades
737.1249886324573,1794,793.5918168067325,1569,468.65763123872944,743
