original performance,number of trades,q learning performance,number of trades
737.1249886324573,1794,746.1597759987882,1534,468.65763123872944,743
