original performance,number of trades,q learning performance,number of trades
737.1249886324573,1794,800.027954350985,1560,468.65763123872944,743
