original performance,number of trades,q learning performance,number of trades
737.1249886324573,1794,780.2296252132146,1569,468.65763123872944,743
