original performance,number of trades,q learning performance,number of trades
737.1249886324573,1794,786.1570467392755,1569,468.65763123872944,743
