original performance,number of trades,q learning performance,number of trades,q learning training performance,number of trades
-72.06104708537204,582,18.70760903707365,492,-1049.6987075175136,242
676.8582560221354,621,675.5877400812113,530,1578.8019927537828,277
2147.3732711704633,524,2146.8750976467527,482,736.2123001643589,224
-2704.638986160506,67,-2701.054876804352,64,-50000,0
