original performance,number of trades,q learning performance,number of trades
737.1249886324573,1794,783.9171119106803,1570,468.65763123872944,743
