original performance,number of trades,q learning performance,number of trades
737.1249886324573,1794,791.5185880752068,1571,468.65763123872944,743
