original performance,number of trades,q learning performance,number of trades
-59.92019241323687,1637,-105.93273624005757,1436,37.737076508520616,673
