original performance,number of trades,q learning performance,number of trades
-59.92019241323687,1637,-58.964640669389205,1430,37.737076508520616,673
