original performance,number of trades,q learning performance,number of trades
-59.92019241323687,1637,-107.73185120190924,1086,37.63826394612509,673
