original performance,number of trades,q learning performance,number of trades
-59.92019241323687,1637,-124.04189517891255,867,37.737076508520616,673
