original performance,number of trades,q learning performance,number of trades
-59.92019241323687,1637,-62.4854426281391,1441,37.737076508520616,673
