original performance,number of trades,q learning performance,number of trades
-59.92019241323687,1637,-82.92577401522932,1392,37.737076508520616,673
