original performance,number of trades,q learning performance,number of trades
-512.3732065736104,1721,-396.6649792177457,1551,-474.14347524228305,644
