original performance,number of trades,q learning performance,number of trades
-512.3732065736104,1721,-405.8576697811638,1552,-489.45076303896695,644
