original performance,number of trades,q learning performance,number of trades
-512.3732065736104,1721,-407.39667279941517,1552,-486.2306452212126,644
