original performance,number of trades,q learning performance,number of trades
-512.3732065736104,1721,-399.656174177976,1552,-469.0175821055537,644
