original performance,number of trades,q learning performance,number of trades
-512.3732065736104,1721,-400.3045781994542,1551,-485.73912562494695,644
