original performance,number of trades,q learning performance,number of trades
-512.3732065736104,1721,-402.2306848817453,1551,-491.8381286289381,644
