original performance,number of trades,q learning performance,number of trades
-512.3732065736104,1721,-419.0886260986328,1550,-489.45076303896695,644
