original performance,number of trades,q learning performance,number of trades,,
-9.864844256,467734,51.33008031,2007,,3
-8.145814561,424193,-179.1830587,1796,,4
6.601848558,489101,-69.83211998,2023,,5
0.849798684,468697,131.0032608,1971,,6
4.830872919,490851,-23.97547538,2115,,7
1.905422887,470187,-69.40180509,613,,8
