original performance,number of trades,q learning performance,number of trades
810.935795511798,1948,677.2397782434872,1608,846.5014708219327,767
