original performance,number of trades,q learning performance,number of trades
810.935795511798,1948,656.5304024232898,1603,846.5014708219327,767
