original performance,number of trades,q learning performance,number of trades
810.935795511798,1948,729.3566708993911,1600,846.5014708219327,767
