original performance,number of trades,q learning performance,number of trades
810.935795511798,1948,647.3722757355063,1591,846.5014708219327,767
