original performance,number of trades,q learning performance,number of trades
875.9376626869688,1662,840.5941487561242,1475,855.9497938546521,684
