original performance,number of trades,q learning performance,number of trades
875.9376626869688,1662,840.6043679846838,1474,855.9497938546521,684
