original performance,number of trades,q learning performance,number of trades
737.1249886324573,1794,821.0831090436662,1400,491.57492191499455,702
