original performance,number of trades,q learning performance,number of trades
737.1249886324573,1794,803.1328914795344,1446,488.93437516519487,702
