original performance,number of trades,q learning performance,number of trades
737.1249886324573,1794,1193.5350031763871,644,488.93437516519487,702
