original performance,number of trades,q learning performance,number of trades
737.1249886324573,1794,826.2252654081547,1449,488.93437516519487,702
