original performance,number of trades,q learning performance,number of trades
737.1249886324573,1794,808.2383559967998,1435,488.93437516519487,702
