original performance,number of trades,q learning performance,number of trades
737.1249886324573,1794,843.5106714967993,1461,491.57492191499455,702
