original performance,number of trades,q learning performance,number of trades
737.1249886324573,1794,786.8874501820019,1449,488.93437516519487,702
