original performance,number of trades,q learning performance,number of trades
737.1249886324573,1794,828.5794923074891,1437,488.93437516519487,702
