original performance,number of trades,q learning performance,number of trades
737.1249886324573,1794,1228.6879749147436,633,488.93437516519487,702
