original performance,number of trades,q learning performance,number of trades
737.1249886324573,1794,823.278475588384,1422,491.57492191499455,702
