original performance,number of trades,q learning performance,number of trades
737.1249886324573,1794,850.7160118744554,1439,488.93437516519487,702
