original performance,number of trades,q learning performance,number of trades
737.1249886324573,1794,856.7982896310706,1436,488.93437516519487,702
