original performance,number of trades,q learning performance,number of trades
737.1249886324573,1794,1281.3451232792418,648,491.57492191499455,702
