original performance,number of trades,q learning performance,number of trades
737.1249886324573,1794,794.5344382684981,1389,491.57492191499455,702
