original performance,number of trades,q learning performance,number of trades,q learning training performance,number of trades
-72.06104708537204,582,-14.184552251076212,441,-1036.446396558274,223
676.8582560221354,621,778.4599896026737,486,1618.9295209877391,263
2147.3732711704633,524,2132.8465409786145,470,687.8750637902153,216
-2704.638986160506,67,-2662.563960828279,57,-50000,0
