original performance,number of trades,q learning performance,number of trades
737.1249886324573,1794,815.4276592837941,1478,488.93437516519487,702
