original performance,number of trades,q learning performance,number of trades
737.1249886324573,1794,855.8151050909597,1439,491.57492191499455,702
