original performance,number of trades,q learning performance,number of trades
737.1249886324573,1794,812.0979151705818,1434,491.57492191499455,702
