original performance,number of trades,q learning performance,number of trades
737.1249886324573,1794,840.3119975017464,1472,488.93437516519487,702
