original performance,number of trades,q learning performance,number of trades
737.1249886324573,1794,848.3376007446624,1457,488.93437516519487,702
