original performance,number of trades,q learning performance,number of trades
737.1249886324573,1794,823.9406753592475,1455,491.57492191499455,702
