original performance,number of trades,q learning performance,number of trades
737.1249886324573,1794,840.9545363802694,1454,488.93437516519487,702
