original performance,number of trades,q learning performance,number of trades
737.1249886324573,1794,827.8444257773191,1444,488.93437516519487,702
