original performance,number of trades,q learning performance,number of trades
1757.856605498128,1205,1565.1981525304604,982,2017.6127978061108,940
