original performance,number of trades,q learning performance,number of trades
1757.856605498128,1205,1558.9336137442754,986,2017.6127978061108,940
