original performance,number of trades,q learning performance,number of trades
1757.856605498128,1205,1546.6585866323426,981,2017.6127978061108,940
