original performance,number of trades,q learning performance,number of trades
1757.856605498128,1205,1547.9083683118909,981,2017.6127978061108,940
