original performance,number of trades,q learning performance,number of trades
1757.856605498128,1205,1583.5973528252273,976,2017.6127978061108,940
