original performance,number of trades,q learning performance,number of trades
-512.3732065736104,1721,-404.49867876201654,1551,-491.8381286289381,644
