original performance,number of trades,q learning performance,number of trades,q learning training performance,number of trades
210.30624505464672,527,317.26495262576043,479,-1162.0559271240234,225
-338.48053338045537,539,-527.9775778893197,505,159.62191158146052,231
-1211.2530299987793,500,-943.4330973743586,443,-501.24459132742373,188
-1319.7300462292087,155,-898.5988255550986,114,-50000,0
