original performance,number of trades,q learning performance,number of trades
-512.3732065736104,1721,-407.0855459890058,1550,-495.06817577196205,644
