original performance,number of trades,q learning performance,number of trades
-512.3732065736104,1721,-419.57697282844083,1549,-495.06817577196205,644
