original performance,number of trades,q learning performance,number of trades
-512.3732065736104,1721,-478.15930108058467,1442,-469.0175821055537,644
