original performance,number of trades,q learning performance,number of trades
-512.3732065736104,1721,-441.239113268921,901,-495.06817577196205,644
