original performance,number of trades,q learning performance,number of trades
-512.3732065736104,1721,-429.1192247418759,1498,-495.06817577196205,644
