original performance,number of trades,q learning performance,number of trades
-512.3732065736104,1721,-487.2188652529959,1475,-495.06817577196205,644
