original performance,number of trades,q learning performance,number of trades
-512.3732065736104,1721,-467.00235999905885,1131,-474.14347524228305,644
