original performance,number of trades,q learning performance,number of trades
-512.3732065736104,1721,-449.87369605033626,1488,-495.06817577196205,644
