original performance,number of trades,q learning performance,number of trades
-512.3732065736104,1721,-434.8554326227249,1477,-491.8381286289381,644
