original performance,number of trades,q learning performance,number of trades
-512.3732065736104,1721,-503.4129192985831,1415,-495.06817577196205,644
