original performance,number of trades,q learning performance,number of trades
-512.3732065736104,1721,-447.57861795230787,1470,-469.0175821055537,644
