original performance,number of trades,q learning performance,number of trades
-512.3732065736104,1721,-648.4212608037033,889,-477.85511265630305,644
