original performance,number of trades,q learning performance,number of trades
-512.3732065736104,1721,-425.23994620968034,1507,-489.9422826352327,644
