original performance,number of trades,q learning performance,number of trades
-512.3732065736104,1721,-556.2513155479953,876,-491.8381286289381,644
