original performance,number of trades,q learning performance,number of trades
1702.1722769435448,1264,1442.5784630475725,1050,2053.6917849495753,997
