original performance,number of trades,q learning performance,number of trades
1702.1722769435448,1264,1412.6633640252976,1050,2053.6917849495753,997
