original performance,number of trades,q learning performance,number of trades,q learning training performance,number of trades
52.258655785167285,531,26.316852889037484,406,50.22821541719659,473
4054.5445800577118,598,4001.5648370787153,344,3862.1617627908254,524
-2228.3055336281104,135,-2044.289053611385,103,-50000,0
