original performance,number of trades,q learning performance,number of trades
1702.1722769435448,1264,1442.6273938989048,1049,2053.6917849495753,997
