original performance,number of trades,q learning performance,number of trades
1702.1722769435448,1264,1442.1496366869258,1051,2053.6917849495753,997
