original performance,number of trades,q learning performance,number of trades,q learning training performance,number of trades
52.258655785167285,531,84.42286710764704,373,50.22821541719659,473
4054.5445800577118,598,4097.388289486069,249,3862.1617627908254,524
-2228.3055336281104,135,-1973.44344808889,86,-50000,0
