original performance,number of trades,q learning performance,number of trades
1702.1722769435448,1264,1437.4832910413486,1044,2053.6917849495753,997
