original performance,number of trades,q learning performance,number of trades,q learning training performance,number of trades
52.258655785167285,531,1.5538901945131014,452,50.22821541719659,473
4054.5445800577118,598,3685.1580828311785,481,3862.1617627908254,524
-2228.3055336281104,135,-2135.307939801897,119,-50000,0
