original performance,number of trades,q learning performance,number of trades
1702.1722769435448,1264,1451.9326776954813,1042,2053.6917849495753,997
