original performance,number of trades,q learning performance,number of trades,q learning training performance,number of trades
52.258655785167285,531,23.617372584987333,370,50.22821541719659,473
4054.5445800577118,598,3969.2302894592285,240,3862.1617627908254,524
-2228.3055336281104,135,-2070.6198600606717,94,-50000,0
