original performance,number of trades,q learning performance,number of trades,q learning training performance,number of trades
52.258655785167285,531,82.99541988022371,381,50.22821541719659,473
4054.5445800577118,598,4047.7815071344376,256,3862.1617627908254,524
-2228.3055336281104,135,-2103.571761558796,87,-50000,0
