original performance,number of trades,q learning performance,number of trades,q learning training performance,number of trades
52.258655785167285,531,-7.484076268464616,412,50.22821541719659,473
4054.5445800577118,598,4086.9984402414098,354,3862.1617627908254,524
-2228.3055336281104,135,-2256.823919908056,106,-50000,0
