original performance,number of trades,q learning performance,number of trades,q learning training performance,number of trades
52.258655785167285,531,105.13896889009183,359,50.22821541719659,473
4054.5445800577118,598,4059.256791362612,254,3862.1617627908254,524
-2228.3055336281104,135,-2115.388931435033,95,-50000,0
