original performance,number of trades,q learning performance,number of trades,q learning training performance,number of trades
52.258655785167285,531,54.928955229577,403,50.22821541719659,473
4054.5445800577118,598,4069.799736744353,349,3862.1617627908254,524
-2228.3055336281104,135,-2127.736763894021,111,-50000,0
