original performance,number of trades,q learning performance,number of trades,q learning training performance,number of trades
52.258655785167285,531,1.0270993866189553,411,50.22821541719659,473
4054.5445800577118,598,4077.589657399846,348,3862.1617627908254,524
-2228.3055336281104,135,-2292.276349706557,103,-50000,0
