original performance,number of trades,q learning performance,number of trades,q learning training performance,number of trades
52.258655785167285,531,17.150968085394965,450,50.22821541719659,473
4054.5445800577118,598,3653.067033655503,476,3862.1617627908254,524
-2228.3055336281104,135,-2104.438665667151,117,-50000,0
