original performance,number of trades,q learning performance,number of trades
1702.1722769435448,1264,1435.6743045513447,1040,2053.6917849495753,997
