original performance,number of trades,q learning performance,number of trades
1702.1722769435448,1264,1450.1198353451978,1028,2053.6917849495753,997
