original performance,number of trades,q learning performance,number of trades,q learning training performance,number of trades
52.258655785167285,531,24.83630932725454,451,50.22821541719659,473
4054.5445800577118,598,3679.390184911092,480,3862.1617627908254,524
-2228.3055336281104,135,-2160.823801154764,117,-50000,0
