original performance,number of trades,q learning performance,number of trades
1702.1722769435448,1264,1451.9452740682939,1045,2053.6917849495753,997
