original performance,number of trades,q learning performance,number of trades,q learning training performance,number of trades
52.258655785167285,531,1.6091175290803423,451,50.22821541719659,473
4054.5445800577118,598,3693.519433262453,479,3862.1617627908254,524
-2228.3055336281104,135,-2156.0003795134717,117,-50000,0
