original performance,number of trades,q learning performance,number of trades
1702.1722769435448,1264,1442.9849046126021,1047,2053.6917849495753,997
