original performance,number of trades,q learning performance,number of trades
1702.1722769435448,1264,1435.2553426476327,1046,2053.6917849495753,997
