original performance,number of trades,q learning performance,number of trades,q learning training performance,number of trades
52.258655785167285,531,74.83329226243943,374,50.22821541719659,473
4054.5445800577118,598,4083.8303814697265,250,3862.1617627908254,524
-2228.3055336281104,135,-2198.9696793667104,86,-50000,0
