original performance,number of trades,q learning performance,number of trades
-59.92019241323687,1637,-95.3701571745664,1418,-1.1973928998607073,645
