original performance,number of trades,q learning performance,number of trades
-59.92019241323687,1637,-75.03793203214846,1413,-1.1353516571281492,645
