original performance,number of trades,q learning performance,number of trades
-59.92019241323687,1637,-91.76577300168155,1424,-1.1353516571281492,645
