original performance,number of trades,q learning performance,number of trades
-59.92019241323687,1637,-87.661390473571,1422,-1.0942907998728197,645
