original performance,number of trades,q learning performance,number of trades
-59.92019241323687,1637,-98.95281879191167,1419,-1.1353516571281492,645
