original performance,number of trades,q learning performance,number of trades
-59.92019241323687,1637,-86.93550402600415,1423,-1.0942907998728197,645
