original performance,number of trades,q learning performance,number of trades
-59.92019241323687,1637,-91.71907296341456,1424,-1.0322495571402617,645
