original performance,number of trades,q learning performance,number of trades
-59.92019241323687,1637,-74.54270701638025,1412,-1.1353516571281492,645
