original performance,number of trades,q learning performance,number of trades
-59.92019241323687,1637,-91.79387454772264,1424,-1.0942907998728197,645
