original performance,number of trades,q learning performance,number of trades
737.1249886324573,1794,1292.6898715931882,651,488.93437516519487,702
