original performance,number of trades,q learning performance,number of trades
737.1249886324573,1794,840.124062031122,1469,488.93437516519487,702
