original performance,number of trades,q learning performance,number of trades
737.1249886324573,1794,837.4473233374179,1419,491.57492191499455,702
