original performance,number of trades,q learning performance,number of trades
737.1249886324573,1794,1293.6336153209118,651,491.57492191499455,702
