original performance,number of trades,q learning performance,number of trades
737.1249886324573,1794,818.897737610508,1420,488.93437516519487,702
