original performance,number of trades,q learning performance,number of trades
737.1249886324573,1794,815.8901324425754,1397,491.57492191499455,702
