original performance,number of trades,q learning performance,number of trades
737.1249886324573,1794,859.3599513862372,1445,491.57492191499455,702
