original performance,number of trades,q learning performance,number of trades
737.1249886324573,1794,815.4975314133687,1438,488.93437516519487,702
