original performance,number of trades,q learning performance,number of trades
737.1249886324573,1794,832.5549597525381,1443,488.93437516519487,702
