original performance,number of trades,q learning performance,number of trades
737.1249886324573,1794,949.894900506819,779,488.93437516519487,702
