original performance,number of trades,q learning performance,number of trades
737.1249886324573,1794,845.2337691112118,1448,488.93437516519487,702
