original performance,number of trades,q learning performance,number of trades
737.1249886324573,1794,819.9162185077435,1393,491.57492191499455,702
