original performance,number of trades,q learning performance,number of trades
737.1249886324573,1794,1197.5045231011263,628,488.93437516519487,702
