original performance,number of trades,q learning performance,number of trades,q learning training performance,number of trades
-72.06104708537204,582,50.284825850506216,441,-1036.446396558274,223
676.8582560221354,621,795.1537453193584,477,1618.9295209877391,263
2147.3732711704633,524,2108.591021626351,463,687.8750637902153,216
-2704.638986160506,67,-2679.622614912553,55,-50000,0
