original performance,number of trades,q learning performance,number of trades
737.1249886324573,1794,792.3268231926235,1410,488.93437516519487,702
