original performance,number of trades,q learning performance,number of trades
737.1249886324573,1794,834.4351255890437,1458,488.93437516519487,702
