original performance,number of trades,q learning performance,number of trades
737.1249886324573,1794,864.970733776146,1428,491.57492191499455,702
