original performance,number of trades,q learning performance,number of trades
737.1249886324573,1794,807.9079331745226,1431,491.57492191499455,702
