original performance,number of trades,q learning performance,number of trades
737.1249886324573,1794,855.2756456309352,1450,488.93437516519487,702
