original performance,number of trades,q learning performance,number of trades
737.1249886324573,1794,811.7777409370005,1481,488.93437516519487,702
