original performance,number of trades,q learning performance,number of trades
737.1249886324573,1794,1197.1679247850143,636,491.57492191499455,702
