original performance,number of trades,q learning performance,number of trades
737.1249886324573,1794,819.0654945642176,1420,488.93437516519487,702
