original performance,number of trades,q learning performance,number of trades
737.1249886324573,1794,950.3886999147388,779,488.93437516519487,702
