original performance,number of trades,q learning performance,number of trades
737.1249886324573,1794,833.8775021631955,1426,488.93437516519487,702
