original performance,number of trades,q learning performance,number of trades
737.1249886324573,1794,852.0702807266193,1452,488.93437516519487,702
