original performance,number of trades,q learning performance,number of trades
737.1249886324573,1794,1298.309134580172,650,488.93437516519487,702
