original performance,number of trades,q learning performance,number of trades
737.1249886324573,1794,795.0601624867846,1477,491.57492191499455,702
