original performance,number of trades,q learning performance,number of trades
737.1249886324573,1794,968.7046081249531,780,491.57492191499455,702
