original performance,number of trades,q learning performance,number of trades
737.1249886324573,1794,850.6449663168877,1435,491.57492191499455,702
