original performance,number of trades,q learning performance,number of trades,q learning training performance,number of trades
743.2025753518809,552,838.4859876773232,475,1888.778378406203,249
848.3742992604962,524,783.5587878104968,468,787.5131085431134,270
1280.0825700239702,440,1048.7680314007928,408,-590.6951305042613,165
258.74048060587006,146,451.8574417114258,120,-50000,0
