original performance,number of trades,q learning performance,number of trades
875.9376626869688,1662,837.5255858254708,1471,855.9497938546521,684
