original performance,number of trades,q learning performance,number of trades
412.6022107444022,1411,434.1176333572829,1279,120.71080685357978,548
