original performance,number of trades,q learning performance,number of trades
412.6022107444022,1411,437.4089238755755,1276,120.71080685357978,548
