original performance,number of trades,q learning performance,number of trades
412.6022107444022,1411,444.69826788397575,1266,120.71080685357978,548
