original performance,number of trades,q learning performance,number of trades
412.6022107444022,1411,440.5177874779984,1265,120.71080685357978,548
