original performance,number of trades,q learning performance,number of trades
412.6022107444022,1411,426.7547066797486,1278,120.71080685357978,548
