original performance,number of trades,q learning performance,number of trades
1125.6945206355733,1212,1168.4942039350765,1043,1354.052637762927,1039
