original performance,number of trades,q learning performance,number of trades
1204.2041569295193,743,1145.3323047606061,718,1325.1378356404387,692
