original performance,number of trades,q learning performance,number of trades
1204.2041569295193,743,1167.4612176183523,721,1330.0959509259703,692
