original performance,number of trades,q learning performance,number of trades
1204.2041569295193,743,1204.9064901708587,738,1339.415475040252,706
