original performance,number of trades,q learning performance,number of trades
1204.2041569295193,743,1180.226204023545,726,1330.0959509259703,692
