original performance,number of trades,q learning performance,number of trades
1204.2041569295193,743,1200.218449378446,717,1325.1378356404387,692
