original performance,number of trades,q learning performance,number of trades
1204.2041569295193,743,1154.9532936813118,713,1325.1378356404387,692
