original performance,number of trades,q learning performance,number of trades
1204.2041569295193,743,1214.7647287848927,719,1325.1378356404387,692
