original performance,number of trades,q learning performance,number of trades
1204.2041569295193,743,1158.7328353114635,716,1325.1378356404387,692
