original performance,number of trades,q learning performance,number of trades
1204.2041569295193,743,1179.0128291203425,715,1325.1378356404387,692
