original performance,number of trades,q learning performance,number of trades
1204.2041569295193,743,1152.490953389571,717,1330.0959509259703,692
