original performance,number of trades,q learning performance,number of trades
1204.2041569295193,743,1166.5107326401012,716,1325.1378356404387,692
