original performance,number of trades,q learning performance,number of trades
1204.2041569295193,743,1200.1605357699923,720,1325.1378356404387,692
