original performance,number of trades,q learning performance,number of trades
1204.2041569295193,743,1130.8186190711128,720,1325.1378356404387,692
