original performance,number of trades,q learning performance,number of trades
1204.2041569295193,743,1191.885633444753,719,1330.0959509259703,692
