original performance,number of trades,q learning performance,number of trades
1204.2041569295193,743,1160.5569481418556,730,1339.415475040252,706
