original performance,number of trades,q learning performance,number of trades
1204.2041569295193,743,1178.8892949635908,714,1330.0959509259703,692
