original performance,number of trades,q learning performance,number of trades
1204.2041569295193,743,1132.8172987917637,705,1325.1378356404387,692
