original performance,number of trades,q learning performance,number of trades
1204.2041569295193,743,1168.3370625870239,721,1325.1378356404387,692
