original performance,number of trades,q learning performance,number of trades
1204.2041569295193,743,1209.1024590453242,709,1325.1378356404387,692
