original performance,number of trades,q learning performance,number of trades
1204.2041569295193,743,1196.46158208359,723,1325.1378356404387,692
