original performance,number of trades,q learning performance,number of trades
1204.2041569295193,743,1213.2516253167692,716,1325.1378356404387,692
