original performance,number of trades,q learning performance,number of trades
1204.2041569295193,743,1201.0359426962364,740,1339.415475040252,706
