original performance,number of trades,q learning performance,number of trades
1204.2041569295193,743,1183.4920543170797,725,1325.1378356404387,692
