original performance,number of trades,q learning performance,number of trades
1204.2041569295193,743,1129.2060305365933,719,1325.1378356404387,692
