original performance,number of trades,q learning performance,number of trades
-226.7585873416329,1882,-144.4059139319364,1466,-273.50956349446847,709
