original performance,number of trades,q learning performance,number of trades
-226.7585873416329,1882,-150.6006529564951,1479,-273.50956349446847,709
