original performance,number of trades,q learning performance,number of trades
-226.7585873416329,1882,180.54014378117208,802,-273.50956349446847,709
