original performance,number of trades,q learning performance,number of trades,q learning training performance,number of trades
-71.82889153257457,637,41.793680569290615,474,-96.65055039349724,272
-196.96856821183678,556,-95.30705672554348,460,-510.43287090226715,255
-53.22234354616342,527,-103.49643120398888,416,-205.87334467290523,182
-1502.7281388647762,162,-1175.99761862833,122,-50000,0
