original performance,number of trades,q learning performance,number of trades
-226.7585873416329,1882,188.37992736816406,800,-273.50956349446847,709
