original performance,number of trades,q learning performance,number of trades
-226.7585873416329,1882,-143.04162116672683,1472,-273.50956349446847,709
