original performance,number of trades,q learning performance,number of trades
-226.7585873416329,1882,-155.04918875745548,1488,-273.50956349446847,709
