original performance,number of trades,q learning performance,number of trades
-226.7585873416329,1882,-150.73214707255443,1481,-273.50956349446847,709
