original performance,number of trades,q learning performance,number of trades
-226.7585873416329,1882,-143.373570972304,1486,-273.50956349446847,709
