original performance,number of trades,q learning performance,number of trades
-226.7585873416329,1882,-150.88677673751687,1482,-273.50956349446847,709
