original performance,number of trades,q learning performance,number of trades
-226.7585873416329,1882,-47.688927095099146,996,-273.50956349446847,709
