original performance,number of trades,q learning performance,number of trades
-226.7585873416329,1882,-147.54611117208657,1477,-273.50956349446847,709
