original performance,number of trades,q learning performance,number of trades
-226.7585873416329,1882,-152.88919458633814,1482,-273.50956349446847,709
