original performance,number of trades,q learning performance,number of trades
-226.7585873416329,1882,-53.691768492149016,1015,-273.50956349446847,709
