original performance,number of trades,q learning performance,number of trades
-226.7585873416329,1882,-150.16621705348027,1469,-273.50956349446847,709
