original performance,number of trades,q learning performance,number of trades,q learning training performance,number of trades
-71.82889153257457,637,49.56580362440665,474,-96.65055039349724,272
-196.96856821183678,556,7.981725642111449,452,-510.43287090226715,255
-53.22234354616342,527,-253.17000898044913,398,-205.87334467290523,182
-1502.7281388647762,162,-1211.3420370133197,122,-50000,0
