original performance,number of trades,q learning performance,number of trades
-226.7585873416329,1882,-146.97249871331292,1480,-273.50956349446847,709
