original performance,number of trades,q learning performance,number of trades,q learning training performance,number of trades
-71.82889153257457,637,45.33038922402426,474,-96.65055039349724,272
-196.96856821183678,556,-95.30705672554348,460,-510.43287090226715,255
-53.22234354616342,527,-108.17742090317809,412,-205.87334467290523,182
-1502.7281388647762,162,-1234.3426671181955,124,-50000,0
