original performance,number of trades,q learning performance,number of trades
-226.7585873416329,1882,-18.36344905166851,1017,-273.50956349446847,709
