original performance,number of trades,q learning performance,number of trades
-226.7585873416329,1882,-23.413950838783915,1032,-273.50956349446847,709
