original performance,number of trades,q learning performance,number of trades
-226.7585873416329,1882,167.56253688016932,801,-273.50956349446847,709
