original performance,number of trades,q learning performance,number of trades
-226.7585873416329,1882,-49.22540331262303,1016,-273.50956349446847,709
