original performance,number of trades,q learning performance,number of trades
-226.7585873416329,1882,-151.45357574670493,1470,-273.50956349446847,709
