original performance,number of trades,q learning performance,number of trades
-226.7585873416329,1882,-146.87742144925068,1468,-273.50956349446847,709
