original performance,number of trades,q learning performance,number of trades
-226.7585873416329,1882,-10.788669679404936,1023,-273.50956349446847,709
