original performance,number of trades,q learning performance,number of trades
-226.7585873416329,1882,-165.85964778468195,1466,-273.50956349446847,709
