original performance,number of trades,q learning performance,number of trades
-226.7585873416329,1882,-157.54963667314132,1456,-273.50956349446847,709
