original performance,number of trades,q learning performance,number of trades
-226.7585873416329,1882,176.20997364370353,807,-273.50956349446847,709
