original performance,number of trades,q learning performance,number of trades
-226.7585873416329,1882,-51.41319318584958,1013,-273.50956349446847,709
