original performance,number of trades,q learning performance,number of trades
-226.7585873416329,1882,-144.78068061218056,1487,-273.50956349446847,709
