original performance,number of trades,q learning performance,number of trades
-226.7585873416329,1882,-28.78408631859756,1025,-273.50956349446847,709
