original performance,number of trades,q learning performance,number of trades
-226.7585873416329,1882,-152.82496044723118,1474,-273.50956349446847,709
