original performance,number of trades,q learning performance,number of trades
-226.7585873416329,1882,178.6361813983018,806,-273.50956349446847,709
