original performance,number of trades,q learning performance,number of trades
-226.7585873416329,1882,-141.17630714210304,1480,-273.50956349446847,709
