original performance,number of trades,q learning performance,number of trades
-226.7585873416329,1882,-153.17984156287227,1469,-273.50956349446847,709
