original performance,number of trades,q learning performance,number of trades
-226.7585873416329,1882,-160.00872086127276,1482,-273.50956349446847,709
