original performance,number of trades,q learning performance,number of trades
-226.7585873416329,1882,-149.86509135478252,1480,-273.50956349446847,709
