original performance,number of trades,q learning performance,number of trades
-226.7585873416329,1882,-145.466182205304,1470,-273.50956349446847,709
