original performance,number of trades,q learning performance,number of trades
-226.7585873416329,1882,-56.132976457184434,1020,-273.50956349446847,709
