original performance,number of trades,q learning performance,number of trades
-226.7585873416329,1882,-36.87511068986139,1019,-273.50956349446847,709
