original performance,number of trades,q learning performance,number of trades
-226.7585873416329,1882,-147.85726646720997,1461,-273.50956349446847,709
