original performance,number of trades,q learning performance,number of trades
-226.7585873416329,1882,-145.26151787901543,1467,-273.50956349446847,709
