original performance,number of trades,q learning performance,number of trades
-226.7585873416329,1882,-145.89730474000336,1488,-273.50956349446847,709
