original performance,number of trades,q learning performance,number of trades,q learning training performance,number of trades
-71.82889153257457,637,228.81731250618077,316,-96.65055039349724,272
-196.96856821183678,556,644.3420788574218,200,-510.43287090226715,255
-53.22234354616342,527,38.35687659175385,227,-205.87334467290523,182
-1502.7281388647762,162,-1046.0465921068949,63,-50000,0
