original performance,number of trades,q learning performance,number of trades
-59.92019241323687,1637,-106.35738868044133,912,-1.1353516571281492,645
