original performance,number of trades,q learning performance,number of trades,q learning training performance,number of trades
52.55219128178615,510,-136.88049167992497,329,157.52119784175602,239
-52.126208994339926,490,541.8770373114224,203,-721.5737116448233,214
85.79282768041708,514,-203.50939427642308,297,604.3588864008585,192
-1166.2328744283536,123,-1101.3798092358734,73,-50000,0
