original performance,number of trades,q learning performance,number of trades
-59.92019241323687,1637,-60.126265321015794,1383,-1.1353516571281492,645
