original performance,number of trades,q learning performance,number of trades
-59.92019241323687,1637,-75.6558855139691,1380,-1.1353516571281492,645
