original performance,number of trades,q learning performance,number of trades
-59.92019241323687,1637,-84.00495937651237,1356,-1.1353516571281492,645
