original performance,number of trades,q learning performance,number of trades
-59.92019241323687,1637,-98.83415038401768,739,-1.1353516571281492,645
