original performance,number of trades,q learning performance,number of trades,q learning training performance,number of trades
52.55219128178615,510,-154.59750421032933,334,157.52119784175602,239
-52.126208994339926,490,508.40012337397604,206,-721.5737116448233,214
85.79282768041708,514,-182.69370764728941,279,604.3588864008585,192
-1166.2328744283536,123,-1098.4630588629307,78,-50000,0
