original performance,number of trades,q learning performance,number of trades,q learning training performance,number of trades
52.55219128178615,510,-164.45254915463525,329,157.52119784175602,239
-52.126208994339926,490,550.6738840488377,203,-721.5737116448233,214
85.79282768041708,514,-254.30423642511238,292,604.3588864008585,192
-1166.2328744283536,123,-1051.643477981155,74,-50000,0
