original performance,number of trades,q learning performance,number of trades
-59.92019241323687,1637,-90.21637739463735,1399,-1.1353516571281492,645
