original performance,number of trades,q learning performance,number of trades
-59.92019241323687,1637,-72.41923551907504,1370,-1.1353516571281492,645
