original performance,number of trades,q learning performance,number of trades
-59.92019241323687,1637,-77.87332530053015,1369,-1.1353516571281492,645
