original performance,number of trades,q learning performance,number of trades
-59.92019241323687,1637,-64.52429890339891,733,-1.1353516571281492,645
