original performance,number of trades,q learning performance,number of trades
-59.92019241323687,1637,-65.7819079070752,729,-1.1353516571281492,645
