original performance,number of trades,q learning performance,number of trades
-59.92019241323687,1637,-90.72701183910101,1420,-1.1353516571281492,645
