original performance,number of trades,q learning performance,number of trades
-59.92019241323687,1637,-61.11055923036544,1399,-1.1353516571281492,645
