original performance,number of trades,q learning performance,number of trades
-59.92019241323687,1637,-77.02468754695012,1404,-1.1353516571281492,645
