original performance,number of trades,q learning performance,number of trades
-59.92019241323687,1637,-90.74383457353501,1394,-1.1353516571281492,645
