original performance,number of trades,q learning performance,number of trades
-59.92019241323687,1637,-74.34614457039639,1397,-1.1353516571281492,645
