original performance,number of trades,q learning performance,number of trades
-59.92019241323687,1637,-90.34469145014044,890,-1.1353516571281492,645
