original performance,number of trades,q learning performance,number of trades
-59.92019241323687,1637,-107.85164668182206,915,-1.1353516571281492,645
