original performance,number of trades,q learning performance,number of trades
-59.92019241323687,1637,-93.41267373467569,1416,-1.1353516571281492,645
