original performance,number of trades,q learning performance,number of trades
-59.92019241323687,1637,-76.6459023433875,1347,-1.1353516571281492,645
