original performance,number of trades,q learning performance,number of trades
-59.92019241323687,1637,-94.52663728110811,936,-1.1353516571281492,645
