original performance,number of trades,q learning performance,number of trades,q learning training performance,number of trades
52.55219128178615,510,-22.881355813693318,419,157.52119784175602,239
-52.126208994339926,490,190.98865937809202,379,-721.5737116448233,214
85.79282768041708,514,-30.90525806568287,405,604.3588864008585,192
-1166.2328744283536,123,-1168.437345108896,106,-50000,0
