original performance,number of trades,q learning performance,number of trades
-59.92019241323687,1637,-82.76296729218188,1390,-1.1353516571281492,645
