original performance,number of trades,q learning performance,number of trades,q learning training performance,number of trades
52.55219128178615,510,-101.20830572219123,336,157.52119784175602,239
-52.126208994339926,490,579.4000255821994,209,-721.5737116448233,214
85.79282768041708,514,-208.0262701315958,305,604.3588864008585,192
-1166.2328744283536,123,-1095.6716674804688,75,-50000,0
