original performance,number of trades,q learning performance,number of trades
-59.92019241323687,1637,-69.71559802396798,1377,-1.1353516571281492,645
