original performance,number of trades,q learning performance,number of trades
-59.92019241323687,1637,-101.08376824128712,1410,-1.1353516571281492,645
