original performance,number of trades,q learning performance,number of trades
-59.92019241323687,1637,-87.86356363754605,916,-1.1353516571281492,645
