original performance,number of trades,q learning performance,number of trades,q learning training performance,number of trades
52.55219128178615,510,-126.98890706380209,300,157.52119784175602,239
-52.126208994339926,490,660.3138535443475,136,-721.5737116448233,214
85.79282768041708,514,-298.3923702002561,241,604.3588864008585,192
-1166.2328744283536,123,-761.0098059869582,62,-50000,0
