original performance,number of trades,q learning performance,number of trades,q learning training performance,number of trades
52.55219128178615,510,-77.53250732421876,430,157.52119784175602,239
-52.126208994339926,490,116.40738047724184,414,-721.5737116448233,214
85.79282768041708,514,-21.566209454402745,428,604.3588864008585,192
-1166.2328744283536,123,-1199.334159641091,109,-50000,0
