original performance,number of trades,q learning performance,number of trades
-59.92019241323687,1637,-126.02390608985421,747,-1.1353516571281492,645
