original performance,number of trades,q learning performance,number of trades
-59.92019241323687,1637,-57.20491518650848,1371,-1.1353516571281492,645
