original performance,number of trades,q learning performance,number of trades,q learning training performance,number of trades
52.55219128178615,510,-85.31728327385733,428,157.52119784175602,239
-52.126208994339926,490,111.65097458298142,407,-721.5737116448233,214
85.79282768041708,514,8.831917502663352,440,604.3588864008585,192
-1166.2328744283536,123,-1261.890719822475,112,-50000,0
