original performance,number of trades,q learning performance,number of trades
-59.92019241323687,1637,-78.34363319890963,1390,-1.1353516571281492,645
