original performance,number of trades,q learning performance,number of trades
-59.92019241323687,1637,-53.57846603595926,754,-1.1353516571281492,645
