original performance,number of trades,q learning performance,number of trades
-59.92019241323687,1637,-105.98122524757629,938,-1.1353516571281492,645
