original performance,number of trades,q learning performance,number of trades,q learning training performance,number of trades
52.55219128178615,510,-150.4984648733428,297,157.52119784175602,239
-52.126208994339926,490,613.2382381663602,136,-721.5737116448233,214
85.79282768041708,514,-307.0453861266609,254,604.3588864008585,192
-1166.2328744283536,123,-914.2114349365235,60,-50000,0
