original performance,number of trades,q learning performance,number of trades
-59.92019241323687,1637,-63.420888748671246,1367,-1.1353516571281492,645
