original performance,number of trades,q learning performance,number of trades
-59.92019241323687,1637,-84.65215851590303,1405,-1.1353516571281492,645
