original performance,number of trades,q learning performance,number of trades
-59.92019241323687,1637,-80.94540372458837,1395,-1.1353516571281492,645
