original performance,number of trades,q learning performance,number of trades
-59.92019241323687,1637,-79.65561604517413,1355,-1.1353516571281492,645
