original performance,number of trades,q learning performance,number of trades
-59.92019241323687,1637,-64.68334271830898,1364,-1.1353516571281492,645
