original performance,number of trades,q learning performance,number of trades,q learning training performance,number of trades
52.55219128178615,510,-62.29601905804632,421,157.52119784175602,239
-52.126208994339926,490,140.0564935713852,386,-721.5737116448233,214
85.79282768041708,514,10.001032913562863,430,604.3588864008585,192
-1166.2328744283536,123,-1230.7059736772017,110,-50000,0
