original performance,number of trades,q learning performance,number of trades
-59.92019241323687,1637,-63.71261889988766,1363,-1.1353516571281492,645
