original performance,number of trades,q learning performance,number of trades
-59.92019241323687,1637,-100.80408001646246,1362,-1.1353516571281492,645
