original performance,number of trades,q learning performance,number of trades
-59.92019241323687,1637,-71.60912347608998,1364,-1.1353516571281492,645
