original performance,number of trades,q learning performance,number of trades
-59.92019241323687,1637,-83.15207759400235,743,-1.1353516571281492,645
