original performance,number of trades,q learning performance,number of trades,q learning training performance,number of trades
52.55219128178615,510,-144.29378035261826,333,157.52119784175602,239
-52.126208994339926,490,582.4460028490973,206,-721.5737116448233,214
85.79282768041708,514,-184.11008851536195,297,604.3588864008585,192
-1166.2328744283536,123,-1133.7029411219344,79,-50000,0
