original performance,number of trades,q learning performance,number of trades,q learning training performance,number of trades
52.55219128178615,510,-114.38827561027736,329,157.52119784175602,239
-52.126208994339926,490,604.4021580162231,209,-721.5737116448233,214
85.79282768041708,514,-332.8885011041621,287,604.3588864008585,192
-1166.2328744283536,123,-1182.2408543178014,70,-50000,0
