original performance,number of trades,q learning performance,number of trades
-59.92019241323687,1637,-59.3702823414522,1377,-1.1353516571281492,645
