original performance,number of trades,q learning performance,number of trades
-59.92019241323687,1637,-102.64966187836022,1395,-1.1353516571281492,645
