original performance,number of trades,q learning performance,number of trades
-59.92019241323687,1637,-102.40169153925198,1340,-1.1353516571281492,645
