original performance,number of trades,q learning performance,number of trades,q learning training performance,number of trades
52.55219128178615,510,-108.09105061848959,300,157.52119784175602,239
-52.126208994339926,490,574.9919245102826,136,-721.5737116448233,214
85.79282768041708,514,-434.2154494442614,249,604.3588864008585,192
-1166.2328744283536,123,-767.5242793642242,58,-50000,0
