original performance,number of trades,q learning performance,number of trades
-59.92019241323687,1637,-108.54177162268643,1398,-1.1353516571281492,645
