original performance,number of trades,q learning performance,number of trades
-59.92019241323687,1637,-105.1186465664802,898,-1.1353516571281492,645
