original performance,number of trades,q learning performance,number of trades
-59.92019241323687,1637,-84.50941613181558,1391,-1.1353516571281492,645
