original performance,number of trades,q learning performance,number of trades
-59.92019241323687,1637,-94.76405171726803,1397,-1.1353516571281492,645
