original performance,number of trades,q learning performance,number of trades
-59.92019241323687,1637,-57.97602247332381,749,-1.1353516571281492,645
