original performance,number of trades,q learning performance,number of trades
-59.92019241323687,1637,-65.1974632438572,1392,-1.1353516571281492,645
