original performance,number of trades,q learning performance,number of trades,q learning training performance,number of trades
52.55219128178615,510,-80.82921651915792,429,157.52119784175602,239
-52.126208994339926,490,147.23008934227195,407,-721.5737116448233,214
85.79282768041708,514,25.204807644377176,431,604.3588864008585,192
-1166.2328744283536,123,-1200.9869368119673,110,-50000,0
