original performance,number of trades,q learning performance,number of trades
-59.92019241323687,1637,-81.49061571242493,1384,-1.1353516571281492,645
