original performance,number of trades,q learning performance,number of trades
527.2818497973593,1839,573.0348476622535,1525,109.97676979727437,714
