original performance,number of trades,q learning performance,number of trades
527.2818497973593,1839,584.8909028891209,1516,109.8674465147387,714
