original performance,number of trades,q learning performance,number of trades
527.2818497973593,1839,572.0189640991786,1487,109.8674465147387,714
