original performance,number of trades,q learning performance,number of trades
527.2818497973593,1839,588.3974609275917,1540,109.97676979727437,714
