original performance,number of trades,q learning performance,number of trades,q learning training performance,number of trades
-249.1508136906036,584,-187.42958707809447,480,-1100.5264713938643,205
1090.9103340664603,577,1274.5662187758323,482,975.500210983118,289
975.217861286108,552,896.7616138254909,469,94.35692110928622,220
-417.46131121923054,126,-487.6038144918588,104,-50000,0
