original performance,number of trades,q learning performance,number of trades
527.2818497973593,1839,590.4064838225881,1538,109.8674465147387,714
