original performance,number of trades,q learning performance,number of trades,q learning training performance,number of trades
-249.1508136906036,584,-199.0370966809861,470,-1100.5264713938643,205
1090.9103340664603,577,1103.2920626355456,462,980.2586879004244,289
975.217861286108,552,929.8424879929115,464,94.35692110928622,220
-417.46131121923054,126,-487.6038144918588,104,-50000,0
