original performance,number of trades,q learning performance,number of trades
527.2818497973593,1839,564.4686453575124,1414,109.8674465147387,714
