original performance,number of trades,q learning performance,number of trades
527.2818497973593,1839,573.9571983714899,1536,109.97676979727437,714
