original performance,number of trades,q learning performance,number of trades
527.2818497973593,1839,586.0720958881993,1550,109.8674465147387,714
