original performance,number of trades,q learning performance,number of trades,q learning training performance,number of trades
-249.1508136906036,584,-177.2269116682399,479,-1100.5264713938643,205
1090.9103340664603,577,1174.6679696210092,473,980.2586879004244,289
975.217861286108,552,948.2640878158668,467,94.35692110928622,220
-417.46131121923054,126,-479.15248463454753,103,-50000,0
