original performance,number of trades,q learning performance,number of trades
527.2818497973593,1839,605.0032695685378,1483,107.94139633392419,714
