original performance,number of trades,q learning performance,number of trades
527.2818497973593,1839,551.783005555366,1517,109.97676979727437,714
