original performance,number of trades,q learning performance,number of trades
527.2818497973593,1839,704.2904166139202,810,112.08532813149674,714
