original performance,number of trades,q learning performance,number of trades
527.2818497973593,1839,732.9460272980449,1071,109.8674465147387,714
