original performance,number of trades,q learning performance,number of trades
527.2818497973593,1839,577.3922183227539,1550,109.8674465147387,714
