original performance,number of trades,q learning performance,number of trades
527.2818497973593,1839,591.586039374272,1536,109.97676979727437,714
