original performance,number of trades,q learning performance,number of trades,q learning training performance,number of trades
-249.1508136906036,584,211.69098484980594,308,-1100.5264713938643,205
1090.9103340664603,577,939.225105233028,145,980.5287807161008,289
975.217861286108,552,1146.501179928811,302,94.35692110928622,220
-417.46131121923054,126,-423.89623402740995,59,-50000,0
