original performance,number of trades,q learning performance,number of trades,q learning training performance,number of trades
-249.1508136906036,584,23.2286740785004,372,-1100.5264713938643,205
1090.9103340664603,577,1556.5187238805433,272,975.500210983118,289
975.217861286108,552,957.1382831645076,373,94.35692110928622,220
-417.46131121923054,126,-318.8036118628274,71,-50000,0
