original performance,number of trades,q learning performance,number of trades
527.2818497973593,1839,601.7376173534169,1534,107.94139633392419,714
