original performance,number of trades,q learning performance,number of trades,q learning training performance,number of trades
-249.1508136906036,584,-187.42958707809447,480,-1100.5264713938643,205
1090.9103340664603,577,1253.1234569998828,467,980.5287807161008,289
975.217861286108,552,962.5599757864607,417,94.35692110928622,220
-417.46131121923054,126,-500.5383416689359,104,-50000,0
