original performance,number of trades,q learning performance,number of trades
527.2818497973593,1839,602.9180624259614,1502,112.08532813149674,714
