original performance,number of trades,q learning performance,number of trades,q learning training performance,number of trades
-249.1508136906036,584,27.456862597995332,360,-1100.5264713938643,205
1090.9103340664603,577,1807.114119708538,256,980.2586879004244,289
975.217861286108,552,937.1644434544947,385,94.35692110928622,220
-417.46131121923054,126,-45.17179870605469,73,-50000,0
