original performance,number of trades,q learning performance,number of trades
527.2818497973593,1839,747.7682735470758,1104,109.8674465147387,714
