original performance,number of trades,q learning performance,number of trades
527.2818497973593,1839,591.9990021886052,1480,112.37149714622177,714
