original performance,number of trades,q learning performance,number of trades
527.2818497973593,1839,582.6684635288668,1510,109.69060078254935,714
