original performance,number of trades,q learning performance,number of trades
527.2818497973593,1839,602.2074025003534,1520,109.97676979727437,714
