original performance,number of trades,q learning performance,number of trades
527.2818497973593,1839,584.5560177980107,1535,109.97676979727437,714
