original performance,number of trades,q learning performance,number of trades,q learning training performance,number of trades
-249.1508136906036,584,-187.42958707809447,480,-1100.5264713938643,205
1090.9103340664603,577,1239.3494734696394,493,975.500210983118,289
975.217861286108,552,996.9178894721138,450,94.35692110928622,220
-417.46131121923054,126,-533.8457277168347,103,-50000,0
