original performance,number of trades,q learning performance,number of trades
527.2818497973593,1839,567.8139829397514,1522,109.8674465147387,714
