original performance,number of trades,q learning performance,number of trades,q learning training performance,number of trades
-249.1508136906036,584,206.83588682080878,305,-1100.5264713938643,205
1090.9103340664603,577,934.0041584871253,147,980.5287807161008,289
975.217861286108,552,1272.8706947078774,277,94.35692110928622,220
-417.46131121923054,126,-341.3242296072153,52,-50000,0
