original performance,number of trades,q learning performance,number of trades
527.2818497973593,1839,574.3142773486361,1499,109.8674465147387,714
