original performance,number of trades,q learning performance,number of trades,q learning training performance,number of trades
-249.1508136906036,584,-176.8612114382686,479,-1100.5264713938643,205
1090.9103340664603,577,1333.5198690724928,473,980.2586879004244,289
975.217861286108,552,909.1523076750103,475,94.35692110928622,220
-417.46131121923054,126,-500.6668933686756,105,-50000,0
