original performance,number of trades,q learning performance,number of trades,q learning training performance,number of trades
-249.1508136906036,584,-187.85526348749798,480,-1100.5264713938643,205
1090.9103340664603,577,1186.2896489764141,487,975.500210983118,289
975.217861286108,552,945.4440790812174,468,94.35692110928622,220
-417.46131121923054,126,-487.6038144918588,104,-50000,0
