original performance,number of trades,q learning performance,number of trades
527.2818497973593,1839,554.5952480810188,1498,109.97676979727437,714
