original performance,number of trades,q learning performance,number of trades
527.2818497973593,1839,537.159152850281,1505,109.97676979727437,714
