original performance,number of trades,q learning performance,number of trades,q learning training performance,number of trades
-249.1508136906036,584,-187.42958707809447,480,-1100.5264713938643,205
1090.9103340664603,577,1248.3773302078248,480,980.5287807161008,289
975.217861286108,552,952.5713128393822,455,94.35692110928622,220
-417.46131121923054,126,-464.28839294433595,100,-50000,0
