original performance,number of trades,q learning performance,number of trades
527.2818497973593,1839,597.2888448393353,1523,109.8674465147387,714
