original performance,number of trades,q learning performance,number of trades
527.2818497973593,1839,716.3269870178337,1066,112.08532813149674,714
