original performance,number of trades,q learning performance,number of trades,q learning training performance,number of trades
-249.1508136906036,584,243.88958122855738,304,-1101.5231771329554,205
1090.9103340664603,577,884.1458975655692,140,986.4451659311472,289
975.217861286108,552,1248.9137008810492,319,94.35692110928622,220
-417.46131121923054,126,-233.5085438121449,55,-50000,0
