original performance,number of trades,q learning performance,number of trades
527.2818497973593,1839,596.0911408695489,1495,107.94139633392419,714
