original performance,number of trades,q learning performance,number of trades
527.2818497973593,1839,602.2674524979769,1523,107.94139633392419,714
