original performance,number of trades,q learning performance,number of trades
527.2818497973593,1839,582.5701080322266,1535,107.94139633392419,714
