original performance,number of trades,q learning performance,number of trades,q learning training performance,number of trades
-249.1508136906036,584,-193.50467411677042,480,-1100.5264713938643,205
1090.9103340664603,577,1376.2461508871686,458,975.500210983118,289
975.217861286108,552,925.0270713012143,442,94.35692110928622,220
-417.46131121923054,126,-476.51077937153934,103,-50000,0
