original performance,number of trades,q learning performance,number of trades
527.2818497973593,1839,571.3512442367584,1539,107.94139633392419,714
