original performance,number of trades,q learning performance,number of trades
527.2818497973593,1839,594.2259676125018,1561,107.94139633392419,714
