original performance,number of trades,q learning performance,number of trades,q learning training performance,number of trades
-249.1508136906036,584,-174.801644411227,477,-1100.5264713938643,205
1090.9103340664603,577,1195.2714999204886,479,980.2586879004244,289
975.217861286108,552,850.4852361249494,444,94.35692110928622,220
-417.46131121923054,126,-433.2183908896871,101,-50000,0
