original performance,number of trades,q learning performance,number of trades,q learning training performance,number of trades
-249.1508136906036,584,188.98526833727468,306,-1100.5264713938643,205
1090.9103340664603,577,889.1071517619681,141,980.2586879004244,289
975.217861286108,552,1131.4290943997833,291,94.35692110928622,220
-417.46131121923054,126,-94.67736317027699,55,-50000,0
