original performance,number of trades,q learning performance,number of trades
527.2818497973593,1839,580.989182032217,1515,109.97676979727437,714
