original performance,number of trades,q learning performance,number of trades,q learning training performance,number of trades
-249.1508136906036,584,-187.42958707809447,480,-1100.5264713938643,205
1090.9103340664603,577,1331.0447632890541,463,975.500210983118,289
975.217861286108,552,907.3024793066833,458,94.35692110928622,220
-417.46131121923054,126,-510.53925939706653,104,-50000,0
