original performance,number of trades,q learning performance,number of trades
527.2818497973593,1839,566.1549778379924,1544,109.97676979727437,714
