original performance,number of trades,q learning performance,number of trades,q learning training performance,number of trades
-249.1508136906036,584,16.584171857654887,373,-1100.5264713938643,205
1090.9103340664603,577,1630.657130500083,247,980.2586879004244,289
975.217861286108,552,857.4047658819901,323,94.35692110928622,220
-417.46131121923054,126,-412.8992298126221,80,-50000,0
