original performance,number of trades,q learning performance,number of trades
527.2818497973593,1839,613.8242897534147,1494,107.94139633392419,714
