original performance,number of trades,q learning performance,number of trades
527.2818497973593,1839,638.1896464626577,1023,109.8674465147387,714
