original performance,number of trades,q learning performance,number of trades
527.2818497973593,1839,565.6375569400624,1521,109.8674465147387,714
