original performance,number of trades,q learning performance,number of trades
527.2818497973593,1839,575.024150613795,1496,109.97676979727437,714
