original performance,number of trades,q learning performance,number of trades,q learning training performance,number of trades
-249.1508136906036,584,-187.42958707809447,480,-1100.5264713938643,205
1090.9103340664603,577,1244.2361514524628,491,980.5287807161008,289
975.217861286108,552,876.9541080878569,463,94.35692110928622,220
-417.46131121923054,126,-444.95337168375653,102,-50000,0
