original performance,number of trades,q learning performance,number of trades
527.2818497973593,1839,777.2066363397386,1049,109.97676979727437,714
