original performance,number of trades,q learning performance,number of trades
527.2818497973593,1839,748.3788859554319,806,112.08532813149674,714
