original performance,number of trades,q learning performance,number of trades
527.2818497973593,1839,540.3625668455077,1499,109.8674465147387,714
