original performance,number of trades,q learning performance,number of trades,q learning training performance,number of trades
-249.1508136906036,584,5.684835357256933,373,-1100.5264713938643,205
1090.9103340664603,577,1666.579634509324,261,980.2586879004244,289
975.217861286108,552,984.3956479348772,366,94.35692110928622,220
-417.46131121923054,126,-363.8819825455949,74,-50000,0
