original performance,number of trades,q learning performance,number of trades,q learning training performance,number of trades
-249.1508136906036,584,158.55122724963772,310,-1100.5264713938643,205
1090.9103340664603,577,1110.7973460502365,147,980.5287807161008,289
975.217861286108,552,1256.7948546328787,295,94.35692110928622,220
-417.46131121923054,126,-301.0185733663625,58,-50000,0
