original performance,number of trades,q learning performance,number of trades
527.2818497973593,1839,603.118845544272,1510,107.94139633392419,714
