original performance,number of trades,q learning performance,number of trades
527.2818497973593,1839,591.3880864281363,1555,109.8674465147387,714
