original performance,number of trades,q learning performance,number of trades,q learning training performance,number of trades
-249.1508136906036,584,-148.4047907258728,463,-1100.5264713938643,205
1090.9103340664603,577,1212.7287679548283,477,980.5287807161008,289
975.217861286108,552,864.3774351271908,452,94.35692110928622,220
-417.46131121923054,126,-404.94241288129024,102,-50000,0
