original performance,number of trades,q learning performance,number of trades
527.2818497973593,1839,685.6247581227306,809,112.08532813149674,714
