original performance,number of trades,q learning performance,number of trades
527.2818497973593,1839,642.0416979403109,814,109.97676979727437,714
