original performance,number of trades,q learning performance,number of trades
527.2818497973593,1839,592.0830773769794,1526,109.58127750001368,714
