original performance,number of trades,q learning performance,number of trades,q learning training performance,number of trades
-249.1508136906036,584,-183.77196083233986,462,-1100.5264713938643,205
1090.9103340664603,577,1327.2813303822707,474,980.2586879004244,289
975.217861286108,552,800.3904003400949,459,94.35692110928622,220
-417.46131121923054,126,-487.6038144918588,104,-50000,0
