original performance,number of trades,q learning performance,number of trades
527.2818497973593,1839,717.3736206992378,1074,109.8674465147387,714
