original performance,number of trades,q learning performance,number of trades
527.2818497973593,1839,713.3048398826991,818,112.08532813149674,714
