original performance,number of trades,q learning performance,number of trades
527.2818497973593,1839,591.5276979962046,1524,109.8674465147387,714
