original performance,number of trades,q learning performance,number of trades
527.2818497973593,1839,584.4092634295376,1557,109.97676979727437,714
