original performance,number of trades,q learning performance,number of trades,q learning training performance,number of trades
-249.1508136906036,584,-154.49899641405634,476,-1100.5264713938643,205
1090.9103340664603,577,1216.3486488471597,472,986.4451659311472,289
975.217861286108,552,919.6311359697671,457,94.35692110928622,220
-417.46131121923054,126,-487.6038144918588,104,-50000,0
