original performance,number of trades,q learning performance,number of trades
527.2818497973593,1839,578.1344541601921,1497,109.8674465147387,714
