original performance,number of trades,q learning performance,number of trades
527.2818497973593,1839,654.5138501102484,824,109.8674465147387,714
