original performance,number of trades,q learning performance,number of trades
527.2818497973593,1839,746.7524113646076,1058,112.08532813149674,714
