original performance,number of trades,q learning performance,number of trades
527.2818497973593,1839,575.3228712471695,1468,109.97676979727437,714
