original performance,number of trades,q learning performance,number of trades
527.2818497973593,1839,536.554795108167,1494,109.97676979727437,714
