original performance,number of trades,q learning performance,number of trades
527.2818497973593,1839,698.4364138002749,810,109.97676979727437,714
