original performance,number of trades,q learning performance,number of trades
527.2818497973593,1839,569.6909000763623,1518,109.97676979727437,714
