original performance,number of trades,q learning performance,number of trades
527.2818497973593,1839,580.614951962983,1533,109.8674465147387,714
