original performance,number of trades,q learning performance,number of trades
527.2818497973593,1839,710.9110563729555,1048,109.97676979727437,714
