original performance,number of trades,q learning performance,number of trades
527.2818497973593,1839,697.9964368564758,1023,109.97676979727437,714
