original performance,number of trades,q learning performance,number of trades
527.2818497973593,1839,590.6959060359578,1529,109.69060078254935,714
