original performance,number of trades,q learning performance,number of trades,q learning training performance,number of trades
-249.1508136906036,584,255.06507231857603,302,-1100.5264713938643,205
1090.9103340664603,577,1024.1172635849207,146,986.4451659311472,289
975.217861286108,552,1244.2358441122858,311,94.35692110928622,220
-417.46131121923054,126,-420.62569691051135,55,-50000,0
