original performance,number of trades,q learning performance,number of trades
527.2818497973593,1839,588.1679160694281,1536,107.94139633392419,714
