original performance,number of trades,q learning performance,number of trades
527.2818497973593,1839,610.7377670509519,1516,109.97676979727437,714
