original performance,number of trades,q learning performance,number of trades
527.2818497973593,1839,600.603425959746,1536,109.8674465147387,714
