original performance,number of trades,q learning performance,number of trades
527.2818497973593,1839,595.4029026368305,1529,109.8674465147387,714
