original performance,number of trades,q learning performance,number of trades,q learning training performance,number of trades
-249.1508136906036,584,2.983239803674086,371,-1100.5264713938643,205
1090.9103340664603,577,1500.5708162677822,268,980.5287807161008,289
975.217861286108,552,894.2176611517782,354,94.35692110928622,220
-417.46131121923054,126,-398.90216494278167,71,-50000,0
