original performance,number of trades,q learning performance,number of trades,q learning training performance,number of trades
-249.1508136906036,584,6.325695597330729,375,-1100.5264713938643,205
1090.9103340664603,577,1661.5846743564375,247,980.5287807161008,289
975.217861286108,552,1012.3824293447095,344,94.35692110928622,220
-417.46131121923054,126,-195.22340281416732,82,-50000,0
