original performance,number of trades,q learning performance,number of trades
527.2818497973593,1839,575.1207118354409,1475,109.8674465147387,714
