original performance,number of trades,q learning performance,number of trades,q learning training performance,number of trades
-249.1508136906036,584,213.20155409270643,306,-1101.5231771329554,205
1090.9103340664603,577,889.8521509585173,138,986.4451659311472,289
975.217861286108,552,1257.631482384979,311,94.35692110928622,220
-417.46131121923054,126,-453.55989046450014,54,-50000,0
