original performance,number of trades,q learning performance,number of trades
527.2818497973593,1839,772.8272389246765,1074,109.8674465147387,714
