original performance,number of trades,q learning performance,number of trades,q learning training performance,number of trades
-249.1508136906036,584,215.04821742551724,307,-1101.5231771329554,205
1090.9103340664603,577,965.9396719736595,146,986.4451659311472,289
975.217861286108,552,1282.915408137395,325,94.35692110928622,220
-417.46131121923054,126,-319.8130806232321,58,-50000,0
