original performance,number of trades,q learning performance,number of trades,q learning training performance,number of trades
-249.1508136906036,584,62.97323734157688,364,-1100.5264713938643,205
1090.9103340664603,577,1664.8771724853516,250,980.5287807161008,289
975.217861286108,552,1060.1971430740957,381,94.35692110928622,220
-417.46131121923054,126,-142.02019991940014,73,-50000,0
