original performance,number of trades,q learning performance,number of trades
527.2818497973593,1839,639.4208027581749,795,112.37149714622177,714
