original performance,number of trades,q learning performance,number of trades
527.2818497973593,1839,753.3328134132723,812,109.8674465147387,714
