original performance,number of trades,q learning performance,number of trades
527.2818497973593,1839,739.8193378375407,1044,112.08532813149674,714
