original performance,number of trades,q learning performance,number of trades
527.2818497973593,1839,588.605605859263,1527,109.8674465147387,714
