original performance,number of trades,q learning performance,number of trades
527.2818497973593,1839,592.3180295680272,1532,107.94139633392419,714
