original performance,number of trades,q learning performance,number of trades
527.2818497973593,1839,704.4292145729065,800,109.8674465147387,714
