original performance,number of trades,q learning performance,number of trades
527.2818497973593,1839,564.7090162578382,1520,109.97676979727437,714
