original performance,number of trades,q learning performance,number of trades,q learning training performance,number of trades
-249.1508136906036,584,29.828753637564407,373,-1100.5264713938643,205
1090.9103340664603,577,1800.4350616931915,256,980.5287807161008,289
975.217861286108,552,973.3751172332323,347,94.35692110928622,220
-417.46131121923054,126,75.22047863267872,73,-50000,0
