original performance,number of trades,q learning performance,number of trades
527.2818497973593,1839,734.7650218654323,1110,109.97676979727437,714
