original performance,number of trades,q learning performance,number of trades
527.2818497973593,1839,704.4041202489068,1088,107.94139633392419,714
