original performance,number of trades,q learning performance,number of trades
527.2818497973593,1839,685.300741706096,781,109.97676979727437,714
