original performance,number of trades,q learning performance,number of trades
527.2818497973593,1839,603.1023129669635,1506,107.94139633392419,714
