original performance,number of trades,q learning performance,number of trades,q learning training performance,number of trades
-249.1508136906036,584,35.79664200528291,371,-1101.5231771329554,205
1090.9103340664603,577,1695.4652224949427,252,986.4451659311472,289
975.217861286108,552,1037.069763585141,342,94.35692110928622,220
-417.46131121923054,126,-289.16785691659663,79,-50000,0
