original performance,number of trades,q learning performance,number of trades
527.2818497973593,1839,568.2545254560425,1532,107.65522731919917,714
