original performance,number of trades,q learning performance,number of trades,q learning training performance,number of trades
-249.1508136906036,584,-187.85526348749798,480,-1101.5231771329554,205
1090.9103340664603,577,1205.7901439586942,478,980.5287807161008,289
975.217861286108,552,994.3483066558838,448,94.35692110928622,220
-417.46131121923054,126,-498.4213826106145,104,-50000,0
