original performance,number of trades,q learning performance,number of trades
527.2818497973593,1839,542.5537590736799,1526,107.94139633392419,714
