original performance,number of trades,q learning performance,number of trades
527.2818497973593,1839,569.0732075307326,1493,109.97676979727437,714
