original performance,number of trades,q learning performance,number of trades,q learning training performance,number of trades
67.62519632778499,517,128.64563651989772,469,-1176.3805933222525,213
70.23183629414524,461,143.57620208954143,428,-2205.6810100848857,195
176.7724844494988,425,224.58745495309222,376,-979.1808357605568,156
-2972.641052597935,103,-2605.342104070327,85,-50000,0
