original performance,number of trades,q learning performance,number of trades,q learning training performance,number of trades
67.62519632778499,517,120.48139995272716,467,-1176.3805933222525,213
70.23183629414524,461,151.4930340082505,425,-2205.6810100848857,195
176.7724844494988,425,370.8290028809184,362,-979.1808357605568,156
-2972.641052597935,103,-2643.335804614154,88,-50000,0
