original performance,number of trades,q learning performance,number of trades
-108.70824667562052,1506,-16.078971234489888,1275,-1477.7111236220555,564
