original performance,number of trades,q learning performance,number of trades
-108.70824667562052,1506,-99.79921370442293,1222,-1477.7111236220555,564
