original performance,number of trades,q learning performance,number of trades,q learning training performance,number of trades
67.62519632778499,517,146.4845612273257,468,-1176.3805933222525,213
70.23183629414524,461,193.38919459397977,416,-2205.6810100848857,195
176.7724844494988,425,289.1647526746416,354,-979.1808357605568,156
-2972.641052597935,103,-2489.987834370931,75,-50000,0
