original performance,number of trades,q learning performance,number of trades
-108.70824667562052,1506,176.62368096654194,1245,-1477.7111236220555,564
