original performance,number of trades,q learning performance,number of trades
-108.70824667562052,1506,-48.0737986295301,1257,-1477.7111236220555,564
