original performance,number of trades,q learning performance,number of trades
-108.70824667562052,1506,70.71953137764677,1297,-1477.7111236220555,564
