original performance,number of trades,q learning performance,number of trades
-108.70824667562052,1506,80.69244835552652,1274,-1477.7111236220555,564
