original performance,number of trades,q learning performance,number of trades,q learning training performance,number of trades
67.62519632778499,517,201.66350414276124,450,-1176.3805933222525,213
70.23183629414524,461,158.8683225648204,347,-2205.6810100848857,195
176.7724844494988,425,225.20339047827687,294,-979.1808357605568,156
-2972.641052597935,103,-2552.164964951967,76,-50000,0
