original performance,number of trades,q learning performance,number of trades,q learning training performance,number of trades
67.62519632778499,517,192.76935790813968,454,-1176.3805933222525,213
70.23183629414524,461,311.218344400464,361,-2205.6810100848857,195
176.7724844494988,425,-89.63491045981137,293,-979.1808357605568,156
-2972.641052597935,103,-2648.679672754728,78,-50000,0
