original performance,number of trades,q learning performance,number of trades
-108.70824667562052,1506,19.044516844498485,1330,-1477.7111236220555,564
