original performance,number of trades,q learning performance,number of trades
-108.70824667562052,1506,53.40977811526966,1332,-1477.7111236220555,564
