original performance,number of trades,q learning performance,number of trades,q learning training performance,number of trades
67.62519632778499,517,103.72351513684944,467,-1176.3805933222525,213
70.23183629414524,461,111.56324896892102,419,-2205.6810100848857,195
176.7724844494988,425,375.4934889229622,362,-979.1808357605568,156
-2972.641052597935,103,-2452.5468674789777,88,-50000,0
