original performance,number of trades,q learning performance,number of trades,q learning training performance,number of trades
67.62519632778499,517,165.04702961009036,465,-1176.3805933222525,213
70.23183629414524,461,170.97519938939854,403,-2205.6810100848857,195
176.7724844494988,425,121.58237960663709,352,-979.1808357605568,156
-2972.641052597935,103,-2562.308095790722,81,-50000,0
