original performance,number of trades,q learning performance,number of trades
-108.70824667562052,1506,-15.89701438625239,1342,-1477.7111236220555,564
