original performance,number of trades,q learning performance,number of trades
-108.70824667562052,1506,-97.98492446573056,1239,-1477.7111236220555,564
