original performance,number of trades,q learning performance,number of trades,q learning training performance,number of trades
67.62519632778499,517,106.42326235974956,468,-1176.3805933222525,213
70.23183629414524,461,250.0554132484865,409,-2205.6810100848857,195
176.7724844494988,425,-91.97615332803326,334,-979.1808357605568,156
-2972.641052597935,103,-2555.356745566851,81,-50000,0
