original performance,number of trades,q learning performance,number of trades
-108.70824667562052,1506,68.1498100286626,1301,-1477.7111236220555,564
