original performance,number of trades,q learning performance,number of trades,q learning training performance,number of trades
67.62519632778499,517,121.67372548682059,468,-1176.3805933222525,213
70.23183629414524,461,203.76275810549774,421,-2205.6810100848857,195
176.7724844494988,425,142.3573968518864,352,-979.1808357605568,156
-2972.641052597935,103,-2445.6555741342268,89,-50000,0
