original performance,number of trades,q learning performance,number of trades
-108.70824667562052,1506,-11.210440177805118,1358,-1477.7111236220555,564
