original performance,number of trades,q learning performance,number of trades,q learning training performance,number of trades
67.62519632778499,517,200.52792841395186,449,-1176.3805933222525,213
70.23183629414524,461,161.4145306915123,381,-2205.6810100848857,195
176.7724844494988,425,117.15771320972858,321,-979.1808357605568,156
-2972.641052597935,103,-2523.2259465769716,76,-50000,0
