original performance,number of trades,q learning performance,number of trades
-108.70824667562052,1506,34.7920324013826,1291,-1477.7111236220555,564
