original performance,number of trades,q learning performance,number of trades
-108.70824667562052,1506,14.48294788261285,1306,-1477.7111236220555,564
