original performance,number of trades,q learning performance,number of trades
-108.70824667562052,1506,-6.5228438614006325,1330,-1477.7111236220555,564
