original performance,number of trades,q learning performance,number of trades
-108.70824667562052,1506,171.88749203192592,1257,-1477.7111236220555,564
