original performance,number of trades,q learning performance,number of trades
-108.70824667562052,1506,-57.13447763119821,1204,-1477.7111236220555,564
