original performance,number of trades,q learning performance,number of trades
-108.70824667562052,1506,24.4480540720421,1267,-1477.7111236220555,564
