original performance,number of trades,q learning performance,number of trades
-108.70824667562052,1506,-2.1365688249359502,1227,-1477.7111236220555,564
