original performance,number of trades,q learning performance,number of trades
-108.70824667562052,1506,11.443414325485687,1336,-1477.7111236220555,564
