original performance,number of trades,q learning performance,number of trades
-108.70824667562052,1506,13.129631955439626,1218,-1477.7111236220555,564
