original performance,number of trades,q learning performance,number of trades,q learning training performance,number of trades
67.62519632778499,517,123.30997439734072,461,-1176.3805933222525,213
70.23183629414524,461,397.98378290895556,366,-2205.6810100848857,195
176.7724844494988,425,-154.44254892402225,288,-979.1808357605568,156
-2972.641052597935,103,-2462.8882834206165,71,-50000,0
