original performance,number of trades,q learning performance,number of trades
-108.70824667562052,1506,20.897904885043005,1256,-1477.7111236220555,564
