original performance,number of trades,q learning performance,number of trades,q learning training performance,number of trades
67.62519632778499,517,128.64563651989772,469,-1176.3805933222525,213
70.23183629414524,461,98.26086780512445,428,-2205.6810100848857,195
176.7724844494988,425,366.4636300608317,375,-979.1808357605568,156
-2972.641052597935,103,-2508.280947437993,81,-50000,0
