original performance,number of trades,q learning performance,number of trades
-108.70824667562052,1506,16.599032390668388,1342,-1477.7111236220555,564
