original performance,number of trades,q learning performance,number of trades
-108.70824667562052,1506,-14.681079181316354,1301,-1477.7111236220555,564
