original performance,number of trades,q learning performance,number of trades
-108.70824667562052,1506,-30.635868504003515,1304,-1477.7111236220555,564
