original performance,number of trades,q learning performance,number of trades,q learning training performance,number of trades
67.62519632778499,517,112.45316697807722,465,-1176.3805933222525,213
70.23183629414524,461,219.5548404114156,395,-2205.6810100848857,195
176.7724844494988,425,-21.15377958787853,323,-979.1808357605568,156
-2972.641052597935,103,-2447.312687977251,83,-50000,0
