original performance,number of trades,q learning performance,number of trades,q learning training performance,number of trades
67.62519632778499,517,99.1469260581902,448,-1176.3805933222525,213
70.23183629414524,461,194.80870604200538,379,-2205.6810100848857,195
176.7724844494988,425,-95.62537879160006,292,-979.1808357605568,156
-2972.641052597935,103,-2690.5146693935644,77,-50000,0
