original performance,number of trades,q learning performance,number of trades
-108.70824667562052,1506,8.293680215069628,1270,-1477.7111236220555,564
