original performance,number of trades,q learning performance,number of trades,q learning training performance,number of trades
67.62519632778499,517,76.33229890778438,467,-1176.3805933222525,213
70.23183629414524,461,336.91887270833746,397,-2205.6810100848857,195
176.7724844494988,425,-126.88972753566634,319,-979.1808357605568,156
-2972.641052597935,103,-2558.850241197122,74,-50000,0
