original performance,number of trades,q learning performance,number of trades,q learning training performance,number of trades
67.62519632778499,517,136.49563821364592,459,-1176.3805933222525,213
70.23183629414524,461,295.9488183641434,400,-2205.6810100848857,195
176.7724844494988,425,-21.082195688654352,333,-979.1808357605568,156
-2972.641052597935,103,-2383.3975243509553,81,-50000,0
