original performance,number of trades,q learning performance,number of trades
-108.70824667562052,1506,54.27958595118322,1259,-1477.7111236220555,564
