original performance,number of trades,q learning performance,number of trades
-108.70824667562052,1506,-9.94897031213223,1253,-1477.7111236220555,564
