original performance,number of trades,q learning performance,number of trades,q learning training performance,number of trades
67.62519632778499,517,151.89758261729932,464,-1176.3805933222525,213
70.23183629414524,461,226.95592114511504,409,-2205.6810100848857,195
176.7724844494988,425,126.56452930084323,323,-979.1808357605568,156
-2972.641052597935,103,-2517.584347483317,75,-50000,0
