original performance,number of trades,q learning performance,number of trades
-108.70824667562052,1506,-39.80706555553028,1355,-1477.7111236220555,564
