original performance,number of trades,q learning performance,number of trades,q learning training performance,number of trades
67.62519632778499,517,112.41710998781265,465,-1176.3805933222525,213
70.23183629414524,461,228.29758976320676,395,-2205.6810100848857,195
176.7724844494988,425,224.50064049230883,329,-979.1808357605568,156
-2972.641052597935,103,-2540.4844561682808,81,-50000,0
