original performance,number of trades,q learning performance,number of trades
-108.70824667562052,1506,-45.331747365370084,1217,-1477.7111236220555,564
