original performance,number of trades,q learning performance,number of trades,q learning training performance,number of trades
67.62519632778499,517,99.38883679735073,467,-1176.3805933222525,213
70.23183629414524,461,155.23404764063218,425,-2205.6810100848857,195
176.7724844494988,425,142.04237745102137,365,-979.1808357605568,156
-2972.641052597935,103,-2541.518918991089,87,-50000,0
