original performance,number of trades,q learning performance,number of trades
-108.70824667562052,1506,96.68899775175429,1299,-1477.7111236220555,564
