original performance,number of trades,q learning performance,number of trades
-108.70824667562052,1506,34.93289470360949,1224,-1477.7111236220555,564
