original performance,number of trades,q learning performance,number of trades
-108.70824667562052,1506,7.522122296942285,1328,-1477.7111236220555,564
