original performance,number of trades,q learning performance,number of trades,q learning training performance,number of trades
67.62519632778499,517,38.10424416153519,459,-1176.3805933222525,213
70.23183629414524,461,353.6085538973754,348,-2205.6810100848857,195
176.7724844494988,425,-234.944572738699,296,-979.1808357605568,156
-2972.641052597935,103,-2382.023602628708,80,-50000,0
