original performance,number of trades,q learning performance,number of trades
-108.70824667562052,1506,44.617253743409215,1329,-1477.7111236220555,564
