original performance,number of trades,q learning performance,number of trades
-108.70824667562052,1506,70.29055685921091,1319,-1477.7111236220555,564
