original performance,number of trades,q learning performance,number of trades,q learning training performance,number of trades
67.62519632778499,517,128.64563651989772,469,-1176.3805933222525,213
70.23183629414524,461,95.94476513592701,424,-2205.6810100848857,195
176.7724844494988,425,199.11016898883892,373,-979.1808357605568,156
-2972.641052597935,103,-2575.5286607420844,89,-50000,0
