original performance,number of trades,q learning performance,number of trades
-108.70824667562052,1506,-22.46133979312515,1369,-1477.7111236220555,564
