original performance,number of trades,q learning performance,number of trades
-108.70824667562052,1506,-27.40482388666389,1324,-1477.7111236220555,564
