original performance,number of trades,q learning performance,number of trades,q learning training performance,number of trades
67.62519632778499,517,117.97024519760721,466,-1176.3805933222525,213
70.23183629414524,461,253.26526688585187,404,-2205.6810100848857,195
176.7724844494988,425,80.92696898748571,321,-979.1808357605568,156
-2972.641052597935,103,-2433.814425793561,88,-50000,0
