original performance,number of trades,q learning performance,number of trades,q learning training performance,number of trades
67.62519632778499,517,128.64563651989772,469,-1176.3805933222525,213
70.23183629414524,461,122.52316728022426,422,-2205.6810100848857,195
176.7724844494988,425,248.8927446100597,353,-979.1808357605568,156
-2972.641052597935,103,-2425.280247710472,86,-50000,0
