original performance,number of trades,q learning performance,number of trades
-108.70824667562052,1506,52.341768353653826,1309,-1477.7111236220555,564
