original performance,number of trades,q learning performance,number of trades
-108.70824667562052,1506,62.9802630143393,1279,-1477.7111236220555,564
