original performance,number of trades,q learning performance,number of trades
-108.70824667562052,1506,15.527972800770476,1167,-1477.7111236220555,564
