original performance,number of trades,q learning performance,number of trades
-108.70824667562052,1506,-24.163260626177752,1279,-1477.7111236220555,564
