original performance,number of trades,q learning performance,number of trades
-108.70824667562052,1506,49.215471800828105,1313,-1477.7111236220555,564
