original performance,number of trades,q learning performance,number of trades
-108.70824667562052,1506,98.62174558417051,1286,-1477.7111236220555,564
