original performance,number of trades,q learning performance,number of trades
-108.70824667562052,1506,65.5322977696757,1255,-1477.7111236220555,564
