original performance,number of trades,q learning performance,number of trades
-108.70824667562052,1506,27.719589654592856,1354,-1477.7111236220555,564
