original performance,number of trades,q learning performance,number of trades
-108.70824667562052,1506,-6.770951428082054,1324,-1477.7111236220555,564
