original performance,number of trades,q learning performance,number of trades
-108.70824667562052,1506,73.66529726454722,1311,-1477.7111236220555,564
