original performance,number of trades,q learning performance,number of trades
-108.70824667562052,1506,-18.66625392168088,1330,-1477.7111236220555,564
