original performance,number of trades,q learning performance,number of trades
-108.70824667562052,1506,-22.12906287526547,1242,-1477.7111236220555,564
