original performance,number of trades,q learning performance,number of trades,q learning training performance,number of trades
67.62519632778499,517,128.64563651989772,469,-1176.3805933222525,213
70.23183629414524,461,162.74975521598705,418,-2205.6810100848857,195
176.7724844494988,425,118.23963317526392,332,-979.1808357605568,156
-2972.641052597935,103,-2642.4007794449967,82,-50000,0
