original performance,number of trades,q learning performance,number of trades,q learning training performance,number of trades
67.62519632778499,517,137.57642408611943,467,-1176.3805933222525,213
70.23183629414524,461,121.45006479089098,427,-2205.6810100848857,195
176.7724844494988,425,449.5399099407774,363,-979.1808357605568,156
-2972.641052597935,103,-2710.741487264633,72,-50000,0
