original performance,number of trades,q learning performance,number of trades,q learning training performance,number of trades
67.62519632778499,517,98.06281360977466,467,-1176.3805933222525,213
70.23183629414524,461,319.80454304093433,401,-2205.6810100848857,195
176.7724844494988,425,0.2391766696781307,308,-979.1808357605568,156
-2972.641052597935,103,-2423.07379130574,77,-50000,0
