original performance,number of trades,q learning performance,number of trades,q learning training performance,number of trades
67.62519632778499,517,157.56870394798466,447,-1176.3805933222525,213
70.23183629414524,461,349.46649520060515,347,-2205.6810100848857,195
176.7724844494988,425,-303.24034071955185,290,-979.1808357605568,156
-2972.641052597935,103,-2717.466711279062,65,-50000,0
