original performance,number of trades,q learning performance,number of trades,q learning training performance,number of trades
67.62519632778499,517,98.63096775606951,463,-1176.3805933222525,213
70.23183629414524,461,382.0959152998748,378,-2205.6810100848857,195
176.7724844494988,425,103.49626683686908,285,-979.1808357605568,156
-2972.641052597935,103,-2631.862138506732,79,-50000,0
