original performance,number of trades,q learning performance,number of trades,q learning training performance,number of trades
67.62519632778499,517,134.30033757516685,463,-1176.3805933222525,213
70.23183629414524,461,284.7784012465722,409,-2205.6810100848857,195
176.7724844494988,425,136.82218070205818,353,-979.1808357605568,156
-2972.641052597935,103,-2568.381756299808,81,-50000,0
