original performance,number of trades,q learning performance,number of trades,q learning training performance,number of trades
67.62519632778499,517,165.92037232786745,455,-1176.3805933222525,213
70.23183629414524,461,246.9758549358014,399,-2205.6810100848857,195
176.7724844494988,425,253.09137048993793,350,-979.1808357605568,156
-2972.641052597935,103,-2427.5647840627034,75,-50000,0
