original performance,number of trades,q learning performance,number of trades,q learning training performance,number of trades
67.62519632778499,517,159.7183168941306,457,-1176.3805933222525,213
70.23183629414524,461,220.53638781863805,389,-2205.6810100848857,195
176.7724844494988,425,379.69029871807544,344,-979.1808357605568,156
-2972.641052597935,103,-2383.8680093938656,77,-50000,0
