original performance,number of trades,q learning performance,number of trades
-108.70824667562052,1506,31.44918987376046,1348,-1477.7111236220555,564
