original performance,number of trades,q learning performance,number of trades
-108.70824667562052,1506,1.6940551454370671,1320,-1477.7111236220555,564
