original performance,number of trades,q learning performance,number of trades
-108.70824667562052,1506,59.51254376903657,1240,-1477.7111236220555,564
