original performance,number of trades,q learning performance,number of trades
-108.70824667562052,1506,43.916981629605566,1272,-1477.7111236220555,564
