original performance,number of trades,q learning performance,number of trades
-108.70824667562052,1506,-74.04404669442695,1187,-1477.7111236220555,564
