original performance,number of trades,q learning performance,number of trades,q learning training performance,number of trades
67.62519632778499,517,128.64563651989772,469,-1176.3805933222525,213
70.23183629414524,461,133.38014417299084,426,-2205.6810100848857,195
176.7724844494988,425,191.418875483195,375,-979.1808357605568,156
-2972.641052597935,103,-2360.1490795612335,88,-50000,0
