original performance,number of trades,q learning performance,number of trades
-108.70824667562052,1506,-63.42641474538725,1149,-1477.7111236220555,564
