original performance,number of trades,q learning performance,number of trades,q learning training performance,number of trades
67.62519632778499,517,33.82045669060249,462,-1176.3805933222525,213
70.23183629414524,461,565.6632630669417,383,-2205.6810100848857,195
176.7724844494988,425,31.107368594496997,335,-979.1808357605568,156
-2972.641052597935,103,-2433.5559162709906,87,-50000,0
