original performance,number of trades,q learning performance,number of trades
-108.70824667562052,1506,5.74847593278942,1336,-1477.7111236220555,564
