original performance,number of trades,q learning performance,number of trades,q learning training performance,number of trades
67.62519632778499,517,119.70951195355265,451,-1176.3805933222525,213
70.23183629414524,461,282.3121231762483,374,-2205.6810100848857,195
176.7724844494988,425,232.06926887168177,377,-979.1808357605568,156
-2972.641052597935,103,-2587.814812746915,66,-50000,0
