original performance,number of trades,q learning performance,number of trades
-108.70824667562052,1506,-14.315781993431523,1361,-1477.7111236220555,564
