original performance,number of trades,q learning performance,number of trades
-108.70824667562052,1506,7.214656851377832,1328,-1477.7111236220555,564
