original performance,number of trades,q learning performance,number of trades
-108.70824667562052,1506,-55.87095842515624,1299,-1477.7111236220555,564
