original performance,number of trades,q learning performance,number of trades
-108.70824667562052,1506,-42.31965859447207,1344,-1477.7111236220555,564
