original performance,number of trades,q learning performance,number of trades,q learning training performance,number of trades
67.62519632778499,517,125.62810446737137,463,-1176.3805933222525,213
70.23183629414524,461,111.30755975905885,376,-2205.6810100848857,195
176.7724844494988,425,103.57194141375265,301,-979.1808357605568,156
-2972.641052597935,103,-2420.277217493429,77,-50000,0
