original performance,number of trades,q learning performance,number of trades
1125.6945206355733,1212,674.7123278429908,685,1354.052637762927,1039
