original performance,number of trades,q learning performance,number of trades
1125.6945206355733,1212,1175.0851081848145,1030,1354.052637762927,1039
