original performance,number of trades,q learning performance,number of trades,q learning training performance,number of trades
704.8156322585039,613,748.7664535827637,500,730.2365727966085,546
2093.046219001139,532,2088.312422662032,475,2044.932093080594,493
-2704.638986160506,67,-2828.4293685913085,60,-50000,0
