original performance,number of trades,q learning performance,number of trades
1125.6945206355733,1212,466.47412732662724,519,1354.052637762927,1039
