original performance,number of trades,q learning performance,number of trades
1125.6945206355733,1212,1157.5546518294295,1029,1354.052637762927,1039
