original performance,number of trades,q learning performance,number of trades
1125.6945206355733,1212,1166.3344714376149,1033,1354.052637762927,1039
