original performance,number of trades,q learning performance,number of trades
1125.6945206355733,1212,1204.1657913296635,1033,1354.052637762927,1039
