original performance,number of trades,q learning performance,number of trades,q learning training performance,number of trades
704.8156322585039,613,742.4415908995129,504,730.2365727966085,546
2093.046219001139,532,2086.558027211592,478,2044.932093080594,493
-2704.638986160506,67,-2852.9664270433327,59,-50000,0
