original performance,number of trades,q learning performance,number of trades,q learning training performance,number of trades
704.8156322585039,613,316.81482031551405,405,730.2365727966085,546
2093.046219001139,532,1643.3276510489613,304,2044.932093080594,493
-2704.638986160506,67,-2630.7406526453356,34,-50000,0
