original performance,number of trades,q learning performance,number of trades
1125.6945206355733,1212,490.5659496948009,524,1354.052637762927,1039
