original performance,number of trades,q learning performance,number of trades,q learning training performance,number of trades
704.8156322585039,613,10.878094405579052,278,730.2365727966085,546
2093.046219001139,532,1623.3119986528409,167,2044.932093080594,493
-2704.638986160506,67,-2752.68763256073,48,-50000,0
