original performance,number of trades,q learning performance,number of trades
1125.6945206355733,1212,1156.7581735097444,1040,1354.052637762927,1039
