original performance,number of trades,q learning performance,number of trades,q learning training performance,number of trades
704.8156322585039,613,89.50566169324394,313,730.2365727966085,546
2093.046219001139,532,1820.0436046927316,175,2044.932093080594,493
-2704.638986160506,67,-2485.176258087158,36,-50000,0
