original performance,number of trades,q learning performance,number of trades
1125.6945206355733,1212,1123.7148598454128,994,1354.052637762927,1039
