original performance,number of trades,q learning performance,number of trades
1125.6945206355733,1212,561.1284653738643,712,1354.052637762927,1039
