original performance,number of trades,q learning performance,number of trades
1125.6945206355733,1212,1150.0043996594463,1031,1354.052637762927,1039
