original performance,number of trades,q learning performance,number of trades
1125.6945206355733,1212,1128.1743396330162,1014,1354.052637762927,1039
