original performance,number of trades,q learning performance,number of trades
1125.6945206355733,1212,1183.6328082159162,1024,1354.052637762927,1039
