original performance,number of trades,q learning performance,number of trades
1125.6945206355733,1212,665.5225174809846,710,1354.052637762927,1039
