original performance,number of trades,q learning performance,number of trades
1125.6945206355733,1212,1114.3856834654305,1006,1354.052637762927,1039
