original performance,number of trades,q learning performance,number of trades
1125.6945206355733,1212,758.3439349665475,742,1354.052637762927,1039
