original performance,number of trades,q learning performance,number of trades
1125.6945206355733,1212,1152.3509269831507,1042,1354.052637762927,1039
