original performance,number of trades,q learning performance,number of trades,q learning training performance,number of trades
704.8156322585039,613,749.0361731371241,501,730.2365727966085,546
2093.046219001139,532,2106.4093850184295,472,2044.932093080594,493
-2704.638986160506,67,-2828.4293685913085,60,-50000,0
