original performance,number of trades,q learning performance,number of trades,q learning training performance,number of trades
704.8156322585039,613,723.9698598225912,495,730.2365727966085,546
2093.046219001139,532,2059.3680052881655,460,2044.932093080594,493
-2704.638986160506,67,-2947.781414484574,59,-50000,0
