original performance,number of trades,q learning performance,number of trades,q learning training performance,number of trades
704.8156322585039,613,749.602875983931,497,730.2365727966085,546
2093.046219001139,532,2115.541444109632,462,2044.932093080594,493
-2704.638986160506,67,-2541.835771072743,43,-50000,0
