original performance,number of trades,q learning performance,number of trades,q learning training performance,number of trades
704.8156322585039,613,222.47894567124388,376,730.2365727966085,546
2093.046219001139,532,1709.961287028754,268,2044.932093080594,493
-2704.638986160506,67,-2511.201950073242,40,-50000,0
