original performance,number of trades,q learning performance,number of trades
1125.6945206355733,1212,690.2753208830995,694,1354.052637762927,1039
