original performance,number of trades,q learning performance,number of trades,q learning training performance,number of trades
704.8156322585039,613,-1.998243847032533,274,730.2365727966085,546
2093.046219001139,532,1528.2913618634461,157,2044.932093080594,493
-2704.638986160506,67,-2635.207155747847,44,-50000,0
