original performance,number of trades,q learning performance,number of trades,q learning training performance,number of trades
704.8156322585039,613,742.6001091837646,503,730.2365727966085,546
2093.046219001139,532,2109.349436393151,468,2044.932093080594,493
-2704.638986160506,67,-2923.7871451542296,58,-50000,0
