original performance,number of trades,q learning performance,number of trades
1125.6945206355733,1212,1161.9357455983743,1041,1354.052637762927,1039
