original performance,number of trades,q learning performance,number of trades
1125.6945206355733,1212,1155.9213451529797,1031,1354.052637762927,1039
