original performance,number of trades,q learning performance,number of trades
1125.6945206355733,1212,776.2451456196414,739,1354.052637762927,1039
