original performance,number of trades,q learning performance,number of trades
1125.6945206355733,1212,1151.7181508387066,1037,1354.052637762927,1039
