original performance,number of trades,q learning performance,number of trades
1125.6945206355733,1212,1189.4644938509437,1036,1354.052637762927,1039
