original performance,number of trades,q learning performance,number of trades
1125.6945206355733,1212,1153.3995930058088,1032,1354.052637762927,1039
