original performance,number of trades,q learning performance,number of trades
1125.6945206355733,1212,1169.473973879209,1001,1354.052637762927,1039
