original performance,number of trades,q learning performance,number of trades
1125.6945206355733,1212,430.147939061826,489,1354.052637762927,1039
