original performance,number of trades,q learning performance,number of trades,q learning training performance,number of trades
704.8156322585039,613,60.53697199570505,304,730.2365727966085,546
2093.046219001139,532,1753.881707516973,167,2044.932093080594,493
-2704.638986160506,67,-2408.3097554799674,37,-50000,0
