original performance,number of trades,q learning performance,number of trades,q learning training performance,number of trades
704.8156322585039,613,710.0954698702184,492,730.2365727966085,546
2093.046219001139,532,2069.8104497601907,465,2044.932093080594,493
-2704.638986160506,67,-2870.4644470214844,54,-50000,0
