original performance,number of trades,q learning performance,number of trades
1125.6945206355733,1212,259.8844424117239,475,1354.052637762927,1039
