original performance,number of trades,q learning performance,number of trades,q learning training performance,number of trades
704.8156322585039,613,37.22537500718061,306,730.2365727966085,546
2093.046219001139,532,1856.5975330461774,175,2044.932093080594,493
-2704.638986160506,67,-2478.827919809442,38,-50000,0
