original performance,number of trades,q learning performance,number of trades
1125.6945206355733,1212,1165.9716319891684,1044,1354.052637762927,1039
