original performance,number of trades,q learning performance,number of trades,q learning training performance,number of trades
704.8156322585039,613,-19.988106708137355,294,730.2365727966085,546
2093.046219001139,532,1591.0155014327809,158,2044.932093080594,493
-2704.638986160506,67,-2752.68763256073,48,-50000,0
