original performance,number of trades,q learning performance,number of trades,q learning training performance,number of trades
704.8156322585039,613,115.59330389634619,318,730.2365727966085,546
2093.046219001139,532,1831.0926652678645,191,2044.932093080594,493
-2704.638986160506,67,-2487.5606895652977,37,-50000,0
