original performance,number of trades,q learning performance,number of trades
1125.6945206355733,1212,1161.4584611373857,1033,1354.052637762927,1039
