original performance,number of trades,q learning performance,number of trades,q learning training performance,number of trades
704.8156322585039,613,745.0419319395035,504,730.2365727966085,546
2093.046219001139,532,2104.413639738969,478,2044.932093080594,493
-2704.638986160506,67,-2516.3441816965737,48,-50000,0
