original performance,number of trades,q learning performance,number of trades
1125.6945206355733,1212,1163.6504201814532,1024,1354.052637762927,1039
