original performance,number of trades,q learning performance,number of trades
1125.6945206355733,1212,1177.4698811922672,1035,1354.052637762927,1039
