original performance,number of trades,q learning performance,number of trades,q learning training performance,number of trades
704.8156322585039,613,218.78661852994261,369,730.2365727966085,546
2093.046219001139,532,1777.2994365820148,298,2044.932093080594,493
-2704.638986160506,67,-2927.7995799943515,51,-50000,0
