original performance,number of trades,q learning performance,number of trades,q learning training performance,number of trades
704.8156322585039,613,727.0198301338105,502,730.2365727966085,546
2093.046219001139,532,2113.1770214576964,469,2044.932093080594,493
-2704.638986160506,67,-2716.9770132596377,61,-50000,0
