original performance,number of trades,q learning performance,number of trades
1125.6945206355733,1212,1143.4199157461028,1022,1354.052637762927,1039
