original performance,number of trades,q learning performance,number of trades
1125.6945206355733,1212,1154.6730700446137,1041,1354.052637762927,1039
