original performance,number of trades,q learning performance,number of trades
1125.6945206355733,1212,1157.2403060426104,1034,1354.052637762927,1039
