original performance,number of trades,q learning performance,number of trades
-512.3732065736104,1721,-134.98604987649355,510,-414.69572700139554,613
