original performance,number of trades,q learning performance,number of trades
-512.3732065736104,1721,-462.5308994281688,1324,-410.7010798742098,613
