original performance,number of trades,q learning performance,number of trades
-512.3732065736104,1721,-342.0385146373402,1375,-405.31596538798846,613
