original performance,number of trades,q learning performance,number of trades
-512.3732065736104,1721,-400.3665172253042,1331,-405.31596538798846,613
