original performance,number of trades,q learning performance,number of trades
-512.3732065736104,1721,-355.7454037258387,1391,-402.90317705910513,613
