original performance,number of trades,q learning performance,number of trades
-512.3732065736104,1721,-378.93231125104995,1344,-405.31596538798846,613
