original performance,number of trades,q learning performance,number of trades
-512.3732065736104,1721,-490.665770761814,718,-410.7010798742098,613
