original performance,number of trades,q learning performance,number of trades
-512.3732065736104,1721,-373.7284393751871,1383,-405.31596538798846,613
