original performance,number of trades,q learning performance,number of trades
-512.3732065736104,1721,-374.64580812582824,1409,-410.7010798742098,613
