original performance,number of trades,q learning performance,number of trades
-512.3732065736104,1721,-368.79185002480074,1389,-410.7010798742098,613
