original performance,number of trades,q learning performance,number of trades
-512.3732065736104,1721,-443.7376899134077,1369,-405.31596538798846,613
