original performance,number of trades,q learning performance,number of trades
-512.3732065736104,1721,-400.35395507142766,1367,-404.2936444181408,613
