original performance,number of trades,q learning performance,number of trades
-512.3732065736104,1721,-194.04049850522782,518,-405.31596538798846,613
