original performance,number of trades,q learning performance,number of trades
-512.3732065736104,1721,-395.4572489760643,1376,-410.7010798742098,613
