original performance,number of trades,q learning performance,number of trades
-512.3732065736104,1721,-421.6631700861806,1422,-405.31596538798846,613
