original performance,number of trades,q learning performance,number of trades
-512.3732065736104,1721,-388.6784899885004,1408,-405.31596538798846,613
