original performance,number of trades,q learning performance,number of trades
-512.3732065736104,1721,-391.5709748292438,1373,-405.31596538798846,613
