original performance,number of trades,q learning performance,number of trades
-512.3732065736104,1721,-347.0955812149689,1428,-402.80786842234176,613
