original performance,number of trades,q learning performance,number of trades
-512.3732065736104,1721,-352.3084168872575,1403,-402.90317705910513,613
