original performance,number of trades,q learning performance,number of trades
-512.3732065736104,1721,-109.11479015498199,516,-410.7010798742098,613
