original performance,number of trades,q learning performance,number of trades
-512.3732065736104,1721,-397.1434631886836,1415,-410.7010798742098,613
