original performance,number of trades,q learning performance,number of trades
-512.3732065736104,1721,-368.2465551132972,674,-405.31596538798846,613
