original performance,number of trades,q learning performance,number of trades
-512.3732065736104,1721,-426.20199662136895,1384,-405.31596538798846,613
