original performance,number of trades,q learning performance,number of trades
-512.3732065736104,1721,-430.35043431663655,1357,-412.1876300357489,613
