original performance,number of trades,q learning performance,number of trades
737.1249886324573,1794,701.5392034758122,1090,468.65763123872944,743
