original performance,number of trades,q learning performance,number of trades
737.1249886324573,1794,805.4385986178235,1527,468.65763123872944,743
