original performance,number of trades,q learning performance,number of trades
737.1249886324573,1794,807.3264803313201,1514,468.65763123872944,743
