original performance,number of trades,q learning performance,number of trades
737.1249886324573,1794,819.7503958747025,1528,468.65763123872944,743
