original performance,number of trades,q learning performance,number of trades
737.1249886324573,1794,794.3710110467657,1532,468.65763123872944,743
