original performance,number of trades,q learning performance,number of trades
737.1249886324573,1794,799.9915775653169,1519,468.65763123872944,743
