original performance,number of trades,q learning performance,number of trades
737.1249886324573,1794,798.7122473190377,1531,468.65763123872944,743
