original performance,number of trades,q learning performance,number of trades
527.2818497973593,1839,605.6318956785564,1580,64.82861149088542,750
