original performance,number of trades,q learning performance,number of trades
527.2818497973593,1839,562.7081709143631,1579,64.93268725585938,750
