original performance,number of trades,q learning performance,number of trades
527.2818497973593,1839,599.6626694925716,1602,64.93268725585938,750
