original performance,number of trades,q learning performance,number of trades
527.2818497973593,1839,593.2399043557632,1592,64.93268725585938,750
