original performance,number of trades,q learning performance,number of trades
527.2818497973593,1839,652.9945286935226,1029,64.93268725585938,750
