original performance,number of trades,q learning performance,number of trades
527.2818497973593,1839,649.01003638475,1002,64.93268725585938,750
