original performance,number of trades,q learning performance,number of trades
527.2818497973593,1839,564.867845600734,1253,64.93268725585938,750
