original performance,number of trades,q learning performance,number of trades
527.2818497973593,1839,604.3102500572904,1581,64.82861149088542,750
