original performance,number of trades,q learning performance,number of trades
527.2818497973593,1839,601.3397027767177,1566,64.82861149088542,750
