original performance,number of trades,q learning performance,number of trades
527.2818497973593,1839,601.7939036236503,1594,64.82861149088542,750
