original performance,number of trades,q learning performance,number of trades
527.2818497973593,1839,603.8614480670873,1563,64.82861149088542,750
