original performance,number of trades,q learning performance,number of trades
527.2818497973593,1839,516.7696290618007,1236,64.82861149088542,750
