original performance,number of trades,q learning performance,number of trades
527.2818497973593,1839,589.0054552953948,1590,64.82861149088542,750
