original performance,number of trades,q learning performance,number of trades
527.2818497973593,1839,597.1509423516876,1608,64.93268725585938,750
