original performance,number of trades,q learning performance,number of trades
527.2818497973593,1839,602.6095447406732,1571,64.93268725585938,750
