original performance,number of trades,q learning performance,number of trades
527.2818497973593,1839,593.3622204745565,1607,64.82861149088542,750
