original performance,number of trades,q learning performance,number of trades
527.2818497973593,1839,588.1806363253274,1597,64.93268725585938,750
