original performance,number of trades,q learning performance,number of trades
527.2818497973593,1839,609.5569342041016,1050,64.93268725585938,750
