original performance,number of trades,q learning performance,number of trades
527.2818497973593,1839,592.1585034366258,1603,64.93268725585938,750
