original performance,number of trades,q learning performance,number of trades
527.2818497973593,1839,607.5755843037505,1556,64.93268725585938,750
