original performance,number of trades,q learning performance,number of trades
527.2818497973593,1839,587.8619985616432,1590,64.93268725585938,750
