original performance,number of trades,q learning performance,number of trades
527.2818497973593,1839,583.6677405934098,1599,64.82861149088542,750
