original performance,number of trades,q learning performance,number of trades
527.2818497973593,1839,633.0443099177741,1530,64.93268725585938,750
