original performance,number of trades,q learning performance,number of trades
527.2818497973593,1839,590.3146977439569,1595,64.93268725585938,750
