original performance,number of trades,q learning performance,number of trades
527.2818497973593,1839,650.4330720767707,998,64.82861149088542,750
