original performance,number of trades,q learning performance,number of trades
527.2818497973593,1839,587.3041839314399,1605,64.93268725585938,750
