original performance,number of trades,q learning performance,number of trades
527.2818497973593,1839,600.6877482344464,1599,64.93268725585938,750
