original performance,number of trades,q learning performance,number of trades
527.2818497973593,1839,580.5373939460221,1273,64.93268725585938,750
