original performance,number of trades,q learning performance,number of trades
527.2818497973593,1839,556.6031108996333,1225,64.93268725585938,750
