original performance,number of trades,q learning performance,number of trades
527.2818497973593,1839,604.7226332654295,1029,64.93268725585938,750
