original performance,number of trades,q learning performance,number of trades
527.2818497973593,1839,599.4488049805394,1036,64.82861149088542,750
