original performance,number of trades,q learning performance,number of trades
527.2818497973593,1839,578.6667855861967,1243,64.93268725585938,750
