original performance,number of trades,q learning performance,number of trades
527.2818497973593,1839,596.0444729987357,1595,64.93268725585938,750
