original performance,number of trades,q learning performance,number of trades
527.2818497973593,1839,613.1491547752829,1224,64.93268725585938,750
