original performance,number of trades,q learning performance,number of trades
527.2818497973593,1839,595.4971988251996,1594,64.93268725585938,750
