original performance,number of trades,q learning performance,number of trades
527.2818497973593,1839,576.1895065458395,1012,64.82861149088542,750
