original performance,number of trades,q learning performance,number of trades,q learning training performance,number of trades
-249.1508136906036,584,-182.2503794311029,494,-1161.2495960991503,217
1090.9103340664603,577,1262.6053629209339,497,900.9119610895876,305
975.217861286108,552,968.2026587410709,467,113.30909140068188,228
-417.46131121923054,126,-436.17501177106584,105,-50000,0
