original performance,number of trades,q learning performance,number of trades
527.2818497973593,1839,587.6554622879077,1583,64.82861149088542,750
