original performance,number of trades,q learning performance,number of trades,q learning training performance,number of trades
633.3098771691117,581,726.2385640358439,490,901.2162728743119,242
908.7061836354873,680,779.2962697166321,563,1269.6320618184407,300
1547.9738105455458,551,1095.6464747350356,425,277.0971192898958,184
-1905.1756136838128,136,-1684.9918120644309,110,-50000,0
