original performance,number of trades,q learning performance,number of trades,q learning training performance,number of trades
633.3098771691117,581,723.2247312743892,491,901.2162728743119,242
908.7061836354873,680,785.8172693789845,568,1241.3274725850424,300
1547.9738105455458,551,1094.3848407411356,434,305.4589547696321,184
-1905.1756136838128,136,-1754.3723842692825,106,-50000,0
