original performance,number of trades,q learning performance,number of trades
810.935795511798,1948,662.9722950541558,1608,902.4633667475592,726
