original performance,number of trades,q learning performance,number of trades
810.935795511798,1948,663.5639069288449,1604,890.7672554940889,726
