original performance,number of trades,q learning performance,number of trades,q learning training performance,number of trades
633.3098771691117,581,723.2247312743892,491,901.2162728743119,242
908.7061836354873,680,782.5905893278627,566,1241.3274725850424,300
1547.9738105455458,551,1006.103313936875,443,304.90120572629183,184
-1905.1756136838128,136,-1706.6405836912963,111,-50000,0
