original performance,number of trades,q learning performance,number of trades
810.935795511798,1948,657.5436192615807,1588,887.6689907420765,726
