original performance,number of trades,q learning performance,number of trades
810.935795511798,1948,654.448342581997,1611,890.6258976098263,726
