original performance,number of trades,q learning performance,number of trades
810.935795511798,1948,659.3277607237438,1605,890.6258976098263,726
