original performance,number of trades,q learning performance,number of trades
810.935795511798,1948,661.6447441794655,1595,892.2694931976066,726
