original performance,number of trades,q learning performance,number of trades
810.935795511798,1948,631.986064254339,1592,893.9476723894271,726
