original performance,number of trades,q learning performance,number of trades
810.935795511798,1948,636.3608279066021,1617,886.7595487967667,726
