original performance,number of trades,q learning performance,number of trades,q learning training performance,number of trades
633.3098771691117,581,723.2247312743892,491,901.2162728743119,242
908.7061836354873,680,780.9897756845179,568,1249.024081471761,300
1547.9738105455458,551,1078.5263301354867,432,305.4589547696321,184
-1905.1756136838128,136,-1740.330847347484,102,-50000,0
