original performance,number of trades,q learning performance,number of trades
810.935795511798,1948,708.5046375106715,1590,890.7672554940889,726
