original performance,number of trades,q learning performance,number of trades
810.935795511798,1948,676.890018049956,1588,895.2752431548988,726
