original performance,number of trades,q learning performance,number of trades
-108.70824667562052,1506,124.05711706130285,1161,-1488.3642481423076,586
