original performance,number of trades,q learning performance,number of trades
-108.70824667562052,1506,121.3250516736667,1269,-1492.4366782549705,586
