original performance,number of trades,q learning performance,number of trades
-108.70824667562052,1506,-82.79012803479407,1244,-1487.4118660448355,586
