original performance,number of trades,q learning performance,number of trades,q learning training performance,number of trades
743.2025753518809,552,799.7244775607157,451,1870.3287186581865,234
848.3742992604962,524,930.0443010372212,454,911.3378863831745,259
1280.0825700239702,440,1076.1979048240244,402,-606.6155422044837,161
258.74048060587006,146,415.8688041622899,119,-50000,0
