original performance,number of trades,q learning performance,number of trades
875.9376626869688,1662,872.9453674061916,1439,885.9969778265064,654
