original performance,number of trades,q learning performance,number of trades,q learning training performance,number of trades
743.2025753518809,552,526.587041361681,321,1870.3287186581865,234
848.3742992604962,524,1594.4492526089189,137,911.3378863831745,259
1280.0825700239702,440,1358.28948014266,286,-585.4124797560413,161
258.74048060587006,146,986.4512382641174,57,-50000,0
