original performance,number of trades,q learning performance,number of trades
875.9376626869688,1662,988.3274371307297,798,885.9969778265064,654
