original performance,number of trades,q learning performance,number of trades
875.9376626869688,1662,875.0974798435118,1435,877.9699250667467,654
