original performance,number of trades,q learning performance,number of trades
875.9376626869688,1662,883.5042598911099,1430,885.9969778265064,654
