original performance,number of trades,q learning performance,number of trades
875.9376626869688,1662,1105.2098559279668,1050,885.9969778265064,654
