original performance,number of trades,q learning performance,number of trades
875.9376626869688,1662,899.0724269872294,1426,885.9969778265064,654
