original performance,number of trades,q learning performance,number of trades,q learning training performance,number of trades
743.2025753518809,552,794.3886672973633,460,1870.3287186581865,234
848.3742992604962,524,923.7287760594742,457,911.3378863831745,259
1280.0825700239702,440,1040.8080014038087,400,-585.4124797560413,161
258.74048060587006,146,354.066954495614,114,-50000,0
