original performance,number of trades,q learning performance,number of trades
875.9376626869688,1662,1042.3495570859639,813,885.9969778265064,654
