original performance,number of trades,q learning performance,number of trades
875.9376626869688,1662,878.9306573490563,1441,885.9969778265064,654
