original performance,number of trades,q learning performance,number of trades
875.9376626869688,1662,892.6226651286148,1434,866.8096468397601,654
