original performance,number of trades,q learning performance,number of trades,q learning training performance,number of trades
743.2025753518809,552,771.3211926546963,396,1870.3287186581865,234
848.3742992604962,524,1808.2697915090641,284,911.3378863831745,259
1280.0825700239702,440,1199.0961108310617,278,-585.4124797560413,161
258.74048060587006,146,598.2225355512641,89,-50000,0
