original performance,number of trades,q learning performance,number of trades
875.9376626869688,1662,1025.1355264446693,835,885.9969778265064,654
