original performance,number of trades,q learning performance,number of trades
875.9376626869688,1662,1103.0493133685557,1085,872.0293609899119,654
