original performance,number of trades,q learning performance,number of trades
875.9376626869688,1662,885.4217579238594,1436,872.0293609899119,654
