original performance,number of trades,q learning performance,number of trades
875.9376626869688,1662,897.8730166775364,1430,885.9969778265064,654
