original performance,number of trades,q learning performance,number of trades
875.9376626869688,1662,877.9234741338006,1441,885.9969778265064,654
