original performance,number of trades,q learning performance,number of trades
875.9376626869688,1662,843.4577797688229,1420,880.7772636763547,654
