original performance,number of trades,q learning performance,number of trades
875.9376626869688,1662,1134.7462916118518,1063,885.9969778265064,654
