original performance,number of trades,q learning performance,number of trades
875.9376626869688,1662,883.0590241626113,1436,880.7772636763547,654
