original performance,number of trades,q learning performance,number of trades
875.9376626869688,1662,1132.0237957347524,1056,885.9969778265064,654
