original performance,number of trades,q learning performance,number of trades
875.9376626869688,1662,898.5347830538806,1433,885.9969778265064,654
