original performance,number of trades,q learning performance,number of trades
875.9376626869688,1662,1161.245438707792,1040,872.0293609899119,654
