original performance,number of trades,q learning performance,number of trades
875.9376626869688,1662,891.7830541711663,1436,880.7772636763547,654
