original performance,number of trades,q learning performance,number of trades
875.9376626869688,1662,1151.463550673287,1047,885.9969778265064,654
