original performance,number of trades,q learning performance,number of trades
875.9376626869688,1662,1027.2009412765503,800,885.9969778265064,654
