original performance,number of trades,q learning performance,number of trades
875.9376626869688,1662,888.9519460141493,1436,877.9699250667467,654
