original performance,number of trades,q learning performance,number of trades
875.9376626869688,1662,883.8445288616678,1426,885.9969778265064,654
