original performance,number of trades,q learning performance,number of trades
875.9376626869688,1662,882.1896935652358,1435,872.0293609899119,654
