original performance,number of trades,q learning performance,number of trades
875.9376626869688,1662,879.930769933706,1428,872.0293609899119,654
