original performance,number of trades,q learning performance,number of trades
875.9376626869688,1662,872.1581834929425,1441,885.9969778265064,654
