original performance,number of trades,q learning performance,number of trades
875.9376626869688,1662,1127.4848843755533,1059,872.0293609899119,654
