original performance,number of trades,q learning performance,number of trades,q learning training performance,number of trades
743.2025753518809,552,787.847086011749,388,1870.3287186581865,234
848.3742992604962,524,1718.6920450288956,292,911.3378863831745,259
1280.0825700239702,440,1174.4428324884746,283,-585.4124797560413,161
258.74048060587006,146,596.850109469506,93,-50000,0
