original performance,number of trades,q learning performance,number of trades
875.9376626869688,1662,923.4812657909462,1405,885.9969778265064,654
