original performance,number of trades,q learning performance,number of trades,q learning training performance,number of trades
743.2025753518809,552,794.1205309072436,458,1870.3287186581865,234
848.3742992604962,524,956.6626288430732,456,876.06830564521,259
1280.0825700239702,440,1047.5564566130686,404,-585.4124797560413,161
258.74048060587006,146,418.466534269958,119,-50000,0
