original performance,number of trades,q learning performance,number of trades
875.9376626869688,1662,889.0644976964453,1431,880.7772636763547,654
