original performance,number of trades,q learning performance,number of trades
875.9376626869688,1662,886.741370075505,1435,885.9969778265064,654
