original performance,number of trades,q learning performance,number of trades
875.9376626869688,1662,887.1218776194611,1426,880.7772636763547,654
