original performance,number of trades,q learning performance,number of trades
875.9376626869688,1662,1047.8287915023918,806,885.9969778265064,654
