original performance,number of trades,q learning performance,number of trades
875.9376626869688,1662,883.5809728225462,1427,872.0293609899119,654
