original performance,number of trades,q learning performance,number of trades
875.9376626869688,1662,888.6779882131968,1435,885.9969778265064,654
