original performance,number of trades,q learning performance,number of trades
875.9376626869688,1662,900.3674438390049,1411,880.7772636763547,654
