original performance,number of trades,q learning performance,number of trades
875.9376626869688,1662,870.1830061057289,1434,880.7772636763547,654
