original performance,number of trades,q learning performance,number of trades
875.9376626869688,1662,878.8276650992428,1428,872.0293609899119,654
