original performance,number of trades,q learning performance,number of trades
875.9376626869688,1662,874.974914401915,1435,880.0564137496715,654
