original performance,number of trades,q learning performance,number of trades
875.9376626869688,1662,894.9034951486896,1395,880.7772636763547,654
