original performance,number of trades,q learning performance,number of trades,q learning training performance,number of trades
743.2025753518809,552,551.8741999419879,319,1870.3287186581865,234
848.3742992604962,524,1839.3124668801477,129,911.3378863831745,259
1280.0825700239702,440,1255.5648542131696,287,-585.4124797560413,161
258.74048060587006,146,739.9147977388822,65,-50000,0
