original performance,number of trades,q learning performance,number of trades
875.9376626869688,1662,886.0202247341808,1428,885.9969778265064,654
