original performance,number of trades,q learning performance,number of trades
875.9376626869688,1662,891.796848398206,1434,885.9969778265064,654
