original performance,number of trades,q learning performance,number of trades
875.9376626869688,1662,1117.1486258304915,1063,872.0293609899119,654
