original performance,number of trades,q learning performance,number of trades,q learning training performance,number of trades
743.2025753518809,552,791.7964579011903,403,1870.3287186581865,234
848.3742992604962,524,1674.7275497386165,303,876.06830564521,259
1280.0825700239702,440,1134.9889454943068,282,-585.4124797560413,161
258.74048060587006,146,517.579404850596,97,-50000,0
