original performance,number of trades,q learning performance,number of trades,q learning training performance,number of trades
743.2025753518809,552,798.3054842363324,456,1870.3287186581865,234
848.3742992604962,524,895.2463436461331,456,876.06830564521,259
1280.0825700239702,440,1092.9007357202395,396,-585.4124797560413,161
258.74048060587006,146,415.8688041622899,119,-50000,0
