original performance,number of trades,q learning performance,number of trades
875.9376626869688,1662,1052.4500457349748,811,885.9969778265064,654
