original performance,number of trades,q learning performance,number of trades
875.9376626869688,1662,1137.5136715000203,1058,885.9969778265064,654
