original performance,number of trades,q learning performance,number of trades
875.9376626869688,1662,1022.0735983883719,814,877.9699250667467,654
