original performance,number of trades,q learning performance,number of trades
875.9376626869688,1662,870.2456058285272,1442,877.9699250667467,654
