original performance,number of trades,q learning performance,number of trades,q learning training performance,number of trades
743.2025753518809,552,798.3054842363324,456,1870.3287186581865,234
848.3742992604962,524,917.8758230376662,456,896.3373886756455,259
1280.0825700239702,440,1047.5564566130686,404,-585.4124797560413,161
258.74048060587006,146,418.466534269958,119,-50000,0
