original performance,number of trades,q learning performance,number of trades
875.9376626869688,1662,1069.4929729320386,810,885.9969778265064,654
