original performance,number of trades,q learning performance,number of trades,q learning training performance,number of trades
743.2025753518809,552,800.0872506990075,453,1870.3287186581865,234
848.3742992604962,524,950.1650530441217,454,911.3378863831745,259
1280.0825700239702,440,1069.3577683482004,402,-606.6155422044837,161
258.74048060587006,146,415.8688041622899,119,-50000,0
