original performance,number of trades,q learning performance,number of trades
875.9376626869688,1662,869.9344937114729,1441,885.9969778265064,654
