original performance,number of trades,q learning performance,number of trades
875.9376626869688,1662,859.0897006146458,1427,885.9969778265064,654
