original performance,number of trades,q learning performance,number of trades
875.9376626869688,1662,871.6833844958765,1411,885.9969778265064,654
