original performance,number of trades,q learning performance,number of trades
875.9376626869688,1662,1023.8288896972058,816,885.9969778265064,654
