original performance,number of trades,q learning performance,number of trades
875.9376626869688,1662,888.6685443790572,1437,885.9969778265064,654
