original performance,number of trades,q learning performance,number of trades
875.9376626869688,1662,881.4688848919338,1440,885.9969778265064,654
