original performance,number of trades,q learning performance,number of trades
875.9376626869688,1662,844.5549160465968,1411,885.9969778265064,654
