original performance,number of trades,q learning performance,number of trades
875.9376626869688,1662,1093.8788592484746,822,885.9969778265064,654
