original performance,number of trades,q learning performance,number of trades
875.9376626869688,1662,884.5526041398039,1439,885.9969778265064,654
