original performance,number of trades,q learning performance,number of trades
875.9376626869688,1662,925.0244238446093,1407,885.9969778265064,654
