original performance,number of trades,q learning performance,number of trades,q learning training performance,number of trades
743.2025753518809,552,794.1205309072436,458,1870.3287186581865,234
848.3742992604962,524,960.2065194831865,447,911.3378863831745,259
1280.0825700239702,440,1191.9614825248718,384,-585.4124797560413,161
258.74048060587006,146,431.1579465704449,118,-50000,0
