original performance,number of trades,q learning performance,number of trades
875.9376626869688,1662,1122.4163799951034,1061,885.9969778265064,654
