original performance,number of trades,q learning performance,number of trades
875.9376626869688,1662,935.8411280187962,1411,885.9969778265064,654
