original performance,number of trades,q learning performance,number of trades
875.9376626869688,1662,870.2180585308834,1433,885.9969778265064,654
