original performance,number of trades,q learning performance,number of trades
875.9376626869688,1662,874.7504347567848,1414,880.7772636763547,654
