original performance,number of trades,q learning performance,number of trades,q learning training performance,number of trades
743.2025753518809,552,799.7244775607157,451,1870.3287186581865,234
848.3742992604962,524,986.4596983506945,450,911.3378863831745,259
1280.0825700239702,440,1064.827293922834,391,-606.6155422044837,161
258.74048060587006,146,415.8688041622899,119,-50000,0
