original performance,number of trades,q learning performance,number of trades
875.9376626869688,1662,1038.9169785098338,801,885.9969778265064,654
