original performance,number of trades,q learning performance,number of trades,q learning training performance,number of trades
743.2025753518809,552,791.7964579011903,403,1870.3287186581865,234
848.3742992604962,524,1577.0172049503199,298,876.06830564521,259
1280.0825700239702,440,1238.678016912287,275,-585.4124797560413,161
258.74048060587006,146,774.999256547675,83,-50000,0
