original performance,number of trades,q learning performance,number of trades
-59.92019241323687,1637,-89.6650960646793,1468,37.737076508520616,673
