original performance,number of trades,q learning performance,number of trades
-59.92019241323687,1637,-89.12913023946722,1469,37.737076508520616,673
