original performance,number of trades,q learning performance,number of trades
-59.92019241323687,1637,-89.08386076738267,1469,37.737076508520616,673
