original performance,number of trades,q learning performance,number of trades
-59.92019241323687,1637,-89.61026634595441,1469,37.63826394612509,673
