original performance,number of trades,q learning performance,number of trades
-59.92019241323687,1637,-94.4673172155466,1445,37.737076508520616,673
