original performance,number of trades,q learning performance,number of trades
-59.92019241323687,1637,-83.78903216964628,1467,37.737076508520616,673
