original performance,number of trades,q learning performance,number of trades
737.1249886324573,1794,786.1527629536429,1570,468.65763123872944,743
