original performance,number of trades,q learning performance,number of trades
737.1249886324573,1794,792.0430922538611,1570,468.65763123872944,743
