original performance,number of trades,q learning performance,number of trades
920.2105992423028,1559,838.6414242615274,1388,562.3062189980159,630
