original performance,number of trades,q learning performance,number of trades
920.2105992423028,1559,833.8101365782375,1390,562.3062189980159,630
