original performance,number of trades,q learning performance,number of trades
920.2105992423028,1559,828.1989042280733,1391,562.3062189980159,630
