original performance,number of trades,q learning performance,number of trades
1204.2041569295193,743,1166.047153749479,731,1339.415475040252,706
