original performance,number of trades,q learning performance,number of trades
1204.2041569295193,743,1192.1705169677734,730,1339.415475040252,706
