original performance,number of trades,q learning performance,number of trades
1204.2041569295193,743,1209.5808576086292,736,1339.415475040252,706
