original performance,number of trades,q learning performance,number of trades
1204.2041569295193,743,1161.6441243769048,728,1339.415475040252,706
