original performance,number of trades,q learning performance,number of trades
1204.2041569295193,743,1176.2947689968607,736,1339.415475040252,706
