original performance,number of trades,q learning performance,number of trades
1204.2041569295193,743,1208.4384122887436,735,1339.415475040252,706
