original performance,number of trades,q learning performance,number of trades
1204.2041569295193,743,1166.0413380954747,727,1339.415475040252,706
