original performance,number of trades,q learning performance,number of trades
1204.2041569295193,743,1175.6171724714534,729,1339.415475040252,706
