original performance,number of trades,q learning performance,number of trades
1204.2041569295193,743,1181.2018868404887,736,1339.415475040252,706
