original performance,number of trades,q learning performance,number of trades
1204.2041569295193,743,1215.2193952405776,740,1339.415475040252,706
