original performance,number of trades,q learning performance,number of trades
1204.2041569295193,743,1190.1620862493658,739,1339.415475040252,706
