original performance,number of trades,q learning performance,number of trades
1204.2041569295193,743,1164.4994693932806,734,1339.415475040252,706
