original performance,number of trades,q learning performance,number of trades
-306.02783732586596,1245,-247.51275592672414,1015,-80.70337324382878,952
