original performance,number of trades,q learning performance,number of trades
-306.02783732586596,1245,-245.80996719134853,1015,-80.70337324382878,952
