original performance,number of trades,q learning performance,number of trades
-306.02783732586596,1245,-245.78146958210058,1014,-80.70337324382878,952
