original performance,number of trades,q learning performance,number of trades
527.2818497973593,1839,591.8569726907243,1558,109.97676979727437,714
