original performance,number of trades,q learning performance,number of trades
527.2818497973593,1839,589.51087348519,1566,112.08532813149674,714
