original performance,number of trades,q learning performance,number of trades
527.2818497973593,1839,581.2728693952956,1565,107.65522731919917,714
