original performance,number of trades,q learning performance,number of trades
527.2818497973593,1839,579.0990753662892,1560,109.97676979727437,714
