original performance,number of trades,q learning performance,number of trades
527.2818497973593,1839,585.0630401221327,1565,107.94139633392419,714
