original performance,number of trades,q learning performance,number of trades
527.2818497973593,1839,587.4875577493979,1565,112.08532813149674,714
