original performance,number of trades,q learning performance,number of trades
875.9376626869688,1662,866.6850935227378,1432,872.0293609899119,654
