original performance,number of trades,q learning performance,number of trades
875.9376626869688,1662,871.4861307297232,1433,872.0293609899119,654
