original performance,number of trades,q learning performance,number of trades
527.2818497973593,1839,592.4079934094535,1562,109.8674465147387,714
