original performance,number of trades,q learning performance,number of trades
527.2818497973593,1839,576.0743192468676,1561,109.8674465147387,714
