original performance,number of trades,q learning performance,number of trades
527.2818497973593,1839,586.7920531544496,1566,109.97676979727437,714
