original performance,number of trades,q learning performance,number of trades
527.2818497973593,1839,586.6200120031909,1566,109.8674465147387,714
