original performance,number of trades,q learning performance,number of trades
527.2818497973593,1839,587.9390043105343,1555,109.8674465147387,714
