original performance,number of trades,q learning performance,number of trades
527.2818497973593,1839,588.684549931675,1564,107.83207305138852,714
