original performance,number of trades,q learning performance,number of trades
527.2818497973593,1839,594.9737684927937,1564,109.97676979727437,714
