original performance,number of trades,q learning performance,number of trades
527.2818497973593,1839,593.813653886204,1565,109.97676979727437,714
