original performance,number of trades,q learning performance,number of trades
527.2818497973593,1839,584.0845650572365,1565,109.8674465147387,714
