original performance,number of trades,q learning performance,number of trades
527.2818497973593,1839,575.4228145919087,1563,109.97676979727437,714
