original performance,number of trades,q learning performance,number of trades
527.2818497973593,1839,587.7592767482374,1563,109.97676979727437,714
