original performance,number of trades,q learning performance,number of trades
527.2818497973593,1839,585.3360808445857,1560,109.8674465147387,714
