original performance,number of trades,q learning performance,number of trades
527.2818497973593,1839,590.2402026191687,1565,109.8674465147387,714
