original performance,number of trades,q learning performance,number of trades
527.2818497973593,1839,584.0748708310759,1561,109.69060078254935,714
