original performance,number of trades,q learning performance,number of trades
527.2818497973593,1839,592.22863360744,1564,109.97676979727437,714
