original performance,number of trades,q learning performance,number of trades
527.2818497973593,1839,586.5369083863085,1564,107.65522731919917,714
