original performance,number of trades,q learning performance,number of trades
527.2818497973593,1839,583.6108423120835,1564,109.8674465147387,714
