original performance,number of trades,q learning performance,number of trades
527.2818497973593,1839,595.9383355408106,1562,109.97676979727437,714
