original performance,number of trades,q learning performance,number of trades
527.2818497973593,1839,585.6147605221952,1562,112.37149714622177,714
