original performance,number of trades,q learning performance,number of trades
527.2818497973593,1839,588.1184237739149,1565,109.97676979727437,714
