original performance,number of trades,q learning performance,number of trades
527.2818497973593,1839,599.5737722080385,1561,109.97676979727437,714
