original performance,number of trades,q learning performance,number of trades
527.2818497973593,1839,592.7925256211156,1565,112.37149714622177,714
