original performance,number of trades,q learning performance,number of trades
527.2818497973593,1839,594.7946744349096,1540,109.8674465147387,714
