original performance,number of trades,q learning performance,number of trades
527.2818497973593,1839,579.8043730460164,1564,110.04995466814655,714
