original performance,number of trades,q learning performance,number of trades
527.2818497973593,1839,591.2412601383141,1564,112.37149714622177,714
