original performance,number of trades,q learning performance,number of trades
527.2818497973593,1839,590.1413366578396,1566,109.97676979727437,714
