original performance,number of trades,q learning performance,number of trades
399.5766242257681,1308,341.2980554088748,1105,760.201908562773,1023
