original performance,number of trades,q learning performance,number of trades
399.5766242257681,1308,334.64439236049736,1105,760.201908562773,1023
