original performance,number of trades,q learning performance,number of trades
399.5766242257681,1308,346.82129533740056,1104,760.201908562773,1023
