original performance,number of trades,q learning performance,number of trades
412.6022107444022,1411,401.6330937735211,1121,120.71080685357978,548
