original performance,number of trades,q learning performance,number of trades
412.6022107444022,1411,472.5088984678387,853,120.71080685357978,548
