original performance,number of trades,q learning performance,number of trades
412.6022107444022,1411,427.7727979408349,1258,120.71080685357978,548
