original performance,number of trades,q learning performance,number of trades
412.6022107444022,1411,394.87024953271526,1093,120.71080685357978,548
