original performance,number of trades,q learning performance,number of trades
412.6022107444022,1411,431.8006114421593,1276,120.71080685357978,548
