original performance,number of trades,q learning performance,number of trades,q learning training performance,number of trades
-144.62152081866597,344,-220.40887284206403,329,-239.39644511034535,157
1233.3175518224057,446,1395.8621273317199,414,1007.0053603713577,222
-146.10962175455032,467,-361.8599292485401,396,-708.9966033393815,169
974.708362133472,154,1245.8301962575604,124,-50000,0
