original performance,number of trades,q learning performance,number of trades
412.6022107444022,1411,432.1844617683811,1277,120.71080685357978,548
