original performance,number of trades,q learning performance,number of trades
412.6022107444022,1411,435.1923565717321,1263,120.71080685357978,548
