original performance,number of trades,q learning performance,number of trades
412.6022107444022,1411,412.5930179622959,1271,120.71080685357978,548
