original performance,number of trades,q learning performance,number of trades
412.6022107444022,1411,408.9935185303314,1263,120.71080685357978,548
