original performance,number of trades,q learning performance,number of trades
412.6022107444022,1411,409.7329801445128,1268,120.71080685357978,548
