original performance,number of trades,q learning performance,number of trades
412.6022107444022,1411,428.6694288911224,1233,120.71080685357978,548
