original performance,number of trades,q learning performance,number of trades
412.6022107444022,1411,420.6075319027183,1262,120.71080685357978,548
