original performance,number of trades,q learning performance,number of trades
412.6022107444022,1411,406.5575424702962,1200,120.71080685357978,548
