original performance,number of trades,q learning performance,number of trades,q learning training performance,number of trades
7.00175556,465075,108.7249064,1778,-97.63610065,1835
1.468567006,444386,-14.21479004,1663,-63.97098293,1896
1.221362382,467456,-48.54792106,1894,1.424060475,1936
-4.303174538,509469,-18.08345218,1815,-63.77761464,1887
-6.475400835,465553,60.3267142,1702,-14.11129401,1894
-5.650036904,467041,-34.769126,1845,-3.033052234,2158
-8.325324837,446233,-45.27600703,1730,-285.1674341,179
