original performance,number of trades,q learning performance,number of trades
1204.2041569295193,743,1189.8357856903353,549,837.2928364129714,324
