original performance,number of trades,q learning performance,number of trades
1204.2041569295193,743,1201.6808966125227,703,837.2928364129714,324
