original performance,number of trades,q learning performance,number of trades
-59.92019241323687,1637,-80.89204669892585,1467,37.63826394612509,673
