original performance,number of trades,q learning performance,number of trades
-59.92019241323687,1637,-78.27936340581834,1466,37.63826394612509,673
