original performance,number of trades,q learning performance,number of trades
-59.92019241323687,1637,-91.66605314354737,1469,37.737076508520616,673
