original performance,number of trades,q learning performance,number of trades
-59.92019241323687,1637,-86.11600658614239,1468,37.63826394612509,673
