original performance,number of trades,q learning performance,number of trades
-59.92019241323687,1637,-93.70021898598596,1467,37.737076508520616,673
