original performance,number of trades,q learning performance,number of trades
-59.92019241323687,1637,-73.48286015758775,1460,37.63826394612509,673
