original performance,number of trades,q learning performance,number of trades
-59.92019241323687,1637,-92.6948249255604,1468,37.63826394612509,673
