original performance,number of trades,q learning performance,number of trades
-59.92019241323687,1637,-98.24821844231593,1460,37.63826394612509,673
