original performance,number of trades,q learning performance,number of trades
-59.92019241323687,1637,-80.9499109394305,1467,37.63826394612509,673
