original performance,number of trades,q learning performance,number of trades
-59.92019241323687,1637,-91.15128425613726,1469,37.63826394612509,673
