original performance,number of trades,q learning performance,number of trades
-59.92019241323687,1637,-97.84642858341387,1455,37.63826394612509,673
