original performance,number of trades,q learning performance,number of trades
-59.92019241323687,1637,-97.31495793398304,1455,37.63826394612509,673
