original performance,number of trades,q learning performance,number of trades
-59.92019241323687,1637,-91.2839849820254,1468,37.63826394612509,673
