original performance,number of trades,q learning performance,number of trades
-59.92019241323687,1637,-92.90104462065173,1467,37.63826394612509,673
