original performance,number of trades,q learning performance,number of trades
920.2105992423028,1559,812.8255859375,1350,611.1317580720515,602
