original performance,number of trades,q learning performance,number of trades
775.816792433679,1069,736.8663635575482,949,1013.207724869672,850
