original performance,number of trades,q learning performance,number of trades
775.816792433679,1069,727.7368011594068,958,1013.207724869672,850
