original performance,number of trades,q learning performance,number of trades
775.816792433679,1069,752.9230656496616,937,1013.207724869672,850
