original performance,number of trades,q learning performance,number of trades
775.816792433679,1069,724.1347182962796,951,1013.207724869672,850
