original performance,number of trades,q learning performance,number of trades
775.816792433679,1069,734.3257934417885,951,1013.207724869672,850
