original performance,number of trades,q learning performance,number of trades
775.816792433679,1069,717.3161341495136,959,1013.207724869672,850
