original performance,number of trades,q learning performance,number of trades
775.816792433679,1069,707.2001121106442,957,1013.207724869672,850
