original performance,number of trades,q learning performance,number of trades
775.816792433679,1069,710.2865462482724,956,1013.207724869672,850
