original performance,number of trades,q learning performance,number of trades
775.816792433679,1069,657.1839573940775,911,1013.207724869672,850
