original performance,number of trades,q learning performance,number of trades
775.816792433679,1069,713.2566435797876,952,1013.207724869672,850
