original performance,number of trades,q learning performance,number of trades,q learning training performance,number of trades
963.2028930367775,515,672.7943687610027,446,804.1623113383417,460
1145.6486915406726,420,1238.7525354027748,384,1259.7741100604717,390
-1103.5357406673147,134,-579.1493651185717,112,-50000,0
