original performance,number of trades,q learning performance,number of trades
775.816792433679,1069,731.7733226245972,957,1013.207724869672,850
