original performance,number of trades,q learning performance,number of trades
775.816792433679,1069,736.7835212436507,929,1013.207724869672,850
