original performance,number of trades,q learning performance,number of trades
775.816792433679,1069,715.9066212079912,955,1013.207724869672,850
