original performance,number of trades,q learning performance,number of trades
775.816792433679,1069,745.2952392283154,957,1013.207724869672,850
