original performance,number of trades,q learning performance,number of trades
775.816792433679,1069,742.3270785801058,953,1013.207724869672,850
