original performance,number of trades,q learning performance,number of trades,q learning training performance,number of trades
963.2028930367775,515,677.0220382213593,448,804.1623113383417,460
1145.6486915406726,420,1237.4165267261399,391,1259.7741100604717,390
-1103.5357406673147,134,-835.0637350864098,122,-50000,0
