original performance,number of trades,q learning performance,number of trades
775.816792433679,1069,743.9148704232599,953,1013.207724869672,850
