original performance,number of trades,q learning performance,number of trades
775.816792433679,1069,738.4296580068494,957,1013.207724869672,850
