original performance,number of trades,q learning performance,number of trades
775.816792433679,1069,729.9402922742507,952,1013.207724869672,850
