original performance,number of trades,q learning performance,number of trades
775.816792433679,1069,717.8364370663961,936,1013.207724869672,850
