original performance,number of trades,q learning performance,number of trades
775.816792433679,1069,713.0675956217978,961,1013.207724869672,850
