original performance,number of trades,q learning performance,number of trades
775.816792433679,1069,743.4692696630641,949,1013.207724869672,850
