original performance,number of trades,q learning performance,number of trades
775.816792433679,1069,721.0134492820446,959,1013.207724869672,850
