original performance,number of trades,q learning performance,number of trades
775.816792433679,1069,752.0963016718375,952,1013.207724869672,850
