original performance,number of trades,q learning performance,number of trades
775.816792433679,1069,719.5349619470622,959,1013.207724869672,850
