original performance,number of trades,q learning performance,number of trades
775.816792433679,1069,761.2246508113409,944,1013.207724869672,850
