original performance,number of trades,q learning performance,number of trades
775.816792433679,1069,729.9310541780637,942,1013.207724869672,850
