original performance,number of trades,q learning performance,number of trades
775.816792433679,1069,733.7292085185804,950,1013.207724869672,850
