original performance,number of trades,q learning performance,number of trades,q learning training performance,number of trades
963.2028930367775,515,677.0220382213593,448,804.1623113383417,460
1145.6486915406726,420,1258.8746460254376,390,1259.7741100604717,390
-1103.5357406673147,134,-809.1260796864827,120,-50000,0
