original performance,number of trades,q learning performance,number of trades
775.816792433679,1069,639.7525919008621,913,1013.207724869672,850
