original performance,number of trades,q learning performance,number of trades
775.816792433679,1069,740.8287032415187,951,1013.207724869672,850
