original performance,number of trades,q learning performance,number of trades,q learning training performance,number of trades
963.2028930367775,515,679.8845678765678,446,804.1623113383417,460
1145.6486915406726,420,1251.2835337455165,379,1259.7741100604717,390
-1103.5357406673147,134,-768.1190045022557,117,-50000,0
