original performance,number of trades,q learning performance,number of trades
775.816792433679,1069,738.3309195405346,944,1013.207724869672,850
