original performance,number of trades,q learning performance,number of trades
775.816792433679,1069,704.665999786059,960,1013.207724869672,850
