original performance,number of trades,q learning performance,number of trades,q learning training performance,number of trades
963.2028930367775,515,669.0289366756167,448,804.1623113383417,460
1145.6486915406726,420,1237.5796365368274,387,1259.7741100604717,390
-1103.5357406673147,134,-709.7872598067573,115,-50000,0
