original performance,number of trades,q learning performance,number of trades
775.816792433679,1069,635.6312462412294,914,1013.207724869672,850
