original performance,number of trades,q learning performance,number of trades
775.816792433679,1069,778.7343387462175,943,1013.207724869672,850
