original performance,number of trades,q learning performance,number of trades,q learning training performance,number of trades
963.2028930367775,515,669.0289366756167,448,804.1623113383417,460
1145.6486915406726,420,1249.2322424344368,382,1259.7741100604717,390
-1103.5357406673147,134,-701.2920367926882,114,-50000,0
