original performance,number of trades,q learning performance,number of trades
775.816792433679,1069,745.6054012576313,934,1013.207724869672,850
