original performance,number of trades,q learning performance,number of trades
775.816792433679,1069,739.5285117351284,954,1013.207724869672,850
