original performance,number of trades,q learning performance,number of trades
-831.3447903324811,1194,-1211.3511835408008,468,-730.3403489091388,933
