original performance,number of trades,q learning performance,number of trades
-831.3447903324811,1194,-722.3486894137396,998,-730.3403489091388,933
