original performance,number of trades,q learning performance,number of trades
-831.3447903324811,1194,-1239.9573561565503,621,-730.3403489091388,933
