original performance,number of trades,q learning performance,number of trades
-831.3447903324811,1194,-810.974830595915,968,-730.3403489091388,933
