original performance,number of trades,q learning performance,number of trades
-831.3447903324811,1194,-1196.7413199058565,474,-730.3403489091388,933
