original performance,number of trades,q learning performance,number of trades
-831.3447903324811,1194,-732.3199268306067,981,-730.3403489091388,933
