original performance,number of trades,q learning performance,number of trades
-831.3447903324811,1194,-801.7451407894523,962,-730.3403489091388,933
