original performance,number of trades,q learning performance,number of trades
-831.3447903324811,1194,-808.8338225351033,978,-730.3403489091388,933
