original performance,number of trades,q learning performance,number of trades
-831.3447903324811,1194,-1156.9409250688634,591,-730.3403489091388,933
