original performance,number of trades,q learning performance,number of trades
-831.3447903324811,1194,-1137.5541488350211,616,-730.3403489091388,933
