original performance,number of trades,q learning performance,number of trades
-831.3447903324811,1194,-742.45611863204,986,-730.3403489091388,933
