original performance,number of trades,q learning performance,number of trades
-831.3447903324811,1194,-802.7969815217996,948,-730.3403489091388,933
