original performance,number of trades,q learning performance,number of trades
-831.3447903324811,1194,-1229.501982277971,492,-730.3403489091388,933
