original performance,number of trades,q learning performance,number of trades
-831.3447903324811,1194,-1200.4331420444885,471,-730.3403489091388,933
