original performance,number of trades,q learning performance,number of trades
-831.3447903324811,1194,-778.1997061466825,966,-730.3403489091388,933
