original performance,number of trades,q learning performance,number of trades
-831.3447903324811,1194,-1156.6847304059313,616,-730.3403489091388,933
