original performance,number of trades,q learning performance,number of trades
-831.3447903324811,1194,-807.5495226238259,954,-730.3403489091388,933
