original performance,number of trades,q learning performance,number of trades
-831.3447903324811,1194,-769.9581640830108,982,-730.3403489091388,933
