original performance,number of trades,q learning performance,number of trades
-831.3447903324811,1194,-1146.6740299482437,622,-730.3403489091388,933
