original performance,number of trades,q learning performance,number of trades,q learning training performance,number of trades
-344.0924097450034,515,-696.7034561395114,449,-563.6101549778849,463
-1165.7632280014852,524,-810.0895231010205,427,-894.5873271860975,470
-1319.7300462292087,155,-1092.1191817692347,112,-50000,0
