original performance,number of trades,q learning performance,number of trades
-831.3447903324811,1194,-790.5318082276626,988,-730.3403489091388,933
