original performance,number of trades,q learning performance,number of trades
-831.3447903324811,1194,-751.6148126931429,979,-730.3403489091388,933
