original performance,number of trades,q learning performance,number of trades
-831.3447903324811,1194,-770.7830572108713,974,-730.3403489091388,933
