original performance,number of trades,q learning performance,number of trades
-831.3447903324811,1194,-796.34595605242,969,-730.3403489091388,933
