original performance,number of trades,q learning performance,number of trades
-831.3447903324811,1194,-804.2972403965208,993,-730.3403489091388,933
