original performance,number of trades,q learning performance,number of trades
-831.3447903324811,1194,-781.3502033528306,958,-730.3403489091388,933
