original performance,number of trades,q learning performance,number of trades
-831.3447903324811,1194,-786.128361793572,989,-730.3403489091388,933
