original performance,number of trades,q learning performance,number of trades,q learning training performance,number of trades
-344.0924097450034,515,-589.2666311686017,452,-563.6101549778849,463
-1165.7632280014852,524,-861.7504961919126,434,-894.5873271860975,470
-1319.7300462292087,155,-1113.0058645520892,112,-50000,0
