original performance,number of trades,q learning performance,number of trades
-831.3447903324811,1194,-1162.6740356003943,484,-730.3403489091388,933
