original performance,number of trades,q learning performance,number of trades
-831.3447903324811,1194,-1103.2446829695043,615,-730.3403489091388,933
