original performance,number of trades,q learning performance,number of trades
-831.3447903324811,1194,-780.3773788329094,992,-730.3403489091388,933
