original performance,number of trades,q learning performance,number of trades
-831.3447903324811,1194,-1188.1485050002254,498,-730.3403489091388,933
