original performance,number of trades,q learning performance,number of trades
-831.3447903324811,1194,-817.201729892956,982,-730.3403489091388,933
