original performance,number of trades,q learning performance,number of trades
-831.3447903324811,1194,-783.0381615550248,970,-730.3403489091388,933
