original performance,number of trades,q learning performance,number of trades
-831.3447903324811,1194,-729.0514667217548,975,-730.3403489091388,933
