original performance,number of trades,q learning performance,number of trades
-831.3447903324811,1194,-805.7066588201443,952,-730.3403489091388,933
