original performance,number of trades,q learning performance,number of trades
-831.3447903324811,1194,-1164.4279636570664,610,-730.3403489091388,933
