original performance,number of trades,q learning performance,number of trades
-831.3447903324811,1194,-839.9447996816073,967,-730.3403489091388,933
