original performance,number of trades,q learning performance,number of trades,q learning training performance,number of trades
-344.0924097450034,515,-629.095360867612,444,-563.6101549778849,463
-1165.7632280014852,524,-985.1172140239197,405,-894.5873271860975,470
-1319.7300462292087,155,-1112.729765725792,109,-50000,0
