original performance,number of trades,q learning performance,number of trades
-831.3447903324811,1194,-1220.1939180056254,480,-730.3403489091388,933
