original performance,number of trades,q learning performance,number of trades
-831.3447903324811,1194,-810.0458035405866,981,-730.3403489091388,933
