original performance,number of trades,q learning performance,number of trades
-831.3447903324811,1194,-787.5348014672597,960,-730.3403489091388,933
