original performance,number of trades,q learning performance,number of trades
-831.3447903324811,1194,-784.7143594672881,996,-730.3403489091388,933
