original performance,number of trades,q learning performance,number of trades
-831.3447903324811,1194,-728.6279304848342,976,-730.3403489091388,933
