original performance,number of trades,q learning performance,number of trades
-831.3447903324811,1194,-762.954650278409,991,-730.3403489091388,933
