original performance,number of trades,q learning performance,number of trades
-831.3447903324811,1194,-825.8093288646024,969,-730.3403489091388,933
