original performance,number of trades,q learning performance,number of trades
-831.3447903324811,1194,-759.0035377517793,994,-730.3403489091388,933
