original performance,number of trades,q learning performance,number of trades
-831.3447903324811,1194,-746.3460523284231,986,-730.3403489091388,933
