original performance,number of trades,q learning performance,number of trades
-831.3447903324811,1194,-745.5622920769835,953,-730.3403489091388,933
