original performance,number of trades,q learning performance,number of trades
-831.3447903324811,1194,-737.8747158011691,982,-730.3403489091388,933
