original performance,number of trades,q learning performance,number of trades
-831.3447903324811,1194,-1161.7615261386513,618,-730.3403489091388,933
