original performance,number of trades,q learning performance,number of trades
-831.3447903324811,1194,-1236.5330215618173,465,-730.3403489091388,933
