original performance,number of trades,q learning performance,number of trades
-831.3447903324811,1194,-1207.7027533901887,602,-730.3403489091388,933
