original performance,number of trades,q learning performance,number of trades
-831.3447903324811,1194,-769.7796669430631,989,-730.3403489091388,933
