original performance,number of trades,q learning performance,number of trades
-831.3447903324811,1194,-744.0664288910777,988,-730.3403489091388,933
