original performance,number of trades,q learning performance,number of trades
-831.3447903324811,1194,-772.7989387744339,986,-730.3403489091388,933
