original performance,number of trades,q learning performance,number of trades
-831.3447903324811,1194,-768.8474614670428,997,-730.3403489091388,933
