original performance,number of trades,q learning performance,number of trades
-831.3447903324811,1194,-752.7919161958664,959,-730.3403489091388,933
