original performance,number of trades,q learning performance,number of trades
-108.70824667562052,1506,0.5814945072322697,1155,-1477.7111236220555,564
