original performance,number of trades,q learning performance,number of trades
-108.70824667562052,1506,-158.18336663531738,1102,-1477.7111236220555,564
