original performance,number of trades,q learning performance,number of trades,q learning training performance,number of trades
67.62519632778499,517,126.12368369370364,445,-1176.3805933222525,213
70.23183629414524,461,641.9804037938719,341,-2205.6810100848857,195
176.7724844494988,425,724.6241059378972,252,-979.1808357605568,156
-2972.641052597935,103,-2769.0578973134357,75,-50000,0
