original performance,number of trades,q learning performance,number of trades,q learning training performance,number of trades
67.62519632778499,517,135.36655051809564,447,-1176.3805933222525,213
70.23183629414524,461,378.41037206809614,358,-2205.6810100848857,195
176.7724844494988,425,269.9618784176406,279,-979.1808357605568,156
-2972.641052597935,103,-2766.0715710365607,73,-50000,0
