original performance,number of trades,q learning performance,number of trades
-108.70824667562052,1506,173.26199742413442,872,-1477.7111236220555,564
