original performance,number of trades,q learning performance,number of trades
-108.70824667562052,1506,6.052090343220189,1211,-1477.7111236220555,564
