original performance,number of trades,q learning performance,number of trades
-108.70824667562052,1506,-38.18453106059171,1179,-1477.7111236220555,564
