original performance,number of trades,q learning performance,number of trades,q learning training performance,number of trades
67.62519632778499,517,91.49072630317123,432,-1176.3805933222525,213
70.23183629414524,461,568.7310553866644,323,-2205.6810100848857,195
176.7724844494988,425,225.50909955915048,271,-979.1808357605568,156
-2972.641052597935,103,-2742.855367685293,77,-50000,0
