original performance,number of trades,q learning performance,number of trades
-108.70824667562052,1506,20.394866851862947,1084,-1477.7111236220555,564
