original performance,number of trades,q learning performance,number of trades,q learning training performance,number of trades
67.62519632778499,517,77.5330323886651,433,-1176.3805933222525,213
70.23183629414524,461,312.6578357219696,312,-2205.6810100848857,195
176.7724844494988,425,102.13112417010754,263,-979.1808357605568,156
-2972.641052597935,103,-2658.383098907471,75,-50000,0
