original performance,number of trades,q learning performance,number of trades
-108.70824667562052,1506,9.573527255444684,1123,-1477.7111236220555,564
