original performance,number of trades,q learning performance,number of trades,q learning training performance,number of trades
67.62519632778499,517,208.42589881819518,394,-1176.3805933222525,213
70.23183629414524,461,388.03899582353216,189,-2205.6810100848857,195
176.7724844494988,425,-292.77250572730753,203,-979.1808357605568,156
-2972.641052597935,103,-2885.0520303514268,54,-50000,0
