original performance,number of trades,q learning performance,number of trades
-108.70824667562052,1506,132.949164476429,833,-1477.7111236220555,564
