original performance,number of trades,q learning performance,number of trades
-108.70824667562052,1506,-65.73446513395909,1097,-1477.7111236220555,564
