original performance,number of trades,q learning performance,number of trades,q learning training performance,number of trades
67.62519632778499,517,101.70561705553025,447,-1176.3805933222525,213
70.23183629414524,461,195.82060333515736,376,-2205.6810100848857,195
176.7724844494988,425,168.91094247141191,310,-979.1808357605568,156
-2972.641052597935,103,-2397.1404251150184,74,-50000,0
