original performance,number of trades,q learning performance,number of trades
-108.70824667562052,1506,53.526096729864136,1127,-1477.7111236220555,564
