original performance,number of trades,q learning performance,number of trades
-108.70824667562052,1506,26.117158258406626,1151,-1477.7111236220555,564
