original performance,number of trades,q learning performance,number of trades
-108.70824667562052,1506,20.873892172451676,1160,-1477.7111236220555,564
