original performance,number of trades,q learning performance,number of trades,q learning training performance,number of trades
67.62519632778499,517,72.42850001794952,448,-1176.3805933222525,213
70.23183629414524,461,240.57503257857428,360,-2205.6810100848857,195
176.7724844494988,425,-111.83925659636147,234,-979.1808357605568,156
-2972.641052597935,103,-2591.9538630132806,73,-50000,0
