original performance,number of trades,q learning performance,number of trades
-108.70824667562052,1506,-64.19988581409577,1089,-1477.7111236220555,564
