original performance,number of trades,q learning performance,number of trades
-108.70824667562052,1506,93.38394521729559,1170,-1477.7111236220555,564
