original performance,number of trades,q learning performance,number of trades,q learning training performance,number of trades
67.62519632778499,517,122.52854258839677,451,-1176.3805933222525,213
70.23183629414524,461,157.44871545367772,360,-2205.6810100848857,195
176.7724844494988,425,297.73001839319863,300,-979.1808357605568,156
-2972.641052597935,103,-2612.3910391860536,72,-50000,0
