original performance,number of trades,q learning performance,number of trades
-108.70824667562052,1506,80.40357349170556,1118,-1477.7111236220555,564
