original performance,number of trades,q learning performance,number of trades
-108.70824667562052,1506,73.64087893907414,860,-1477.7111236220555,564
