original performance,number of trades,q learning performance,number of trades
-108.70824667562052,1506,21.367576878451736,676,-1477.7111236220555,564
