original performance,number of trades,q learning performance,number of trades,q learning training performance,number of trades
67.62519632778499,517,135.32353938083347,443,-1176.3805933222525,213
70.23183629414524,461,649.0795794238783,365,-2205.6810100848857,195
176.7724844494988,425,26.878189664234146,261,-979.1808357605568,156
-2972.641052597935,103,-2894.374619083128,69,-50000,0
