original performance,number of trades,q learning performance,number of trades,q learning training performance,number of trades
67.62519632778499,517,128.56263486350454,451,-1176.3805933222525,213
70.23183629414524,461,625.0189759025361,358,-2205.6810100848857,195
176.7724844494988,425,344.12457350147514,273,-979.1808357605568,156
-2972.641052597935,103,-2687.3261362457274,75,-50000,0
