original performance,number of trades,q learning performance,number of trades
-108.70824667562052,1506,101.23705142873867,1171,-1477.7111236220555,564
