original performance,number of trades,q learning performance,number of trades
-108.70824667562052,1506,154.72307035472843,1144,-1477.7111236220555,564
