original performance,number of trades,q learning performance,number of trades
-108.70824667562052,1506,-72.70560156279014,1157,-1477.7111236220555,564
