original performance,number of trades,q learning performance,number of trades
-108.70824667562052,1506,40.92056111550667,1136,-1477.7111236220555,564
