original performance,number of trades,q learning performance,number of trades
-108.70824667562052,1506,-35.33819946105794,1124,-1477.7111236220555,564
