original performance,number of trades,q learning performance,number of trades,q learning training performance,number of trades
67.62519632778499,517,155.75127026451958,450,-1176.3805933222525,213
70.23183629414524,461,714.6112460934174,367,-2205.6810100848857,195
176.7724844494988,425,-47.23013987454501,275,-979.1808357605568,156
-2972.641052597935,103,-2830.503246790568,75,-50000,0
