original performance,number of trades,q learning performance,number of trades
-108.70824667562052,1506,35.88355184945579,674,-1477.7111236220555,564
