original performance,number of trades,q learning performance,number of trades
-108.70824667562052,1506,-98.82367229284736,1078,-1477.7111236220555,564
