original performance,number of trades,q learning performance,number of trades
-108.70824667562052,1506,92.68338669472553,1175,-1477.7111236220555,564
