original performance,number of trades,q learning performance,number of trades,q learning training performance,number of trades
67.62519632778499,517,158.68740375014556,348,-1176.3805933222525,213
70.23183629414524,461,-161.79691909461894,93,-2205.6810100848857,195
176.7724844494988,425,324.57097545583196,188,-979.1808357605568,156
-2972.641052597935,103,-2553.3796718120575,32,-50000,0
