original performance,number of trades,q learning performance,number of trades,q learning training performance,number of trades
67.62519632778499,517,297.87726238327247,349,-1176.3805933222525,213
70.23183629414524,461,-373.04715065334153,92,-2205.6810100848857,195
176.7724844494988,425,163.0334185086764,208,-979.1808357605568,156
-2972.641052597935,103,-2317.508705930012,41,-50000,0
