original performance,number of trades,q learning performance,number of trades,q learning training performance,number of trades
67.62519632778499,517,139.82255466000638,439,-1176.3805933222525,213
70.23183629414524,461,390.96817854960534,349,-2205.6810100848857,195
176.7724844494988,425,46.31420733678202,257,-979.1808357605568,156
-2972.641052597935,103,-2705.18006924579,76,-50000,0
