original performance,number of trades,q learning performance,number of trades
-108.70824667562052,1506,37.73330595116866,1140,-1477.7111236220555,564
