original performance,number of trades,q learning performance,number of trades
-108.70824667562052,1506,39.79636973162426,1204,-1477.7111236220555,564
