original performance,number of trades,q learning performance,number of trades,q learning training performance,number of trades
67.62519632778499,517,190.05497550964355,446,-1176.3805933222525,213
70.23183629414524,461,486.3217665584639,359,-2205.6810100848857,195
176.7724844494988,425,103.01768016187768,304,-979.1808357605568,156
-2972.641052597935,103,-2654.7410396667847,83,-50000,0
