original performance,number of trades,q learning performance,number of trades,q learning training performance,number of trades
67.62519632778499,517,299.2847871104563,381,-1176.3805933222525,213
70.23183629414524,461,195.08353581299653,148,-2205.6810100848857,195
176.7724844494988,425,235.36352754309473,249,-979.1808357605568,156
-2972.641052597935,103,-2670.0781484430486,55,-50000,0
