original performance,number of trades,q learning performance,number of trades,q learning training performance,number of trades
67.62519632778499,517,101.98682075913818,443,-1176.3805933222525,213
70.23183629414524,461,170.5116739452045,373,-2205.6810100848857,195
176.7724844494988,425,381.2311506573158,316,-979.1808357605568,156
-2972.641052597935,103,-2882.649365485469,79,-50000,0
