original performance,number of trades,q learning performance,number of trades,q learning training performance,number of trades
67.62519632778499,517,57.15593401874815,448,-1176.3805933222525,213
70.23183629414524,461,173.1636989746094,375,-2205.6810100848857,195
176.7724844494988,425,203.88525501943568,281,-979.1808357605568,156
-2972.641052597935,103,-3049.983053048452,72,-50000,0
