original performance,number of trades,q learning performance,number of trades,q learning training performance,number of trades
67.62519632778499,517,126.43785167005917,449,-1176.3805933222525,213
70.23183629414524,461,479.58027408171114,347,-2205.6810100848857,195
176.7724844494988,425,168.41693009575494,278,-979.1808357605568,156
-2972.641052597935,103,-2584.230087877756,83,-50000,0
