original performance,number of trades,q learning performance,number of trades
-108.70824667562052,1506,91.53403622236738,1138,-1477.7111236220555,564
