original performance,number of trades,q learning performance,number of trades,q learning training performance,number of trades
67.62519632778499,517,306.19240359182146,407,-1176.3805933222525,213
70.23183629414524,461,836.6662801785416,178,-2205.6810100848857,195
176.7724844494988,425,-151.94395607349483,215,-979.1808357605568,156
-2972.641052597935,103,-2853.854407639339,58,-50000,0
