original performance,number of trades,q learning performance,number of trades,q learning training performance,number of trades
67.62519632778499,517,58.7222804116987,442,-1176.3805933222525,213
70.23183629414524,461,271.3207742679886,342,-2205.6810100848857,195
176.7724844494988,425,40.86036629103032,241,-979.1808357605568,156
-2972.641052597935,103,-2787.569573190477,72,-50000,0
