original performance,number of trades,q learning performance,number of trades
-108.70824667562052,1506,-60.012090052246414,1134,-1477.7111236220555,564
