original performance,number of trades,q learning performance,number of trades
-108.70824667562052,1506,-17.296303957317946,1090,-1477.7111236220555,564
