original performance,number of trades,q learning performance,number of trades,q learning training performance,number of trades
67.62519632778499,517,0.6394738683783012,347,-1176.3805933222525,213
70.23183629414524,461,-130.26819852341052,86,-2205.6810100848857,195
176.7724844494988,425,332.6141128540039,193,-979.1808357605568,156
-2972.641052597935,103,-2729.443309840034,34,-50000,0
