original performance,number of trades,q learning performance,number of trades
-108.70824667562052,1506,3.692294230533433,1121,-1477.7111236220555,564
