original performance,number of trades,q learning performance,number of trades,q learning training performance,number of trades
67.62519632778499,517,158.59847559736448,446,-1176.3805933222525,213
70.23183629414524,461,381.86770873006185,375,-2205.6810100848857,195
176.7724844494988,425,237.13630614961897,280,-979.1808357605568,156
-2972.641052597935,103,-2775.638694109982,73,-50000,0
