original performance,number of trades,q learning performance,number of trades,q learning training performance,number of trades
67.62519632778499,517,140.56663718622687,454,-1176.3805933222525,213
70.23183629414524,461,516.1573023085349,369,-2205.6810100848857,195
176.7724844494988,425,32.06106870537562,302,-979.1808357605568,156
-2972.641052597935,103,-2734.771030715749,79,-50000,0
