original performance,number of trades,q learning performance,number of trades
-108.70824667562052,1506,-4.91718443623237,1207,-1477.7111236220555,564
