original performance,number of trades,q learning performance,number of trades
-108.70824667562052,1506,13.549839588201426,1161,-1477.7111236220555,564
