original performance,number of trades,q learning performance,number of trades
-108.70824667562052,1506,61.68664907183884,1187,-1477.7111236220555,564
