original performance,number of trades,q learning performance,number of trades,q learning training performance,number of trades
67.62519632778499,517,123.30085235595703,450,-1176.3805933222525,213
70.23183629414524,461,316.7445407827382,381,-2205.6810100848857,195
176.7724844494988,425,76.76389224991598,263,-979.1808357605568,156
-2972.641052597935,103,-2729.9256662081366,73,-50000,0
