original performance,number of trades,q learning performance,number of trades
-108.70824667562052,1506,172.7509799930967,725,-1477.7111236220555,564
