original performance,number of trades,q learning performance,number of trades
-108.70824667562052,1506,59.961884766482235,1157,-1477.7111236220555,564
