original performance,number of trades,q learning performance,number of trades
-108.70824667562052,1506,-19.81053496338758,1126,-1477.7111236220555,564
