original performance,number of trades,q learning performance,number of trades,q learning training performance,number of trades
67.62519632778499,517,139.8270355150136,461,-1176.3805933222525,213
70.23183629414524,461,419.7050753227827,373,-2205.6810100848857,195
176.7724844494988,425,142.82412815451175,267,-979.1808357605568,156
-2972.641052597935,103,-2864.8305220543584,79,-50000,0
