original performance,number of trades,q learning performance,number of trades
-108.70824667562052,1506,36.25440305018529,1145,-1477.7111236220555,564
