original performance,number of trades,q learning performance,number of trades
-108.70824667562052,1506,87.82680645077934,858,-1477.7111236220555,564
