original performance,number of trades,q learning performance,number of trades
-108.70824667562052,1506,34.02598255687947,1129,-1477.7111236220555,564
