original performance,number of trades,q learning performance,number of trades,q learning training performance,number of trades
67.62519632778499,517,231.2662082415575,342,-1176.3805933222525,213
70.23183629414524,461,227.84255492687225,96,-2205.6810100848857,195
176.7724844494988,425,489.8988279454848,238,-979.1808357605568,156
-2972.641052597935,103,-3073.6032635768256,48,-50000,0
