original performance,number of trades,q learning performance,number of trades
-108.70824667562052,1506,91.75181401930207,1167,-1477.7111236220555,564
