original performance,number of trades,q learning performance,number of trades
-108.70824667562052,1506,224.58786103796123,1113,-1477.7111236220555,564
