original performance,number of trades,q learning performance,number of trades
-108.70824667562052,1506,47.77908764456276,802,-1477.7111236220555,564
