original performance,number of trades,q learning performance,number of trades
-108.70824667562052,1506,74.16510988306521,698,-1477.7111236220555,564
