original performance,number of trades,q learning performance,number of trades
-108.70824667562052,1506,-7.539889215565414,1112,-1477.7111236220555,564
