original performance,number of trades,q learning performance,number of trades
-108.70824667562052,1506,52.037131236396924,1187,-1477.7111236220555,564
