original performance,number of trades,q learning performance,number of trades,q learning training performance,number of trades
67.62519632778499,517,194.04129362680825,332,-1176.3805933222525,213
70.23183629414524,461,154.87446131913558,92,-2205.6810100848857,195
176.7724844494988,425,436.44159712911653,238,-979.1808357605568,156
-2972.641052597935,103,-2121.4096300005913,32,-50000,0
