original performance,number of trades,q learning performance,number of trades
-108.70824667562052,1506,25.87379352166234,1116,-1477.7111236220555,564
