original performance,number of trades,q learning performance,number of trades
-108.70824667562052,1506,-2.511239394226336,1167,-1477.7111236220555,564
