original performance,number of trades,q learning performance,number of trades
-108.70824667562052,1506,66.83589514280449,1167,-1477.7111236220555,564
