original performance,number of trades,q learning performance,number of trades,q learning training performance,number of trades
67.62519632778499,517,166.64383994672178,457,-1176.3805933222525,213
70.23183629414524,461,276.06704668612093,370,-2205.6810100848857,195
176.7724844494988,425,59.52376526542332,230,-979.1808357605568,156
-2972.641052597935,103,-2756.9136317266175,73,-50000,0
