original performance,number of trades,q learning performance,number of trades
-108.70824667562052,1506,-33.705494095135286,692,-1477.7111236220555,564
