original performance,number of trades,q learning performance,number of trades
-108.70824667562052,1506,26.169835730548545,1155,-1477.7111236220555,564
