original performance,number of trades,q learning performance,number of trades
-108.70824667562052,1506,1.2557883668201804,1211,-1477.7111236220555,564
