original performance,number of trades,q learning performance,number of trades
-108.70824667562052,1506,58.999917574376866,1192,-1477.7111236220555,564
