original performance,number of trades,q learning performance,number of trades,q learning training performance,number of trades
67.62519632778499,517,158.83278740730535,457,-1176.3805933222525,213
70.23183629414524,461,486.082385143727,367,-2205.6810100848857,195
176.7724844494988,425,238.15047283379178,277,-979.1808357605568,156
-2972.641052597935,103,-2811.3989297505973,74,-50000,0
