original performance,number of trades,q learning performance,number of trades,q learning training performance,number of trades
67.62519632778499,517,267.2882243153994,391,-1176.3805933222525,213
70.23183629414524,461,419.3834650823675,163,-2205.6810100848857,195
176.7724844494988,425,231.61340832354418,268,-979.1808357605568,156
-2972.641052597935,103,-2756.697011498844,51,-50000,0
