original performance,number of trades,q learning performance,number of trades,q learning training performance,number of trades
67.62519632778499,517,79.85569726893333,452,-1176.3805933222525,213
70.23183629414524,461,116.60724830627441,345,-2205.6810100848857,195
176.7724844494988,425,415.80597452378606,284,-979.1808357605568,156
-2972.641052597935,103,-2618.1290059476287,74,-50000,0
