original performance,number of trades,q learning performance,number of trades,q learning training performance,number of trades
67.62519632778499,517,102.53165811554999,468,-1176.3805933222525,213
70.23183629414524,461,506.69096027331403,356,-2205.6810100848857,195
176.7724844494988,425,448.6998312169855,275,-979.1808357605568,156
-2972.641052597935,103,-2733.0320051472363,82,-50000,0
