original performance,number of trades,q learning performance,number of trades
-108.70824667562052,1506,115.06418733339052,1184,-1477.7111236220555,564
