original performance,number of trades,q learning performance,number of trades,q learning training performance,number of trades
67.62519632778499,517,121.64005810482875,453,-1176.3805933222525,213
70.23183629414524,461,122.68239447931062,359,-2205.6810100848857,195
176.7724844494988,425,92.80765545802561,247,-979.1808357605568,156
-2972.641052597935,103,-2534.9750260925293,75,-50000,0
