original performance,number of trades,q learning performance,number of trades,q learning training performance,number of trades
67.62519632778499,517,120.08292372603165,456,-1176.3805933222525,213
70.23183629414524,461,192.60617446386686,372,-2205.6810100848857,195
176.7724844494988,425,349.6251424439638,289,-979.1808357605568,156
-2972.641052597935,103,-2805.2438173675537,75,-50000,0
