original performance,number of trades,q learning performance,number of trades,q learning training performance,number of trades
67.62519632778499,517,167.97903135813536,438,-1176.3805933222525,213
70.23183629414524,461,392.33805076811046,360,-2205.6810100848857,195
176.7724844494988,425,145.96922210389118,326,-979.1808357605568,156
-2972.641052597935,103,-3002.863936015538,63,-50000,0
