original performance,number of trades,q learning performance,number of trades,q learning training performance,number of trades
67.62519632778499,517,136.50789747740092,456,-1176.3805933222525,213
70.23183629414524,461,383.11133760771065,353,-2205.6810100848857,195
176.7724844494988,425,372.41411692030886,282,-979.1808357605568,156
-2972.641052597935,103,-2954.0683521722494,76,-50000,0
