original performance,number of trades,q learning performance,number of trades
-108.70824667562052,1506,179.27536684994536,828,-1477.7111236220555,564
