original performance,number of trades,q learning performance,number of trades
-108.70824667562052,1506,-37.05472368633046,680,-1477.7111236220555,564
