original performance,number of trades,q learning performance,number of trades,q learning training performance,number of trades
67.62519632778499,517,103.13963156382243,450,-1176.3805933222525,213
70.23183629414524,461,426.7533434312896,354,-2205.6810100848857,195
176.7724844494988,425,246.5075539433679,258,-979.1808357605568,156
-2972.641052597935,103,-2795.7243321981186,78,-50000,0
