original performance,number of trades,q learning performance,number of trades
-108.70824667562052,1506,-43.99047127663314,1153,-1477.7111236220555,564
