original performance,number of trades,q learning performance,number of trades
-108.70824667562052,1506,158.12868551727212,1101,-1477.7111236220555,564
