original performance,number of trades,q learning performance,number of trades,q learning training performance,number of trades
67.62519632778499,517,222.43255745012735,388,-1176.3805933222525,213
70.23183629414524,461,613.5426808072809,171,-2205.6810100848857,195
176.7724844494988,425,192.98984064246125,212,-979.1808357605568,156
-2972.641052597935,103,-2408.4819853782656,60,-50000,0
