original performance,number of trades,q learning performance,number of trades,q learning training performance,number of trades
67.62519632778499,517,125.85020006554467,448,-1176.3805933222525,213
70.23183629414524,461,559.1767661308021,371,-2205.6810100848857,195
176.7724844494988,425,64.63855960912872,285,-979.1808357605568,156
-2972.641052597935,103,-2656.4986093360258,83,-50000,0
