original performance,number of trades,q learning performance,number of trades,q learning training performance,number of trades
67.62519632778499,517,84.45481037828067,449,-1176.3805933222525,213
70.23183629414524,461,193.03493961563765,349,-2205.6810100848857,195
176.7724844494988,425,443.4213352718869,259,-979.1808357605568,156
-2972.641052597935,103,-2386.7800176050755,77,-50000,0
