original performance,number of trades,q learning performance,number of trades,q learning training performance,number of trades
67.62519632778499,517,114.61211865060281,447,-1176.3805933222525,213
70.23183629414524,461,402.6251934272656,345,-2205.6810100848857,195
176.7724844494988,425,285.10554378437547,265,-979.1808357605568,156
-2972.641052597935,103,-2774.740765124937,79,-50000,0
