original performance,number of trades,q learning performance,number of trades,q learning training performance,number of trades
67.62519632778499,517,123.79803922512387,447,-1176.3805933222525,213
70.23183629414524,461,324.45199152769476,361,-2205.6810100848857,195
176.7724844494988,425,208.3379599456246,282,-979.1808357605568,156
-2972.641052597935,103,-2785.8672123450738,77,-50000,0
