original performance,number of trades,q learning performance,number of trades,q learning training performance,number of trades
67.62519632778499,517,86.00791867430539,443,-1176.3805933222525,213
70.23183629414524,461,116.45883279958935,373,-2205.6810100848857,195
176.7724844494988,425,463.2319779247971,322,-979.1808357605568,156
-2972.641052597935,103,-3059.8940834672485,73,-50000,0
