original performance,number of trades,q learning performance,number of trades
-108.70824667562052,1506,119.16636112074538,1156,-1477.7111236220555,564
