original performance,number of trades,q learning performance,number of trades,q learning training performance,number of trades
67.62519632778499,517,16.72484073638916,370,-1176.3805933222525,213
70.23183629414524,461,982.6374351211458,171,-2205.6810100848857,195
176.7724844494988,425,418.9487054440085,233,-979.1808357605568,156
-2972.641052597935,103,-2730.298081996077,59,-50000,0
