original performance,number of trades,q learning performance,number of trades
-108.70824667562052,1506,-39.751724449746334,674,-1477.7111236220555,564
