original performance,number of trades,q learning performance,number of trades,q learning training performance,number of trades
67.62519632778499,517,83.37859063374431,401,-1176.3805933222525,213
70.23183629414524,461,375.5261208047258,188,-2205.6810100848857,195
176.7724844494988,425,583.2123246326624,214,-979.1808357605568,156
-2972.641052597935,103,-2749.3154261687705,58,-50000,0
