original performance,number of trades,q learning performance,number of trades
-108.70824667562052,1506,108.07565447882688,873,-1477.7111236220555,564
