original performance,number of trades,q learning performance,number of trades
-108.70824667562052,1506,165.21347533454124,694,-1477.7111236220555,564
