original performance,number of trades,q learning performance,number of trades
-108.70824667562052,1506,38.74463218745619,1212,-1477.7111236220555,564
