original performance,number of trades,q learning performance,number of trades,q learning training performance,number of trades
67.62519632778499,517,145.9522479534149,440,-1176.3805933222525,213
70.23183629414524,461,184.7241955187129,348,-2205.6810100848857,195
176.7724844494988,425,77.20419657046978,260,-979.1808357605568,156
-2972.641052597935,103,-2477.5820584548146,76,-50000,0
