original performance,number of trades,q learning performance,number of trades
-108.70824667562052,1506,82.88628025417295,1158,-1477.7111236220555,564
