original performance,number of trades,q learning performance,number of trades
-108.70824667562052,1506,97.99521760494152,1175,-1477.7111236220555,564
