original performance,number of trades,q learning performance,number of trades,q learning training performance,number of trades
67.62519632778499,517,102.73264509865216,448,-1176.3805933222525,213
70.23183629414524,461,-9.610895972687938,339,-2205.6810100848857,195
176.7724844494988,425,277.0094442696407,290,-979.1808357605568,156
-2972.641052597935,103,-2620.158809906397,78,-50000,0
