original performance,number of trades,q learning performance,number of trades,q learning training performance,number of trades
67.62519632778499,517,120.69740824720225,458,-1176.3805933222525,213
70.23183629414524,461,265.8234195292322,366,-2205.6810100848857,195
176.7724844494988,425,-31.0313624771945,203,-979.1808357605568,156
-2972.641052597935,103,-2937.589901698263,76,-50000,0
