original performance,number of trades,q learning performance,number of trades
-108.70824667562052,1506,30.90942392357616,1139,-1477.7111236220555,564
