original performance,number of trades,q learning performance,number of trades,q learning training performance,number of trades
67.62519632778499,517,43.731934229532875,462,-1176.3805933222525,213
70.23183629414524,461,630.7255810160033,355,-2205.6810100848857,195
176.7724844494988,425,499.61289207944264,267,-979.1808357605568,156
-2972.641052597935,103,-2594.0300535763013,85,-50000,0
