original performance,number of trades,q learning performance,number of trades,q learning training performance,number of trades
1050.3847243512264,122,1050.3847243512264,122,1050.3847243512264,122
1359.6825206667877,129,1359.6825206667877,129,1359.6825206667877,129
-365.3635470398471,117,-365.3635470398471,117,-365.3635470398471,117
1019.2408951739876,98,1078.5466132409795,97,1019.2408951739876,98
3756.8691945177443,141,3697.3413246437353,135,3784.125300162179,140
617.5180292412787,101,555.062677466351,92,551.6572909545898,100
-1658.5212297712053,35,-1878.7172823819246,33,-50000,0
