original performance,number of trades,q learning performance,number of trades
1204.2041569295193,743,1177.416059107287,725,1339.415475040252,706
