original performance,number of trades,q learning performance,number of trades
1204.2041569295193,743,1206.5877124400326,583,1339.415475040252,706
