original performance,number of trades,q learning performance,number of trades
1204.2041569295193,743,1134.122923398151,716,1339.415475040252,706
