original performance,number of trades,q learning performance,number of trades
1204.2041569295193,743,1163.1162382471446,723,1339.415475040252,706
