original performance,number of trades,q learning performance,number of trades
1204.2041569295193,743,1192.7799024130643,634,1339.415475040252,706
