original performance,number of trades,q learning performance,number of trades
1204.2041569295193,743,1138.7977877677756,564,1339.415475040252,706
