original performance,number of trades,q learning performance,number of trades,q learning training performance,number of trades
1050.3847243512264,122,1098.6730278582613,121,1050.3847243512264,122
1359.6825206667877,129,1359.6825206667877,129,1359.6825206667877,129
-365.3635470398471,117,-365.3635470398471,117,-365.3635470398471,117
1019.2408951739876,98,1127.7677488327026,96,1019.2408951739876,98
3756.8691945177443,141,3497.4623715896014,129,3784.125300162179,140
617.5180292412787,101,567.2078327379728,95,551.6572909545898,100
-1658.5212297712053,35,-1830.555069986979,30,-50000,0
