original performance,number of trades,q learning performance,number of trades
1204.2041569295193,743,1125.671246783464,726,1339.415475040252,706
