original performance,number of trades,q learning performance,number of trades
1204.2041569295193,743,1191.1721953299148,729,1339.415475040252,706
