original performance,number of trades,q learning performance,number of trades
1204.2041569295193,743,1201.7739593118472,709,880.3369334478798,318
