original performance,number of trades,q learning performance,number of trades
1204.2041569295193,743,1194.6885155075265,717,880.3369334478798,318
