original performance,number of trades,q learning performance,number of trades
1204.2041569295193,743,1222.2111763612127,711,880.3369334478798,318
