original performance,number of trades,q learning performance,number of trades
1204.2041569295193,743,1182.1992497492042,697,880.3369334478798,318
