original performance,number of trades,q learning performance,number of trades
1204.2041569295193,743,1175.540069667521,698,880.3369334478798,318
