original performance,number of trades,q learning performance,number of trades
1204.2041569295193,743,1197.4437109255323,714,880.3369334478798,318
