original performance,number of trades,q learning performance,number of trades
1204.2041569295193,743,1337.3378614610242,496,880.3369334478798,318
