original performance,number of trades,q learning performance,number of trades
1204.2041569295193,743,1202.7276736386173,715,880.3369334478798,318
