original performance,number of trades,q learning performance,number of trades
1204.2041569295193,743,1223.5194440812413,717,880.3369334478798,318
