original performance,number of trades,q learning performance,number of trades
1204.2041569295193,743,1404.2462074037583,504,880.3369334478798,318
