original performance,number of trades,q learning performance,number of trades
1204.2041569295193,743,1186.9343746358697,704,880.3369334478798,318
