original performance,number of trades,q learning performance,number of trades
1204.2041569295193,743,1480.0043743114754,406,880.3369334478798,318
