original performance,number of trades,q learning performance,number of trades
1204.2041569295193,743,1206.2591951676825,703,880.3369334478798,318
