original performance,number of trades,q learning performance,number of trades
1204.2041569295193,743,1193.2000408803817,695,880.3369334478798,318
