original performance,number of trades,q learning performance,number of trades
1204.2041569295193,743,1116.3016048681998,685,880.3369334478798,318
