original performance,number of trades,q learning performance,number of trades,q learning training performance,number of trades
1141.4591292063394,240,1002.5428926595052,225,1303.44800335428,115
174.9220970610869,217,217.01666045069095,199,144.02687413484148,103
2811.0939756729063,233,2771.1930729577302,218,1152.1585641479492,100
-1361.6885623572007,53,-1441.8641357421875,48,-50000,0
