original performance,number of trades,q learning performance,number of trades
1204.2041569295193,743,1185.0318225325009,698,880.3369334478798,318
