original performance,number of trades,q learning performance,number of trades
1204.2041569295193,743,1195.7662965180714,697,880.3369334478798,318
