original performance,number of trades,q learning performance,number of trades,q learning training performance,number of trades
1141.4591292063394,240,1088.640398583558,229,1303.44800335428,115
174.9220970610869,217,255.60510297921988,208,144.02687413484148,103
2811.0939756729063,233,2775.085990600586,200,1152.1585641479492,100
-1361.6885623572007,53,-1414.471548526845,47,-50000,0
