original performance,number of trades,q learning performance,number of trades
1204.2041569295193,743,1168.4801162849406,706,880.3369334478798,318
