original performance,number of trades,q learning performance,number of trades
1204.2041569295193,743,1355.5550114558293,494,880.3369334478798,318
