original performance,number of trades,q learning performance,number of trades
1204.2041569295193,743,1154.0140906247225,704,880.3369334478798,318
