original performance,number of trades,q learning performance,number of trades
1204.2041569295193,743,1152.1370377547257,715,880.3369334478798,318
