original performance,number of trades,q learning performance,number of trades
1204.2041569295193,743,1224.481473499174,707,880.3369334478798,318
