original performance,number of trades,q learning performance,number of trades
1204.2041569295193,743,1225.3785759242714,705,880.3369334478798,318
