original performance,number of trades,q learning performance,number of trades
1204.2041569295193,743,1229.3412415764549,704,880.3369334478798,318
