original performance,number of trades,q learning performance,number of trades
1204.2041569295193,743,1211.7908200038953,712,880.3369334478798,318
