original performance,number of trades,q learning performance,number of trades
1204.2041569295193,743,1232.8033845245923,707,880.3369334478798,318
