original performance,number of trades,q learning performance,number of trades
1204.2041569295193,743,1451.6035475843535,381,880.3369334478798,318
