original performance,number of trades,q learning performance,number of trades
1204.2041569295193,743,1200.646833398369,712,880.3369334478798,318
