original performance,number of trades,q learning performance,number of trades
1204.2041569295193,743,1435.4270603450263,381,880.3369334478798,318
