original performance,number of trades,q learning performance,number of trades
1204.2041569295193,743,1170.9547204917433,708,880.3369334478798,318
