original performance,number of trades,q learning performance,number of trades
1204.2041569295193,743,1192.414608840165,687,880.3369334478798,318
