original performance,number of trades,q learning performance,number of trades
1204.2041569295193,743,1436.0490265282829,391,880.3369334478798,318
