original performance,number of trades,q learning performance,number of trades
1204.2041569295193,743,1143.1497888809595,702,880.3369334478798,318
