original performance,number of trades,q learning performance,number of trades
1204.2041569295193,743,1150.3989706756063,692,880.3369334478798,318
