original performance,number of trades,q learning performance,number of trades
1204.2041569295193,743,1382.3384755551235,515,880.3369334478798,318
