original performance,number of trades,q learning performance,number of trades
1204.2041569295193,743,1193.1424136860442,703,880.3369334478798,318
