original performance,number of trades,q learning performance,number of trades
1204.2041569295193,743,1165.5683564985272,679,880.3369334478798,318
