original performance,number of trades,q learning performance,number of trades
1204.2041569295193,743,1223.7362174615369,717,880.3369334478798,318
