original performance,number of trades,q learning performance,number of trades
1204.2041569295193,743,1374.9804868620586,492,880.3369334478798,318
