original performance,number of trades,q learning performance,number of trades
1204.2041569295193,743,1173.5575222982957,686,880.3369334478798,318
