original performance,number of trades,q learning performance,number of trades
1204.2041569295193,743,1178.1909909174162,707,880.3369334478798,318
