original performance,number of trades,q learning performance,number of trades
1204.2041569295193,743,1475.063165706219,505,880.3369334478798,318
