original performance,number of trades,q learning performance,number of trades,q learning training performance,number of trades
1141.4591292063394,240,1245.9542715402954,179,1303.44800335428,115
174.9220970610869,217,72.79756874613243,101,144.02687413484148,103
2811.0939756729063,233,2841.2974826084096,178,1152.1585641479492,100
-1361.6885623572007,53,-1900.6516039049304,37,-50000,0
