original performance,number of trades,q learning performance,number of trades
1204.2041569295193,743,1345.0610335533065,495,880.3369334478798,318
