original performance,number of trades,q learning performance,number of trades
1204.2041569295193,743,1191.0865254781056,667,880.3369334478798,318
