original performance,number of trades,q learning performance,number of trades
1204.2041569295193,743,1253.2727360379868,690,880.3369334478798,318
