original performance,number of trades,q learning performance,number of trades
1204.2041569295193,743,1146.1528257081834,695,880.3369334478798,318
