original performance,number of trades,q learning performance,number of trades
1204.2041569295193,743,1229.7003786350213,703,880.3369334478798,318
