original performance,number of trades,q learning performance,number of trades
1204.2041569295193,743,1204.9948507489312,698,880.3369334478798,318
