original performance,number of trades,q learning performance,number of trades
1204.2041569295193,743,1097.594507661977,665,880.3369334478798,318
