original performance,number of trades,q learning performance,number of trades
1204.2041569295193,743,1451.2947426235553,388,880.3369334478798,318
