original performance,number of trades,q learning performance,number of trades
1204.2041569295193,743,1252.8007439986989,707,880.3369334478798,318
