original performance,number of trades,q learning performance,number of trades
1204.2041569295193,743,1215.6887045822575,708,880.3369334478798,318
