original performance,number of trades,q learning performance,number of trades
1204.2041569295193,743,1361.5961974201962,477,880.3369334478798,318
