original performance,number of trades,q learning performance,number of trades
1204.2041569295193,743,1157.0987144546618,699,880.3369334478798,318
