original performance,number of trades,q learning performance,number of trades
1204.2041569295193,743,1146.2185541389672,701,880.3369334478798,318
