original performance,number of trades,q learning performance,number of trades
527.2818497973593,1839,587.8378752523394,1608,64.93268725585938,750
