original performance,number of trades,q learning performance,number of trades
527.2818497973593,1839,628.2717927333013,1587,64.82861149088542,750
