original performance,number of trades,q learning performance,number of trades
527.2818497973593,1839,596.7447185659051,1604,64.82861149088542,750
