original performance,number of trades,q learning performance,number of trades
527.2818497973593,1839,592.0776481296705,1610,64.93268725585938,750
