original performance,number of trades,q learning performance,number of trades,q learning training performance,number of trades
-249.1508136906036,584,-173.06699392959658,494,-1161.2495960991503,217
1090.9103340664603,577,1205.347439467907,512,900.9119610895876,305
975.217861286108,552,921.6073302911252,490,113.30909140068188,228
-417.46131121923054,126,-436.17501177106584,105,-50000,0
