original performance,number of trades,q learning performance,number of trades
527.2818497973593,1839,585.5290503516784,1601,64.82861149088542,750
