original performance,number of trades,q learning performance,number of trades
527.2818497973593,1839,595.2105522843308,1609,64.93268725585938,750
