original performance,number of trades,q learning performance,number of trades
527.2818497973593,1839,590.1073038971194,1607,64.93268725585938,750
