original performance,number of trades,q learning performance,number of trades
527.2818497973593,1839,591.5366371116828,1608,64.82861149088542,750
