original performance,number of trades,q learning performance,number of trades
527.2818497973593,1839,610.0828852097936,1605,64.93268725585938,750
