original performance,number of trades,q learning performance,number of trades
527.2818497973593,1839,594.7624854732526,1605,64.82861149088542,750
