original performance,number of trades,q learning performance,number of trades
527.2818497973593,1839,594.1821165873147,1609,64.93268725585938,750
