original performance,number of trades,q learning performance,number of trades
527.2818497973593,1839,600.148904367735,1609,64.82861149088542,750
