original performance,number of trades,q learning performance,number of trades
527.2818497973593,1839,609.2434234524247,1608,64.82861149088542,750
