original performance,number of trades,q learning performance,number of trades
527.2818497973593,1839,592.2814895885934,1609,64.82861149088542,750
