original performance,number of trades,q learning performance,number of trades,q learning training performance,number of trades
-249.1508136906036,584,-172.66518738781392,494,-1161.2495960991503,217
1090.9103340664603,577,1260.8535323948536,515,900.9119610895876,305
975.217861286108,552,895.7835473508251,490,113.30909140068188,228
-417.46131121923054,126,-436.17501177106584,105,-50000,0
