original performance,number of trades,q learning performance,number of trades
-310.46672646500167,1237,-314.2454159167386,1032,-227.4284789799003,1017
