original performance,number of trades,q learning performance,number of trades
-310.46672646500167,1237,-273.00017711821056,1050,-227.4284789799003,1017
