original performance,number of trades,q learning performance,number of trades
-310.46672646500167,1237,-747.8247729864515,459,-227.4284789799003,1017
