original performance,number of trades,q learning performance,number of trades
-310.46672646500167,1237,-290.1761581626701,1038,-227.4284789799003,1017
