original performance,number of trades,q learning performance,number of trades
-310.46672646500167,1237,-291.18042424398175,1045,-227.4284789799003,1017
