original performance,number of trades,q learning performance,number of trades
-310.46672646500167,1237,-275.7072843183295,1046,-227.4284789799003,1017
