original performance,number of trades,q learning performance,number of trades
-310.46672646500167,1237,-257.6505394384251,1043,-227.4284789799003,1017
