original performance,number of trades,q learning performance,number of trades
-310.46672646500167,1237,-710.1339440079718,466,-227.4284789799003,1017
