original performance,number of trades,q learning performance,number of trades
-310.46672646500167,1237,-713.4056135280158,465,-227.4284789799003,1017
