original performance,number of trades,q learning performance,number of trades
-310.46672646500167,1237,-274.2094397641053,1041,-227.4284789799003,1017
