original performance,number of trades,q learning performance,number of trades
-310.46672646500167,1237,-282.16279153605456,1048,-227.4284789799003,1017
