original performance,number of trades,q learning performance,number of trades
-310.46672646500167,1237,-272.26888541558264,1051,-227.4284789799003,1017
