original performance,number of trades,q learning performance,number of trades
-310.46672646500167,1237,-279.1885530746358,1049,-227.4284789799003,1017
