original performance,number of trades,q learning performance,number of trades
-310.46672646500167,1237,-719.3597858034332,464,-227.4284789799003,1017
