original performance,number of trades,q learning performance,number of trades
-310.46672646500167,1237,-384.74556490315655,817,-227.4284789799003,1017
