original performance,number of trades,q learning performance,number of trades
-310.46672646500167,1237,-705.2960624855782,474,-227.4284789799003,1017
