original performance,number of trades,q learning performance,number of trades
-310.46672646500167,1237,-702.6853744637253,468,-227.4284789799003,1017
