original performance,number of trades,q learning performance,number of trades
-310.46672646500167,1237,-387.94614861521785,827,-227.4284789799003,1017
