original performance,number of trades,q learning performance,number of trades
-310.46672646500167,1237,-288.6828808173623,1046,-227.4284789799003,1017
