original performance,number of trades,q learning performance,number of trades
-310.46672646500167,1237,-394.06453900093146,801,-227.4284789799003,1017
