original performance,number of trades,q learning performance,number of trades
-310.46672646500167,1237,-686.4290554699887,473,-227.4284789799003,1017
