original performance,number of trades,q learning performance,number of trades
-310.46672646500167,1237,-290.088439883111,1047,-227.4284789799003,1017
