original performance,number of trades,q learning performance,number of trades
-310.46672646500167,1237,-278.1567874598161,1045,-227.4284789799003,1017
