original performance,number of trades,q learning performance,number of trades
-310.46672646500167,1237,-372.8719670912799,816,-227.4284789799003,1017
