original performance,number of trades,q learning performance,number of trades
-310.46672646500167,1237,-697.9853893523521,470,-227.4284789799003,1017
