original performance,number of trades,q learning performance,number of trades,q learning training performance,number of trades
-408.41818272267545,611,-317.02800902072147,489,-404.6126721580749,533
-8.896393056116798,522,-59.35128070781757,462,-32.30621665765431,484
-1248.6530174842248,104,-1393.0151691436768,96,-50000,0
