original performance,number of trades,q learning performance,number of trades
-310.46672646500167,1237,-427.8879955993576,799,-227.4284789799003,1017
