original performance,number of trades,q learning performance,number of trades
-310.46672646500167,1237,-722.1667409436457,464,-227.4284789799003,1017
