original performance,number of trades,q learning performance,number of trades
-310.46672646500167,1237,-388.76395266758357,791,-227.4284789799003,1017
