original performance,number of trades,q learning performance,number of trades
-310.46672646500167,1237,-269.84491553338336,1051,-227.4284789799003,1017
