original performance,number of trades,q learning performance,number of trades
-310.46672646500167,1237,-380.67475275538663,818,-227.4284789799003,1017
