original performance,number of trades,q learning performance,number of trades,q learning training performance,number of trades
-408.41818272267545,611,-693.5955208333334,300,-404.6126721580749,533
-8.896393056116798,522,-416.5212073692909,91,-32.30621665765431,484
-1248.6530174842248,104,-1202.7514313998288,73,-50000,0
