original performance,number of trades,q learning performance,number of trades
-310.46672646500167,1237,-380.1526484079072,825,-227.4284789799003,1017
