original performance,number of trades,q learning performance,number of trades
-310.46672646500167,1237,-272.8656688428107,1048,-227.4284789799003,1017
