original performance,number of trades,q learning performance,number of trades,q learning training performance,number of trades
-408.41818272267545,611,-657.8519494588619,303,-404.6126721580749,533
-8.896393056116798,522,-385.7329972585042,96,-32.30621665765431,484
-1248.6530174842248,104,-1193.5329028980152,74,-50000,0
