original performance,number of trades,q learning performance,number of trades
-310.46672646500167,1237,-415.17316669861964,815,-227.4284789799003,1017
