original performance,number of trades,q learning performance,number of trades
-310.46672646500167,1237,-285.10746644128915,1034,-227.4284789799003,1017
