original performance,number of trades,q learning performance,number of trades
-310.46672646500167,1237,-390.78596565246585,800,-227.4284789799003,1017
