original performance,number of trades,q learning performance,number of trades
-310.46672646500167,1237,-274.29469416241994,1044,-227.4284789799003,1017
