original performance,number of trades,q learning performance,number of trades
-310.46672646500167,1237,-278.42176118396577,1050,-227.4284789799003,1017
