original performance,number of trades,q learning performance,number of trades
-310.46672646500167,1237,-677.6194175002921,468,-227.4284789799003,1017
