original performance,number of trades,q learning performance,number of trades
920.2105992423028,1559,833.7238223164499,1345,610.342721527201,602
