original performance,number of trades,q learning performance,number of trades
920.2105992423028,1559,839.0266485945644,1343,610.342721527201,602
