original performance,number of trades,q learning performance,number of trades
920.2105992423028,1559,834.4726620456231,1348,610.342721527201,602
