original performance,number of trades,q learning performance,number of trades
920.2105992423028,1559,824.6817883895131,1335,610.342721527201,602
