original performance,number of trades,q learning performance,number of trades
920.2105992423028,1559,819.3423783175575,1347,610.342721527201,602
