original performance,number of trades,q learning performance,number of trades
920.2105992423028,1559,871.8304113051471,1020,610.342721527201,602
