original performance,number of trades,q learning performance,number of trades
920.2105992423028,1559,825.4842344561388,1348,610.342721527201,602
