original performance,number of trades,q learning performance,number of trades,q learning training performance,number of trades
949.9695438799076,433,951.2421280139594,394,1218.0771596623563,174
-30.21661617249016,508,32.0145133574263,441,-124.38681722689076,238
2252.6295751849893,473,1910.9309732255026,398,974.1313425164474,190
-185.3257677801724,145,-225.51792077850877,114,-50000,0
