original performance,number of trades,q learning performance,number of trades
920.2105992423028,1559,828.1596647062918,1347,610.342721527201,602
