original performance,number of trades,q learning performance,number of trades,q learning training performance,number of trades
949.9695438799076,433,925.1851080399525,316,1218.0771596623563,174
-30.21661617249016,508,-191.51898217871485,249,-124.38681722689076,238
2252.6295751849893,473,2533.159742750563,222,974.1313425164474,190
-185.3257677801724,145,153.22831003289474,76,-50000,0
