original performance,number of trades,q learning performance,number of trades
920.2105992423028,1559,953.8220931586869,872,610.342721527201,602
