original performance,number of trades,q learning performance,number of trades
920.2105992423028,1559,855.9161453474813,1340,610.342721527201,602
