original performance,number of trades,q learning performance,number of trades
920.2105992423028,1559,837.9423306518917,1348,610.342721527201,602
