original performance,number of trades,q learning performance,number of trades
920.2105992423028,1559,830.6438570086303,1347,611.1317580720515,602
