original performance,number of trades,q learning performance,number of trades
920.2105992423028,1559,882.8235995596868,1022,610.342721527201,602
