original performance,number of trades,q learning performance,number of trades
920.2105992423028,1559,846.0410956115041,1343,610.342721527201,602
