original performance,number of trades,q learning performance,number of trades
920.2105992423028,1559,820.3496370067014,1343,610.342721527201,602
