original performance,number of trades,q learning performance,number of trades
920.2105992423028,1559,847.6117565714826,1322,610.342721527201,602
