original performance,number of trades,q learning performance,number of trades,q learning training performance,number of trades
949.9695438799076,433,955.3928713422392,393,1218.0771596623563,174
-30.21661617249016,508,8.14710743071267,442,-124.38681722689076,238
2252.6295751849893,473,1915.4166666666667,396,976.6313425164474,190
-185.3257677801724,145,-146.38589913504464,112,-50000,0
