original performance,number of trades,q learning performance,number of trades
920.2105992423028,1559,889.6643972127556,1027,610.342721527201,602
