original performance,number of trades,q learning performance,number of trades
875.9376626869688,1662,1063.4388287480378,866,885.9969778265064,654
