original performance,number of trades,q learning performance,number of trades
875.9376626869688,1662,871.9217078552462,1413,885.9969778265064,654
