original performance,number of trades,q learning performance,number of trades
875.9376626869688,1662,880.509777827742,1423,885.9969778265064,654
