original performance,number of trades,q learning performance,number of trades
875.9376626869688,1662,879.0699636573122,1425,885.9969778265064,654
