original performance,number of trades,q learning performance,number of trades
875.9376626869688,1662,893.1553036768673,1426,885.9969778265064,654
