original performance,number of trades,q learning performance,number of trades
875.9376626869688,1662,888.4010774739584,1425,885.9969778265064,654
