original performance,number of trades,q learning performance,number of trades,q learning training performance,number of trades
743.2025753518809,552,771.464963572366,448,1870.3287186581865,234
848.3742992604962,524,955.6460516302435,444,911.3378863831745,259
1280.0825700239702,440,1032.6316418457031,400,-606.6155422044837,161
258.74048060587006,146,356.6555048403533,115,-50000,0
