original performance,number of trades,q learning performance,number of trades
875.9376626869688,1662,889.9429507366604,1417,885.9969778265064,654
