original performance,number of trades,q learning performance,number of trades,q learning training performance,number of trades
743.2025753518809,552,792.3969184395548,461,1870.3287186581865,234
848.3742992604962,524,918.9815416837994,456,891.0688033527389,259
1280.0825700239702,440,1056.9407262969435,399,-585.4124797560413,161
258.74048060587006,146,369.25002784059757,114,-50000,0
