original performance,number of trades,q learning performance,number of trades
875.9376626869688,1662,1019.8833033039431,871,885.9969778265064,654
