original performance,number of trades,q learning performance,number of trades
875.9376626869688,1662,1051.7596415016235,877,885.9969778265064,654
