original performance,number of trades,q learning performance,number of trades
875.9376626869688,1662,1037.107221116506,854,885.9969778265064,654
