original performance,number of trades,q learning performance,number of trades
875.9376626869688,1662,901.0793222545904,1416,885.9969778265064,654
