original performance,number of trades,q learning performance,number of trades
270.973987477965,1919,184.45146637630046,1601,-1067.3687329447862,705
