original performance,number of trades,q learning performance,number of trades
270.973987477965,1919,176.8724798935376,1598,-1067.3687329447862,705
