original performance,number of trades,q learning performance,number of trades
270.973987477965,1919,195.77028066005718,1597,-1067.3687329447862,705
