original performance,number of trades,q learning performance,number of trades
270.973987477965,1919,203.21857826682825,1594,-1067.3687329447862,705
