original performance,number of trades,q learning performance,number of trades
270.973987477965,1919,191.75051015853882,1600,-1067.3687329447862,705
