original performance,number of trades,q learning performance,number of trades
270.973987477965,1919,196.2814750527797,1594,-1067.3687329447862,705
