original performance,number of trades,q learning performance,number of trades
270.973987477965,1919,187.74969939899623,1601,-1067.3687329447862,705
