original performance,number of trades,q learning performance,number of trades
270.973987477965,1919,188.72191072194911,1602,-1067.3687329447862,705
