original performance,number of trades,q learning performance,number of trades
270.973987477965,1919,180.04271524145554,1593,-1067.3687329447862,705
