original performance,number of trades,q learning performance,number of trades
270.973987477965,1919,256.95489129309175,1556,-1067.3687329447862,705
