original performance,number of trades,q learning performance,number of trades
270.973987477965,1919,183.8066208783318,1581,-1067.3687329447862,705
