original performance,number of trades,q learning performance,number of trades
270.973987477965,1919,199.628284903696,1596,-1067.3687329447862,705
