original performance,number of trades,q learning performance,number of trades
270.973987477965,1919,180.17798763845323,1599,-1067.3687329447862,705
