original performance,number of trades,q learning performance,number of trades
270.973987477965,1919,252.8538821495414,1557,-1067.3687329447862,705
