original performance,number of trades,q learning performance,number of trades
270.973987477965,1919,182.85747593362058,1601,-1067.3687329447862,705
