original performance,number of trades,q learning performance,number of trades
270.973987477965,1919,187.0911791321639,1602,-1067.3687329447862,705
