original performance,number of trades,q learning performance,number of trades
270.973987477965,1919,187.91920188127048,1601,-1067.3687329447862,705
