original performance,number of trades,q learning performance,number of trades
270.973987477965,1919,184.96723553417175,1599,-1067.3687329447862,705
