original performance,number of trades,q learning performance,number of trades
270.973987477965,1919,187.85226335591037,1601,-1067.3687329447862,705
