original performance,number of trades,q learning performance,number of trades
1278.4608109910628,1877,1075.52487702604,1567,-339.37270645230836,684
