original performance,number of trades,q learning performance,number of trades
1278.4608109910628,1877,1072.4263603434556,1566,-339.37270645230836,684
