original performance,number of trades,q learning performance,number of trades
1278.4608109910628,1877,1076.4539456464806,1568,-339.37270645230836,684
