original performance,number of trades,q learning performance,number of trades
1278.4608109910628,1877,1083.9627936512518,1565,-339.37270645230836,684
