original performance,number of trades,q learning performance,number of trades
1278.4608109910628,1877,1077.9667173773905,1567,-339.37270645230836,684
