original performance,number of trades,q learning performance,number of trades
1278.4608109910628,1877,1081.0347443991086,1566,-339.37270645230836,684
