original performance,number of trades,q learning performance,number of trades
1278.4608109910628,1877,1077.5782179780595,1563,-339.37270645230836,684
