original performance,number of trades,q learning performance,number of trades
1278.4608109910628,1877,1076.8457416028393,1568,-339.37270645230836,684
