original performance,number of trades,q learning performance,number of trades
1278.4608109910628,1877,1086.596610842343,1563,-339.37270645230836,684
