original performance,number of trades,q learning performance,number of trades
1278.4608109910628,1877,1069.7454195925036,1564,-339.37270645230836,684
