original performance,number of trades,q learning performance,number of trades
527.2818497973593,1839,580.2091815555107,1057,64.82861149088542,750
