original performance,number of trades,q learning performance,number of trades
527.2818497973593,1839,599.2048496060139,1598,64.93268725585938,750
