original performance,number of trades,q learning performance,number of trades
527.2818497973593,1839,593.252217770522,1591,64.82861149088542,750
