original performance,number of trades,q learning performance,number of trades
527.2818497973593,1839,609.0330566834158,1569,64.82861149088542,750
