original performance,number of trades,q learning performance,number of trades
527.2818497973593,1839,613.5098393870453,1585,64.93268725585938,750
