original performance,number of trades,q learning performance,number of trades
527.2818497973593,1839,588.9885990296177,1592,64.93268725585938,750
