original performance,number of trades,q learning performance,number of trades,q learning training performance,number of trades
-249.1508136906036,584,-58.85720450846354,375,-1161.2495960991503,217
1090.9103340664603,577,1285.3580886621794,209,901.1678851018187,305
975.217861286108,552,957.1899099804107,336,113.30909140068188,228
-417.46131121923054,126,-153.03802953792524,79,-50000,0
