original performance,number of trades,q learning performance,number of trades
527.2818497973593,1839,606.1092731717266,1580,64.93268725585938,750
