original performance,number of trades,q learning performance,number of trades
527.2818497973593,1839,599.988316048065,1597,64.82861149088542,750
