original performance,number of trades,q learning performance,number of trades
1204.2041569295193,743,1183.8766019438656,733,837.2928364129714,324
