original performance,number of trades,q learning performance,number of trades
1204.2041569295193,743,1153.4738759080024,730,837.2928364129714,324
