original performance,number of trades,q learning performance,number of trades
1204.2041569295193,743,1178.334309992979,733,837.2928364129714,324
