original performance,number of trades,q learning performance,number of trades
1204.2041569295193,743,1196.7052444478882,731,837.2928364129714,324
