original performance,number of trades,q learning performance,number of trades
1204.2041569295193,743,1175.1110816976354,734,837.2928364129714,324
