original performance,number of trades,q learning performance,number of trades
908.7668842972913,1126,751.9676045735677,960,944.8950233933616,885
