original performance,number of trades,q learning performance,number of trades
908.7668842972913,1126,759.1863321940104,960,944.8950233933616,885
