original performance,number of trades,q learning performance,number of trades
908.7668842972913,1126,731.2873924710718,821,944.8950233933616,885
