original performance,number of trades,q learning performance,number of trades
908.7668842972913,1126,747.6787647957857,961,944.8950233933616,885
