original performance,number of trades,q learning performance,number of trades
908.7668842972913,1126,757.9101935312831,943,944.8950233933616,885
