original performance,number of trades,q learning performance,number of trades
908.7668842972913,1126,735.7164019937954,826,944.8950233933616,885
