original performance,number of trades,q learning performance,number of trades
908.7668842972913,1126,737.7642112316946,956,944.8950233933616,885
