original performance,number of trades,q learning performance,number of trades,q learning training performance,number of trades
6.424967113706366,487,-9.082149621212121,396,-11.415017264229911,448
2119.4631357540484,494,1963.8376017383441,311,1925.2769415045766,437
-185.3257677801724,145,-143.88201964727722,101,-50000,0
