original performance,number of trades,q learning performance,number of trades,q learning training performance,number of trades
6.424967113706366,487,35.604152814716315,423,-11.415017264229911,448
2119.4631357540484,494,1730.5569050623515,421,1925.2769415045766,437
-185.3257677801724,145,-185.06772546600877,114,-50000,0
