original performance,number of trades,q learning performance,number of trades
908.7668842972913,1126,754.7216593424479,960,944.8950233933616,885
