original performance,number of trades,q learning performance,number of trades
908.7668842972913,1126,748.4758008016163,959,944.8950233933616,885
