original performance,number of trades,q learning performance,number of trades
908.7668842972913,1126,683.7900246589234,678,944.8950233933616,885
