original performance,number of trades,q learning performance,number of trades
908.7668842972913,1126,683.9864617342972,804,944.8950233933616,885
