original performance,number of trades,q learning performance,number of trades
908.7668842972913,1126,709.0476495563036,817,944.8950233933616,885
