original performance,number of trades,q learning performance,number of trades
908.7668842972913,1126,657.6818095903592,682,944.8950233933616,885
