original performance,number of trades,q learning performance,number of trades
908.7668842972913,1126,743.2794533146238,824,944.8950233933616,885
