original performance,number of trades,q learning performance,number of trades
908.7668842972913,1126,753.750953141293,959,944.8950233933616,885
