original performance,number of trades,q learning performance,number of trades
908.7668842972913,1126,735.5050559785886,829,944.8950233933616,885
