original performance,number of trades,q learning performance,number of trades,q learning training performance,number of trades
6.424967113706366,487,60.09512459271327,422,-11.415017264229911,448
2119.4631357540484,494,1732.5535462440619,421,1925.2769415045766,437
-185.3257677801724,145,-169.10098505434783,115,-50000,0
