original performance,number of trades,q learning performance,number of trades
908.7668842972913,1126,689.28062615172,814,944.8950233933616,885
