original performance,number of trades,q learning performance,number of trades
908.7668842972913,1126,766.2041666666667,960,944.8950233933616,885
