original performance,number of trades,q learning performance,number of trades,q learning training performance,number of trades
6.424967113706366,487,52.208461381812796,422,-11.415017264229911,448
2119.4631357540484,494,1717.6105533699524,421,1925.2769415045766,437
-185.3257677801724,145,-176.1813735309829,117,-50000,0
