original performance,number of trades,q learning performance,number of trades
908.7668842972913,1126,684.4082391162469,814,944.8950233933616,885
