original performance,number of trades,q learning performance,number of trades
908.7668842972913,1126,733.4552131053665,955,944.8950233933616,885
