original performance,number of trades,q learning performance,number of trades
908.7668842972913,1126,651.4553038194445,675,944.8950233933616,885
