original performance,number of trades,q learning performance,number of trades
908.7668842972913,1126,646.4311465992647,680,944.8950233933616,885
