original performance,number of trades,q learning performance,number of trades
908.7668842972913,1126,636.0298971737133,680,944.8950233933616,885
