original performance,number of trades,q learning performance,number of trades
908.7668842972913,1126,757.6755721316268,962,944.8950233933616,885
