original performance,number of trades,q learning performance,number of trades
908.7668842972913,1126,754.5867850058532,961,944.8950233933616,885
