original performance,number of trades,q learning performance,number of trades
908.7668842972913,1126,682.1439678485577,676,944.8950233933616,885
