original performance,number of trades,q learning performance,number of trades
908.7668842972913,1126,664.5087336753732,670,944.8950233933616,885
