original performance,number of trades,q learning performance,number of trades
908.7668842972913,1126,762.2735472489594,961,944.8950233933616,885
