original performance,number of trades,q learning performance,number of trades
908.7668842972913,1126,748.9271943690413,944,944.8950233933616,885
