original performance,number of trades,q learning performance,number of trades
908.7668842972913,1126,754.2038548734342,958,944.8950233933616,885
