original performance,number of trades,q learning performance,number of trades
908.7668842972913,1126,732.3544829649791,953,944.8950233933616,885
