original performance,number of trades,q learning performance,number of trades
908.7668842972913,1126,767.5559209453288,958,944.8950233933616,885
