original performance,number of trades,q learning performance,number of trades
908.7668842972913,1126,699.6337275805271,683,944.8950233933616,885
