original performance,number of trades,q learning performance,number of trades
908.7668842972913,1126,661.0268365205224,670,944.8950233933616,885
