original performance,number of trades,q learning performance,number of trades
908.7668842972913,1126,744.6871123088788,932,944.8950233933616,885
