original performance,number of trades,q learning performance,number of trades
908.7668842972913,1126,733.4466323097154,808,944.8950233933616,885
