original performance,number of trades,q learning performance,number of trades
908.7668842972913,1126,750.7547627766927,960,944.8950233933616,885
