original performance,number of trades,q learning performance,number of trades
-512.3732065736104,1721,-430.55700362854213,1451,-485.73912562494695,644
