original performance,number of trades,q learning performance,number of trades
-512.3732065736104,1721,-494.80470393908564,1435,-495.06817577196205,644
