original performance,number of trades,q learning performance,number of trades
-512.3732065736104,1721,-446.26171587470435,1470,-485.73912562494695,644
