original performance,number of trades,q learning performance,number of trades
888.5859736833914,1255,917.3845037712771,1088,1031.1898930021462,1022
