original performance,number of trades,q learning performance,number of trades
888.5859736833914,1255,915.8278610005099,1088,1031.1898930021462,1022
