original performance,number of trades,q learning performance,number of trades
888.5859736833914,1255,917.4445522648134,1089,1031.1898930021462,1022
