original performance,number of trades,q learning performance,number of trades
888.5859736833914,1255,916.9614859897133,1089,1031.1898930021462,1022
