original performance,number of trades,q learning performance,number of trades,q learning training performance,number of trades
1462.8129417945108,537,1549.2339625870209,466,1438.0896853388572,490
645.684075072005,592,554.2268276820107,504,656.4137684814912,532
-417.46131121923054,126,-435.52606541902117,103,-50000,0
