original performance,number of trades,q learning performance,number of trades
888.5859736833914,1255,915.5234343439809,1083,1031.1898930021462,1022
