original performance,number of trades,q learning performance,number of trades
888.5859736833914,1255,915.1138574168168,1086,1031.1898930021462,1022
