original performance,number of trades,q learning performance,number of trades
888.5859736833914,1255,924.6814112939633,1087,1031.1898930021462,1022
