original performance,number of trades,q learning performance,number of trades
888.5859736833914,1255,901.9892616307458,1075,1031.1898930021462,1022
