original performance,number of trades,q learning performance,number of trades
888.5859736833914,1255,919.2200315973876,1083,1031.1898930021462,1022
