original performance,number of trades,q learning performance,number of trades
888.5859736833914,1255,937.1744665008745,1071,1031.1898930021462,1022
