original performance,number of trades,q learning performance,number of trades
888.5859736833914,1255,932.6837480536254,1085,1031.1898930021462,1022
