original performance,number of trades,q learning performance,number of trades
888.5859736833914,1255,915.9447274956822,1089,1031.1898930021462,1022
