original performance,number of trades,q learning performance,number of trades
888.5859736833914,1255,916.3467279664802,1067,1031.1898930021462,1022
