original performance,number of trades,q learning performance,number of trades
888.5859736833914,1255,910.9500419111813,1088,1031.1898930021462,1022
