original performance,number of trades,q learning performance,number of trades
888.5859736833914,1255,919.0284956131052,1087,1031.1898930021462,1022
