original performance,number of trades,q learning performance,number of trades
875.9376626869688,1662,848.6437021787686,1473,855.9497938546521,684
