original performance,number of trades,q learning performance,number of trades
875.9376626869688,1662,835.0953578599359,1473,855.9497938546521,684
