original performance,number of trades,q learning performance,number of trades
875.9376626869688,1662,841.3126572224245,1475,855.9497938546521,684
