original performance,number of trades,q learning performance,number of trades
875.9376626869688,1662,868.3999498131867,1442,880.7772636763547,654
