original performance,number of trades,q learning performance,number of trades
875.9376626869688,1662,869.2211850360759,1442,880.7772636763547,654
