original performance,number of trades,q learning performance,number of trades
875.9376626869688,1662,867.551341677175,1442,872.0293609899119,654
