original performance,number of trades,q learning performance,number of trades,q learning training performance,number of trades
743.2025753518809,552,792.3969184395548,461,1870.3287186581865,234
848.3742992604962,524,919.2752536290598,458,911.3378863831745,259
1280.0825700239702,440,1049.9979563798054,404,-585.4124797560413,161
258.74048060587006,146,400.30687040441177,119,-50000,0
