original performance,number of trades,q learning performance,number of trades
875.9376626869688,1662,868.5459990819295,1440,866.8096468397601,654
