original performance,number of trades,q learning performance,number of trades
875.9376626869688,1662,866.1471732336146,1441,866.8096468397601,654
