original performance,number of trades,q learning performance,number of trades
875.9376626869688,1662,870.2456058285272,1442,885.9969778265064,654
