original performance,number of trades,q learning performance,number of trades
875.9376626869688,1662,890.3208650953314,1424,880.7772636763547,654
