original performance,number of trades,q learning performance,number of trades
875.9376626869688,1662,873.8861692854501,1442,880.7772636763547,654
