original performance,number of trades,q learning performance,number of trades
875.9376626869688,1662,876.0981493029352,1439,885.9969778265064,654
