original performance,number of trades,q learning performance,number of trades
875.9376626869688,1662,873.064934062561,1442,885.9969778265064,654
