original performance,number of trades,q learning performance,number of trades
875.9376626869688,1662,866.1035336051692,1441,880.7772636763547,654
