original performance,number of trades,q learning performance,number of trades
875.9376626869688,1662,874.0417810634636,1441,885.9969778265064,654
