original performance,number of trades,q learning performance,number of trades
875.9376626869688,1662,871.1919051340979,1442,880.0564137496715,654
