original performance,number of trades,q learning performance,number of trades
-110.81718947132181,1127,-111.22554908022133,982,37.71502219734235,891
