original performance,number of trades,q learning performance,number of trades
-110.81718947132181,1127,-88.20932470354708,981,37.71502219734235,891
