original performance,number of trades,q learning performance,number of trades
-110.81718947132181,1127,-149.7290132620039,685,37.71502219734235,891
