original performance,number of trades,q learning performance,number of trades,q learning training performance,number of trades
-12.101601718334441,470,149.09203244928727,399,151.13078439323556,407
45.399670090121724,534,-5.319264843097509,449,-57.657323285567855,484
-1166.2328744283536,123,-1261.890719822475,112,-50000,0
