original performance,number of trades,q learning performance,number of trades
-110.81718947132181,1127,-236.85486660581645,528,37.71502219734235,891
