original performance,number of trades,q learning performance,number of trades,q learning training performance,number of trades
-12.101601718334441,470,131.89137898155707,402,151.13078439323556,407
45.399670090121724,534,-50.208127132301165,466,-57.657323285567855,484
-1166.2328744283536,123,-1081.9628195057744,115,-50000,0
