original performance,number of trades,q learning performance,number of trades
-110.81718947132181,1127,-85.89435925305311,989,37.71502219734235,891
