original performance,number of trades,q learning performance,number of trades
-110.81718947132181,1127,-74.30829105280378,985,37.71502219734235,891
