original performance,number of trades,q learning performance,number of trades
-110.81718947132181,1127,-225.1407002988069,552,37.71502219734235,891
