original performance,number of trades,q learning performance,number of trades
-110.81718947132181,1127,-220.2908812788196,532,37.71502219734235,891
