original performance,number of trades,q learning performance,number of trades
-110.81718947132181,1127,-99.72517986040125,963,37.71502219734235,891
