original performance,number of trades,q learning performance,number of trades
-110.81718947132181,1127,-67.94393121857749,951,37.71502219734235,891
