original performance,number of trades,q learning performance,number of trades
-110.81718947132181,1127,-96.44188925354067,983,37.71502219734235,891
