original performance,number of trades,q learning performance,number of trades,q learning training performance,number of trades
-12.101601718334441,470,304.73015805899377,332,151.13078439323556,407
45.399670090121724,534,-382.5762875205592,266,-57.657323285567855,484
-1166.2328744283536,123,-1151.891920381434,85,-50000,0
