original performance,number of trades,q learning performance,number of trades
-110.81718947132181,1127,-71.87787671838417,961,37.71502219734235,891
