original performance,number of trades,q learning performance,number of trades
-110.81718947132181,1127,-164.9804832491054,703,37.71502219734235,891
