original performance,number of trades,q learning performance,number of trades
-110.81718947132181,1127,-93.8293777670954,967,37.71502219734235,891
