original performance,number of trades,q learning performance,number of trades
-110.81718947132181,1127,-143.83719651523606,693,37.71502219734235,891
