original performance,number of trades,q learning performance,number of trades
-110.81718947132181,1127,-91.2422629536062,690,37.71502219734235,891
