original performance,number of trades,q learning performance,number of trades
-110.81718947132181,1127,-209.8507080078125,527,37.71502219734235,891
