original performance,number of trades,q learning performance,number of trades
-110.81718947132181,1127,-81.1147999957325,984,37.71502219734235,891
