original performance,number of trades,q learning performance,number of trades
-110.81718947132181,1127,-75.16400001910884,971,37.71502219734235,891
