original performance,number of trades,q learning performance,number of trades
-110.81718947132181,1127,-244.91391911397454,524,37.71502219734235,891
