original performance,number of trades,q learning performance,number of trades
-110.81718947132181,1127,-124.42463225436349,692,37.71502219734235,891
