original performance,number of trades,q learning performance,number of trades
-110.81718947132181,1127,-94.15068088245198,986,37.71502219734235,891
