original performance,number of trades,q learning performance,number of trades
-110.81718947132181,1127,-123.64812835101606,722,37.71502219734235,891
