original performance,number of trades,q learning performance,number of trades
-110.81718947132181,1127,-159.25805982968976,689,37.71502219734235,891
