original performance,number of trades,q learning performance,number of trades
-110.81718947132181,1127,-103.87535179811826,974,37.71502219734235,891
