original performance,number of trades,q learning performance,number of trades
-110.81718947132181,1127,-98.71456442588617,968,37.71502219734235,891
