original performance,number of trades,q learning performance,number of trades,q learning training performance,number of trades
-12.101601718334441,470,412.3006290801584,292,151.13078439323556,407
45.399670090121724,534,-874.6638676424204,161,-57.657323285567855,484
-1166.2328744283536,123,-1163.330474467217,79,-50000,0
