original performance,number of trades,q learning performance,number of trades
-110.81718947132181,1127,-227.41415519144996,536,37.71502219734235,891
