original performance,number of trades,q learning performance,number of trades
-110.81718947132181,1127,-119.76537789903932,701,37.71502219734235,891
