original performance,number of trades,q learning performance,number of trades
-110.81718947132181,1127,-118.80968218097082,694,37.71502219734235,891
