original performance,number of trades,q learning performance,number of trades
-110.81718947132181,1127,-102.96651817908653,975,37.71502219734235,891
