original performance,number of trades,q learning performance,number of trades
-110.81718947132181,1127,-102.55558110270688,966,37.71502219734235,891
