original performance,number of trades,q learning performance,number of trades
-110.81718947132181,1127,-76.03852367889186,977,37.71502219734235,891
