original performance,number of trades,q learning performance,number of trades
-110.81718947132181,1127,-74.63016915027006,972,37.71502219734235,891
