original performance,number of trades,q learning performance,number of trades
-110.81718947132181,1127,-241.8573542257679,526,37.71502219734235,891
