original performance,number of trades,q learning performance,number of trades
-110.81718947132181,1127,-87.74207248687745,960,37.71502219734235,891
