original performance,number of trades,q learning performance,number of trades
-110.81718947132181,1127,-234.70250325520834,525,37.71502219734235,891
