original performance,number of trades,q learning performance,number of trades
-110.81718947132181,1127,-226.07735391487753,532,37.71502219734235,891
