original performance,number of trades,q learning performance,number of trades
-110.81718947132181,1127,-91.48563226161859,975,37.71502219734235,891
