original performance,number of trades,q learning performance,number of trades
-110.81718947132181,1127,-223.12858487423335,535,37.71502219734235,891
