original performance,number of trades,q learning performance,number of trades
-110.81718947132181,1127,-116.0382960977888,943,37.71502219734235,891
