original performance,number of trades,q learning performance,number of trades
-110.81718947132181,1127,-211.15076406378495,532,37.71502219734235,891
