original performance,number of trades,q learning performance,number of trades
-110.81718947132181,1127,-83.8027143645017,973,37.71502219734235,891
