original performance,number of trades,q learning performance,number of trades
-110.81718947132181,1127,-148.3901805522957,699,37.71502219734235,891
