original performance,number of trades,q learning performance,number of trades
810.935795511798,1948,612.1866216167253,1666,846.5014708219327,767
