original performance,number of trades,q learning performance,number of trades
810.935795511798,1948,607.5268974235217,1659,836.8525109819515,767
