original performance,number of trades,q learning performance,number of trades
810.935795511798,1948,586.5436436593818,1672,840.0782686454843,767
