original performance,number of trades,q learning performance,number of trades
810.935795511798,1948,603.436053474981,1678,846.5014708219327,767
