original performance,number of trades,q learning performance,number of trades,q learning training performance,number of trades
633.3098771691117,581,788.000662006066,501,935.9082492965151,251
908.7061836354873,680,776.6199059149232,594,1167.6474039996112,324
1547.9738105455458,551,904.4966091752864,441,149.14138778050742,192
-1905.1756136838128,136,-1755.172852786082,106,-50000,0
