original performance,number of trades,q learning performance,number of trades
810.935795511798,1948,598.0452378393642,1676,846.3676692261379,767
