original performance,number of trades,q learning performance,number of trades
810.935795511798,1948,600.6422333202773,1668,836.8525109819515,767
