original performance,number of trades,q learning performance,number of trades
810.935795511798,1948,630.4814196474917,1665,846.3676692261379,767
