original performance,number of trades,q learning performance,number of trades
810.935795511798,1948,584.7736974199114,1671,846.5014708219327,767
