original performance,number of trades,q learning performance,number of trades
810.935795511798,1948,600.3142063083592,1665,846.5014708219327,767
