original performance,number of trades,q learning performance,number of trades
810.935795511798,1948,580.9972053735278,1655,840.0782686454843,767
