original performance,number of trades,q learning performance,number of trades
810.935795511798,1948,624.6183322805625,1664,846.3676692261379,767
