original performance,number of trades,q learning performance,number of trades
810.935795511798,1948,600.1375018652681,1668,846.5014708219327,767
