original performance,number of trades,q learning performance,number of trades
810.935795511798,1948,650.9958818693544,1642,836.8525109819515,767
