original performance,number of trades,q learning performance,number of trades
810.935795511798,1948,580.9334626427063,1664,846.5014708219327,767
