original performance,number of trades,q learning performance,number of trades
810.935795511798,1948,591.5779424508888,1673,846.5014708219327,767
