original performance,number of trades,q learning performance,number of trades
810.935795511798,1948,600.5969076292855,1680,846.3676692261379,767
