original performance,number of trades,q learning performance,number of trades
810.935795511798,1948,586.3836453122583,1667,846.5014708219327,767
