original performance,number of trades,q learning performance,number of trades
810.935795511798,1948,612.2323927429162,1663,836.8525109819515,767
