original performance,number of trades,q learning performance,number of trades
810.935795511798,1948,592.8759519986804,1671,846.5014708219327,767
