original performance,number of trades,q learning performance,number of trades
810.935795511798,1948,586.1389589349691,1669,838.4409830722535,767
