original performance,number of trades,q learning performance,number of trades
810.935795511798,1948,632.7891686889054,1642,846.3676692261379,767
