original performance,number of trades,q learning performance,number of trades
810.935795511798,1948,597.3554024630874,1675,846.5014708219327,767
