original performance,number of trades,q learning performance,number of trades
810.935795511798,1948,652.6751248003488,1660,846.3676692261379,767
