original performance,number of trades,q learning performance,number of trades
810.935795511798,1948,592.036545427946,1664,846.3676692261379,767
