original performance,number of trades,q learning performance,number of trades
810.935795511798,1948,589.0775050946339,1677,846.5014708219327,767
