original performance,number of trades,q learning performance,number of trades
810.935795511798,1948,617.9728968397222,1663,846.5014708219327,767
