original performance,number of trades,q learning performance,number of trades
810.935795511798,1948,611.6129138723212,1674,846.5014708219327,767
