original performance,number of trades,q learning performance,number of trades
810.935795511798,1948,603.874036000049,1661,846.3676692261379,767
