original performance,number of trades,q learning performance,number of trades
810.935795511798,1948,584.0110886933486,1673,846.3676692261379,767
