original performance,number of trades,q learning performance,number of trades
810.935795511798,1948,597.2248795819652,1678,846.5014708219327,767
