original performance,number of trades,q learning performance,number of trades,q learning training performance,number of trades
633.3098771691117,581,771.741179551907,501,935.9082492965151,251
908.7061836354873,680,766.8658084933605,594,1190.4892317689496,324
1547.9738105455458,551,855.5136631902924,441,148.60687828063965,192
-1905.1756136838128,136,-1701.9087894367722,106,-50000,0
