original performance,number of trades,q learning performance,number of trades
810.935795511798,1948,606.5956088154256,1666,840.0782686454843,767
