original performance,number of trades,q learning performance,number of trades
810.935795511798,1948,584.6117158228037,1666,846.5014708219327,767
