original performance,number of trades,q learning performance,number of trades
810.935795511798,1948,599.0768906934776,1673,846.5014708219327,767
