original performance,number of trades,q learning performance,number of trades
810.935795511798,1948,602.4672244361316,1671,846.5014708219327,767
