original performance,number of trades,q learning performance,number of trades
810.935795511798,1948,597.2612671307155,1680,846.5014708219327,767
