original performance,number of trades,q learning performance,number of trades
810.935795511798,1948,584.6737395227846,1673,846.5014708219327,767
