original performance,number of trades,q learning performance,number of trades
810.935795511798,1948,589.5828217466434,1670,846.5014708219327,767
