original performance,number of trades,q learning performance,number of trades
810.935795511798,1948,630.1996361124552,1655,846.5014708219327,767
