original performance,number of trades,q learning performance,number of trades,q learning training performance,number of trades
633.3098771691117,581,788.000662006066,501,935.9082492965151,251
908.7061836354873,680,783.2259651761095,595,1190.4892317689496,324
1547.9738105455458,551,774.5935333251953,465,148.60687828063965,192
-1905.1756136838128,136,-1800.6940597922114,118,-50000,0
