original performance,number of trades,q learning performance,number of trades
810.935795511798,1948,620.0475077686264,1668,846.5014708219327,767
