original performance,number of trades,q learning performance,number of trades
810.935795511798,1948,589.8537174468248,1677,846.5014708219327,767
