original performance,number of trades,q learning performance,number of trades
810.935795511798,1948,591.9416797681263,1673,846.5014708219327,767
