original performance,number of trades,q learning performance,number of trades
810.935795511798,1948,576.1497709440148,1656,846.5014708219327,767
