original performance,number of trades,q learning performance,number of trades
810.935795511798,1948,603.0245481381576,1672,846.3676692261379,767
