original performance,number of trades,q learning performance,number of trades
810.935795511798,1948,595.9333415798692,1678,846.5014708219327,767
