original performance,number of trades,q learning performance,number of trades
810.935795511798,1948,636.6748029854162,1654,846.5014708219327,767
