original performance,number of trades,q learning performance,number of trades
810.935795511798,1948,584.680719175316,1676,846.3676692261379,767
