original performance,number of trades,q learning performance,number of trades,q learning training performance,number of trades
633.3098771691117,581,783.7004458490246,501,935.9082492965151,251
908.7061836354873,680,778.807659501789,595,1190.4892317689496,324
1547.9738105455458,551,826.6315664164225,450,149.14138778050742,192
-1905.1756136838128,136,-1697.5072283963545,109,-50000,0
