original performance,number of trades,q learning performance,number of trades
810.935795511798,1948,613.0577854407761,1670,846.3676692261379,767
