original performance,number of trades,q learning performance,number of trades,q learning training performance,number of trades
633.3098771691117,581,771.741179551907,501,935.9082492965151,251
908.7061836354873,680,752.4119247846155,596,1190.4892317689496,324
1547.9738105455458,551,758.8893000065121,463,148.60687828063965,192
-1905.1756136838128,136,-1780.3508507958775,116,-50000,0
