original performance,number of trades,q learning performance,number of trades
810.935795511798,1948,598.3512618609838,1680,846.5014708219327,767
