original performance,number of trades,q learning performance,number of trades
810.935795511798,1948,575.4911838290927,1665,840.0782686454843,767
