original performance,number of trades,q learning performance,number of trades
412.6022107444022,1411,441.6438133971829,1261,120.71080685357978,548
