original performance,number of trades,q learning performance,number of trades
412.6022107444022,1411,467.64042268512935,842,120.71080685357978,548
