original performance,number of trades,q learning performance,number of trades
412.6022107444022,1411,486.8100818759399,852,120.71080685357978,548
