original performance,number of trades,q learning performance,number of trades
412.6022107444022,1411,416.5953116150143,1269,120.71080685357978,548
