original performance,number of trades,q learning performance,number of trades
412.6022107444022,1411,447.09475409661644,849,120.71080685357978,548
