original performance,number of trades,q learning performance,number of trades
412.6022107444022,1411,422.52750052563397,1268,120.71080685357978,548
