original performance,number of trades,q learning performance,number of trades
412.6022107444022,1411,403.66384199856617,1087,120.71080685357978,548
