original performance,number of trades,q learning performance,number of trades
412.6022107444022,1411,450.3977436749232,865,120.71080685357978,548
