original performance,number of trades,q learning performance,number of trades
412.6022107444022,1411,420.9124267689199,1099,120.71080685357978,548
