original performance,number of trades,q learning performance,number of trades
412.6022107444022,1411,420.1787370885693,1272,120.71080685357978,548
