original performance,number of trades,q learning performance,number of trades
412.6022107444022,1411,426.50859427865095,1270,120.71080685357978,548
