original performance,number of trades,q learning performance,number of trades
412.6022107444022,1411,424.857829229273,1212,120.71080685357978,548
