original performance,number of trades,q learning performance,number of trades
412.6022107444022,1411,406.06983870354253,1104,120.71080685357978,548
