original performance,number of trades,q learning performance,number of trades
412.6022107444022,1411,418.1095266529452,1273,120.71080685357978,548
