original performance,number of trades,q learning performance,number of trades
412.6022107444022,1411,419.0052014063275,1260,120.71080685357978,548
