original performance,number of trades,q learning performance,number of trades
412.6022107444022,1411,414.44047868959694,1263,120.71080685357978,548
