original performance,number of trades,q learning performance,number of trades
412.6022107444022,1411,420.03365079662467,1264,120.71080685357978,548
