original performance,number of trades,q learning performance,number of trades
412.6022107444022,1411,416.54629811932966,1271,120.71080685357978,548
