original performance,number of trades,q learning performance,number of trades
412.6022107444022,1411,384.8190747322404,1259,120.71080685357978,548
