original performance,number of trades,q learning performance,number of trades
412.6022107444022,1411,427.00821749369305,1248,120.71080685357978,548
