original performance,number of trades,q learning performance,number of trades
412.6022107444022,1411,426.2876923445159,1275,120.71080685357978,548
