original performance,number of trades,q learning performance,number of trades
412.6022107444022,1411,429.729855334712,1275,120.71080685357978,548
