original performance,number of trades,q learning performance,number of trades
412.6022107444022,1411,421.83804878566576,1265,120.71080685357978,548
