original performance,number of trades,q learning performance,number of trades
412.6022107444022,1411,413.8247885768653,1107,120.71080685357978,548
