original performance,number of trades,q learning performance,number of trades
412.6022107444022,1411,434.40309958065257,1275,120.71080685357978,548
