original performance,number of trades,q learning performance,number of trades
412.6022107444022,1411,444.18050089680344,1255,120.71080685357978,548
