original performance,number of trades,q learning performance,number of trades
412.6022107444022,1411,421.27960020123106,1221,120.71080685357978,548
