original performance,number of trades,q learning performance,number of trades
412.6022107444022,1411,431.4183517468079,1269,120.71080685357978,548
