original performance,number of trades,q learning performance,number of trades
412.6022107444022,1411,445.25239299405393,1262,120.71080685357978,548
