original performance,number of trades,q learning performance,number of trades
412.6022107444022,1411,436.6424907402865,1274,120.71080685357978,548
