original performance,number of trades,q learning performance,number of trades
412.6022107444022,1411,451.06548429020864,835,120.71080685357978,548
