original performance,number of trades,q learning performance,number of trades
412.6022107444022,1411,443.6208706756136,1072,120.71080685357978,548
