original performance,number of trades,q learning performance,number of trades
412.6022107444022,1411,456.775911206142,839,120.71080685357978,548
