original performance,number of trades,q learning performance,number of trades
412.6022107444022,1411,432.9552822979298,1211,120.71080685357978,548
