original performance,number of trades,q learning performance,number of trades
412.6022107444022,1411,451.0604516892206,1260,120.71080685357978,548
