original performance,number of trades,q learning performance,number of trades
412.6022107444022,1411,418.31815003269935,1105,120.71080685357978,548
