original performance,number of trades,q learning performance,number of trades
412.6022107444022,1411,428.5452143230709,1266,120.71080685357978,548
