original performance,number of trades,q learning performance,number of trades
737.1249886324573,1794,798.989439951779,1524,488.93437516519487,702
