original performance,number of trades,q learning performance,number of trades
737.1249886324573,1794,775.6359777015598,1469,488.93437516519487,702
