original performance,number of trades,q learning performance,number of trades
737.1249886324573,1794,800.8369147278833,1525,488.93437516519487,702
