original performance,number of trades,q learning performance,number of trades
737.1249886324573,1794,799.1323355351008,1523,488.93437516519487,702
