original performance,number of trades,q learning performance,number of trades
737.1249886324573,1794,773.7164159032891,1486,488.93437516519487,702
