original performance,number of trades,q learning performance,number of trades
737.1249886324573,1794,805.9281195360442,1515,488.93437516519487,702
