original performance,number of trades,q learning performance,number of trades
737.1249886324573,1794,822.2177100349502,1505,488.93437516519487,702
