original performance,number of trades,q learning performance,number of trades
737.1249886324573,1794,770.6605537122099,1487,488.93437516519487,702
