original performance,number of trades,q learning performance,number of trades
737.1249886324573,1794,827.0419807434082,1498,488.93437516519487,702
