original performance,number of trades,q learning performance,number of trades
737.1249886324573,1794,816.7050419643786,1521,488.93437516519487,702
