original performance,number of trades,q learning performance,number of trades
737.1249886324573,1794,799.733776190342,1521,488.93437516519487,702
