original performance,number of trades,q learning performance,number of trades
737.1249886324573,1794,801.3807408425928,1516,488.93437516519487,702
