original performance,number of trades,q learning performance,number of trades
737.1249886324573,1794,802.4178402499149,1520,488.93437516519487,702
