original performance,number of trades,q learning performance,number of trades
737.1249886324573,1794,787.6084326839951,1512,488.93437516519487,702
