original performance,number of trades,q learning performance,number of trades
737.1249886324573,1794,810.9585417050221,1525,488.93437516519487,702
