original performance,number of trades,q learning performance,number of trades
737.1249886324573,1794,813.7749697827759,1519,488.93437516519487,702
