original performance,number of trades,q learning performance,number of trades
1204.2041569295193,743,1100.5129666290038,621,1339.415475040252,706
