original performance,number of trades,q learning performance,number of trades
1204.2041569295193,743,1120.1294445043222,709,1325.1378356404387,692
