original performance,number of trades,q learning performance,number of trades
1204.2041569295193,743,1146.1766609339834,722,1339.415475040252,706
