original performance,number of trades,q learning performance,number of trades
1204.2041569295193,743,1208.72849457254,719,1339.415475040252,706
