original performance,number of trades,q learning performance,number of trades
1204.2041569295193,743,1158.3095745463947,728,1339.415475040252,706
