original performance,number of trades,q learning performance,number of trades
1204.2041569295193,743,1182.5165624276995,726,1339.415475040252,706
