original performance,number of trades,q learning performance,number of trades
1204.2041569295193,743,1181.027698917103,467,1325.1378356404387,692
