original performance,number of trades,q learning performance,number of trades
1204.2041569295193,743,1173.7077566940266,726,1339.415475040252,706
