original performance,number of trades,q learning performance,number of trades
1204.2041569295193,743,1156.1434889080144,476,1325.1378356404387,692
