original performance,number of trades,q learning performance,number of trades
1204.2041569295193,743,1164.1432102387528,725,1339.415475040252,706
