original performance,number of trades,q learning performance,number of trades,q learning training performance,number of trades
1050.3847243512264,122,1065.401928051098,111,1050.3847243512264,122
1359.6825206667877,129,1246.9611365772853,107,1359.6825206667877,129
-365.3635470398471,117,-219.07991443980825,88,-365.3635470398471,117
1019.2408951739876,98,1196.9802554991188,82,1019.2408951739876,98
3756.8691945177443,141,3756.4589366206415,108,3784.125300162179,140
617.5180292412787,101,-6.905278454088185,73,551.6572909545898,100
-1658.5212297712053,35,-2503.1107005243716,23,-50000,0
