original performance,number of trades,q learning performance,number of trades,q learning training performance,number of trades
1050.3847243512264,122,968.762671661377,120,968.762671661377,120
1359.6825206667877,129,1363.3134990093138,121,1397.3784873046875,125
-365.3635470398471,117,-208.5568788860916,109,-275.44240457286,115
1019.2408951739876,98,955.9236456487597,97,1019.2408951739876,98
3756.8691945177443,141,3657.5048951106287,134,3690.4619140625,136
617.5180292412787,101,559.4832848442925,90,571.0101962965362,98
-1658.5212297712053,35,-1922.1018300374349,30,-50000,0
