original performance,number of trades,q learning performance,number of trades
1204.2041569295193,743,1129.934255063437,615,1339.415475040252,706
