original performance,number of trades,q learning performance,number of trades
1204.2041569295193,743,1137.3526014647732,692,1325.1378356404387,692
