original performance,number of trades,q learning performance,number of trades,q learning training performance,number of trades
1050.3847243512264,122,1050.3847243512264,122,1050.3847243512264,122
1359.6825206667877,129,1068.0620251464843,125,1359.6825206667877,129
-365.3635470398471,117,-261.443494642103,111,-365.3635470398471,117
1019.2408951739876,98,1019.2408951739876,98,1019.2408951739876,98
3756.8691945177443,141,3760.841605343036,134,3784.125300162179,140
617.5180292412787,101,638.8706133341052,97,551.6572909545898,100
-1658.5212297712053,35,-1773.3298571037524,33,-50000,0
