original performance,number of trades,q learning performance,number of trades
1204.2041569295193,743,1101.7688216073172,560,1339.415475040252,706
