original performance,number of trades,q learning performance,number of trades
1204.2041569295193,743,1132.0970570685456,724,1339.415475040252,706
