original performance,number of trades,q learning performance,number of trades
1204.2041569295193,743,1108.209127491918,696,1325.1378356404387,692
