original performance,number of trades,q learning performance,number of trades,q learning training performance,number of trades
1050.3847243512264,122,1050.3847243512264,122,1050.3847243512264,122
1359.6825206667877,129,1271.3461464709185,127,1359.6825206667877,129
-365.3635470398471,117,-345.8651406028054,110,-365.3635470398471,117
1019.2408951739876,98,1127.7677488327026,96,1019.2408951739876,98
3756.8691945177443,141,3589.8212032033434,134,3784.125300162179,140
617.5180292412787,101,638.8706133341052,97,551.6572909545898,100
-1658.5212297712053,35,-1773.3298571037524,33,-50000,0
