original performance,number of trades,q learning performance,number of trades
1204.2041569295193,743,1202.3306726463625,721,1339.415475040252,706
