original performance,number of trades,q learning performance,number of trades,q learning training performance,number of trades
1050.3847243512264,122,1026.1765754699707,120,1050.3847243512264,122
1359.6825206667877,129,1102.4568724593496,123,1359.6825206667877,129
-365.3635470398471,117,-394.52285713527516,115,-365.3635470398471,117
1019.2408951739876,98,1067.3431972228375,97,1019.2408951739876,98
3756.8691945177443,141,3686.216754636903,138,3784.125300162179,140
617.5180292412787,101,551.6572909545898,100,551.6572909545898,100
-1658.5212297712053,35,-1789.8155406605113,33,-50000,0
