original performance,number of trades,q learning performance,number of trades
1204.2041569295193,743,1193.9685409105136,727,1339.415475040252,706
