original performance,number of trades,q learning performance,number of trades
1204.2041569295193,743,1151.5788580071437,730,1339.415475040252,706
