original performance,number of trades,q learning performance,number of trades
1204.2041569295193,743,1269.9725758755033,617,1339.415475040252,706
