original performance,number of trades,q learning performance,number of trades
1204.2041569295193,743,1155.3515605393734,716,1339.415475040252,706
