original performance,number of trades,q learning performance,number of trades
1204.2041569295193,743,1112.6343196292576,695,1325.1378356404387,692
