original performance,number of trades,q learning performance,number of trades
1204.2041569295193,743,1166.5602898067898,720,1339.415475040252,706
