original performance,number of trades,q learning performance,number of trades
1204.2041569295193,743,1138.516269196739,697,1325.1378356404387,692
