original performance,number of trades,q learning performance,number of trades
1204.2041569295193,743,1187.0403751767915,725,1339.415475040252,706
