original performance,number of trades,q learning performance,number of trades
1204.2041569295193,743,1158.2383048550394,596,1339.415475040252,706
