original performance,number of trades,q learning performance,number of trades
1204.2041569295193,743,1160.7193279321643,690,1325.1378356404387,692
