original performance,number of trades,q learning performance,number of trades
1204.2041569295193,743,996.7185520233788,433,1325.1378356404387,692
