original performance,number of trades,q learning performance,number of trades
1204.2041569295193,743,1128.2680934626367,723,1339.415475040252,706
