original performance,number of trades,q learning performance,number of trades
1204.2041569295193,743,1156.5680507150937,727,1339.415475040252,706
