original performance,number of trades,q learning performance,number of trades,q learning training performance,number of trades
1050.3847243512264,122,521.5450089066117,81,968.762671661377,120
1359.6825206667877,129,1296.6365344238282,50,1397.3784873046875,125
-365.3635470398471,117,-419.9960144042969,70,-275.44240457286,115
1019.2408951739876,98,940.6913205410572,47,1019.2408951739876,98
3756.8691945177443,141,3634.655575331821,93,3690.4619140625,136
617.5180292412787,101,365.6287717657574,59,571.0101962965362,98
-1658.5212297712053,35,-2465.190721130371,20,-50000,0
