original performance,number of trades,q learning performance,number of trades
1204.2041569295193,743,1174.9916799977339,724,1339.415475040252,706
