original performance,number of trades,q learning performance,number of trades
1204.2041569295193,743,1122.5983156524435,685,1325.1378356404387,692
