original performance,number of trades,q learning performance,number of trades,q learning training performance,number of trades
1050.3847243512264,122,1237.7042256673178,105,1050.3847243512264,122
1359.6825206667877,129,1366.5564782278877,84,1359.6825206667877,129
-365.3635470398471,117,-433.54864307160074,94,-365.3635470398471,117
1019.2408951739876,98,992.6769162132626,63,1019.2408951739876,98
3756.8691945177443,141,3970.846445121017,102,3784.125300162179,140
617.5180292412787,101,221.06468854631697,77,551.6572909545898,100
-1658.5212297712053,35,-2473.981264554537,26,-50000,0
