original performance,number of trades,q learning performance,number of trades
1204.2041569295193,743,1208.9195080869686,483,1325.1378356404387,692
