original performance,number of trades,q learning performance,number of trades
1204.2041569295193,743,1189.424373007964,709,1325.1378356404387,692
