original performance,number of trades,q learning performance,number of trades
1204.2041569295193,743,1150.1475237454615,723,1339.415475040252,706
