original performance,number of trades,q learning performance,number of trades
1204.2041569295193,743,1163.5709569491712,699,1325.1378356404387,692
