original performance,number of trades,q learning performance,number of trades
1204.2041569295193,743,1133.7893915090783,557,1339.415475040252,706
