original performance,number of trades,q learning performance,number of trades
1204.2041569295193,743,1118.5033818791421,712,1339.415475040252,706
