original performance,number of trades,q learning performance,number of trades
1204.2041569295193,743,1056.0789615148785,696,1325.1378356404387,692
