original performance,number of trades,q learning performance,number of trades,q learning training performance,number of trades
1050.3847243512264,122,968.762671661377,120,968.762671661377,120
1359.6825206667877,129,1351.0772580006083,122,1397.3784873046875,125
-365.3635470398471,117,-249.75469433819805,108,-275.44240457286,115
1019.2408951739876,98,1015.1875769297282,96,1019.2408951739876,98
3756.8691945177443,141,3612.035066826399,129,3690.4619140625,136
617.5180292412787,101,490.24138997395835,90,571.0101962965362,98
-1658.5212297712053,35,-2026.6446917133946,31,-50000,0
