original performance,number of trades,q learning performance,number of trades
1204.2041569295193,743,1084.5294614197778,610,1339.415475040252,706
