original performance,number of trades,q learning performance,number of trades
1204.2041569295193,743,1113.2577092364552,615,1339.415475040252,706
