original performance,number of trades,q learning performance,number of trades,q learning training performance,number of trades
1050.3847243512264,122,1245.9965933035087,111,1050.3847243512264,122
1359.6825206667877,129,990.2792784492924,106,1359.6825206667877,129
-365.3635470398471,117,-235.64642585305606,85,-365.3635470398471,117
1019.2408951739876,98,1216.78443016944,77,1019.2408951739876,98
3756.8691945177443,141,3701.9482337246423,119,3784.125300162179,140
617.5180292412787,101,200.90591910715852,89,551.6572909545898,100
-1658.5212297712053,35,-2509.1952549861026,26,-50000,0
