original performance,number of trades,q learning performance,number of trades
1204.2041569295193,743,1194.9300513506905,737,1339.415475040252,706
