original performance,number of trades,q learning performance,number of trades
1204.2041569295193,743,1183.2670504743883,724,1339.415475040252,706
