original performance,number of trades,q learning performance,number of trades
1204.2041569295193,743,1136.8703642096132,466,1325.1378356404387,692
