original performance,number of trades,q learning performance,number of trades
1204.2041569295193,743,1173.0594066699903,715,1339.415475040252,706
