original performance,number of trades,q learning performance,number of trades,q learning training performance,number of trades
1050.3847243512264,122,1139.956942000479,106,1050.3847243512264,122
1359.6825206667877,129,1366.5564782278877,84,1359.6825206667877,129
-365.3635470398471,117,-442.21888224283856,96,-365.3635470398471,117
1019.2408951739876,98,1206.7839819679798,71,1019.2408951739876,98
3756.8691945177443,141,3782.828630907782,116,3784.125300162179,140
617.5180292412787,101,-99.9282719538762,78,551.6572909545898,100
-1658.5212297712053,35,-2362.939904785156,25,-50000,0
