original performance,number of trades,q learning performance,number of trades,q learning training performance,number of trades
1050.3847243512264,122,1050.3847243512264,122,1050.3847243512264,122
1359.6825206667877,129,1260.4019742012024,128,1359.6825206667877,129
-365.3635470398471,117,-233.60738352547705,113,-365.3635470398471,117
1019.2408951739876,98,1078.5466132409795,97,1019.2408951739876,98
3756.8691945177443,141,3706.7244688574947,134,3784.125300162179,140
617.5180292412787,101,704.1407270534064,93,551.6572909545898,100
-1658.5212297712053,35,-1900.3173456192017,32,-50000,0
