original performance,number of trades,q learning performance,number of trades,q learning training performance,number of trades
1050.3847243512264,122,1188.226523659446,110,1050.3847243512264,122
1359.6825206667877,129,1054.9061261167622,101,1359.6825206667877,129
-365.3635470398471,117,-307.5978316341538,83,-365.3635470398471,117
1019.2408951739876,98,1268.8360849403473,83,1019.2408951739876,98
3756.8691945177443,141,3768.3009195078976,115,3784.125300162179,140
617.5180292412787,101,347.14045786303143,86,551.6572909545898,100
-1658.5212297712053,35,-2639.306815185547,25,-50000,0
