original performance,number of trades,q learning performance,number of trades
1204.2041569295193,743,1194.481903245714,720,1339.415475040252,706
