original performance,number of trades,q learning performance,number of trades
1204.2041569295193,743,1145.5738814585918,592,1339.415475040252,706
