original performance,number of trades,q learning performance,number of trades
1204.2041569295193,743,1070.2258917637448,563,1339.415475040252,706
