original performance,number of trades,q learning performance,number of trades
1204.2041569295193,743,1069.2196298208978,694,1325.1378356404387,692
