original performance,number of trades,q learning performance,number of trades,q learning training performance,number of trades
1050.3847243512264,122,1139.956942000479,106,1050.3847243512264,122
1359.6825206667877,129,1346.5451104956937,83,1359.6825206667877,129
-365.3635470398471,117,-498.42928978704634,93,-365.3635470398471,117
1019.2408951739876,98,1202.4278007175612,69,1019.2408951739876,98
3756.8691945177443,141,3726.072757545961,109,3784.125300162179,140
617.5180292412787,101,9.464437662760417,75,551.6572909545898,100
-1658.5212297712053,35,-2362.939904785156,25,-50000,0
