original performance,number of trades,q learning performance,number of trades
412.6022107444022,1411,260.4907669414638,747,128.01404008516226,519
