original performance,number of trades,q learning performance,number of trades
412.6022107444022,1411,416.8649760902078,1191,128.01404008516226,519
