original performance,number of trades,q learning performance,number of trades
412.6022107444022,1411,373.1385985469231,1137,128.01404008516226,519
