original performance,number of trades,q learning performance,number of trades,q learning training performance,number of trades
-144.62152081866597,344,-66.27513731703928,253,-266.0125011469694,149
1233.3175518224057,446,1368.6185388612987,199,1029.7809489323542,208
-146.10962175455032,467,-451.2058660092561,230,-667.4030117458767,162
974.708362133472,154,690.7882192758414,65,-50000,0
