original performance,number of trades,q learning performance,number of trades
412.6022107444022,1411,375.1581724532927,1188,128.01404008516226,519
