original performance,number of trades,q learning performance,number of trades
412.6022107444022,1411,396.6925332187725,1217,128.01404008516226,519
