original performance,number of trades,q learning performance,number of trades
412.6022107444022,1411,306.5709385790516,586,128.01404008516226,519
