original performance,number of trades,q learning performance,number of trades
412.6022107444022,1411,427.0130923331769,1149,128.01404008516226,519
