original performance,number of trades,q learning performance,number of trades
412.6022107444022,1411,395.9885663194808,1193,128.01404008516226,519
