original performance,number of trades,q learning performance,number of trades
412.6022107444022,1411,412.17335225860705,1116,128.01404008516226,519
