original performance,number of trades,q learning performance,number of trades
412.6022107444022,1411,411.1271920414294,1180,128.01404008516226,519
