original performance,number of trades,q learning performance,number of trades
412.6022107444022,1411,385.00159176622975,1195,128.01404008516226,519
