original performance,number of trades,q learning performance,number of trades
412.6022107444022,1411,403.84448997960146,1171,128.01404008516226,519
