original performance,number of trades,q learning performance,number of trades
412.6022107444022,1411,388.6635241359849,1187,128.01404008516226,519
