original performance,number of trades,q learning performance,number of trades
412.6022107444022,1411,405.58819657533905,1182,128.01404008516226,519
