original performance,number of trades,q learning performance,number of trades
412.6022107444022,1411,404.3829398410514,1158,128.01404008516226,519
