original performance,number of trades,q learning performance,number of trades
412.6022107444022,1411,318.0883585263605,584,128.01404008516226,519
