original performance,number of trades,q learning performance,number of trades,q learning training performance,number of trades
-144.62152081866597,344,-222.09436623919814,311,-266.0125011469694,149
1233.3175518224057,446,1425.8077090737597,366,1029.7809489323542,208
-146.10962175455032,467,-293.1263649528795,366,-667.4030117458767,162
974.708362133472,154,1245.3002629433909,124,-50000,0
