original performance,number of trades,q learning performance,number of trades
412.6022107444022,1411,409.79565686785884,1187,128.01404008516226,519
