original performance,number of trades,q learning performance,number of trades
412.6022107444022,1411,263.3235012008728,751,128.01404008516226,519
