original performance,number of trades,q learning performance,number of trades
412.6022107444022,1411,409.5817609886176,1173,128.01404008516226,519
