original performance,number of trades,q learning performance,number of trades
412.6022107444022,1411,389.0599986311781,1195,128.01404008516226,519
