original performance,number of trades,q learning performance,number of trades
412.6022107444022,1411,392.4098729167493,1182,128.01404008516226,519
