original performance,number of trades,q learning performance,number of trades
412.6022107444022,1411,388.35571299381206,1183,128.01404008516226,519
