original performance,number of trades,q learning performance,number of trades
412.6022107444022,1411,370.8975697940158,1164,128.01404008516226,519
