original performance,number of trades,q learning performance,number of trades
-108.70824667562052,1506,51.70654196038737,1273,-1488.3642481423076,586
