original performance,number of trades,q learning performance,number of trades
-108.70824667562052,1506,84.18562291971452,1301,-1491.2349047839846,586
