original performance,number of trades,q learning performance,number of trades
-108.70824667562052,1506,14.794214874355589,1387,-1491.2349047839846,586
