original performance,number of trades,q learning performance,number of trades
-108.70824667562052,1506,80.24966336336463,1284,-1488.6136395158214,586
