original performance,number of trades,q learning performance,number of trades
-108.70824667562052,1506,30.585373457699625,1378,-1491.2349047839846,586
