original performance,number of trades,q learning performance,number of trades
-108.70824667562052,1506,-37.72492394167667,1347,-1491.4842961574984,586
