original performance,number of trades,q learning performance,number of trades
-108.70824667562052,1506,52.56631338001199,1322,-1487.4118660448355,586
