original performance,number of trades,q learning performance,number of trades
-108.70824667562052,1506,22.27549771926342,1248,-1491.4842961574984,586
