original performance,number of trades,q learning performance,number of trades
-108.70824667562052,1506,113.96445572192852,1300,-1491.4842961574984,586
