original performance,number of trades,q learning performance,number of trades
-108.70824667562052,1506,-30.8802321612258,1343,-1492.4366782549705,586
