original performance,number of trades,q learning performance,number of trades
-108.70824667562052,1506,42.653756007214724,1369,-1487.4118660448355,586
