original performance,number of trades,q learning performance,number of trades
-108.70824667562052,1506,9.891307698533572,1341,-1492.4366782549705,586
