original performance,number of trades,q learning performance,number of trades
-108.70824667562052,1506,-1.7515511389373826,1314,-1492.4366782549705,586
