original performance,number of trades,q learning performance,number of trades
-108.70824667562052,1506,-22.862257358639738,1290,-1488.3642481423076,586
