original performance,number of trades,q learning performance,number of trades
-108.70824667562052,1506,23.65436047009471,1324,-1491.4842961574984,586
