original performance,number of trades,q learning performance,number of trades
-108.70824667562052,1506,108.98843874890261,1277,-1487.4118660448355,586
