original performance,number of trades,q learning performance,number of trades
1204.2041569295193,743,1214.4500315627006,730,1339.415475040252,706
