original performance,number of trades,q learning performance,number of trades
1204.2041569295193,743,1180.7654624192612,736,1339.415475040252,706
