original performance,number of trades,q learning performance,number of trades,q learning training performance,number of trades
1050.3847243512264,122,1050.3847243512264,122,1050.3847243512264,122
1359.6825206667877,129,1359.6825206667877,129,1359.6825206667877,129
-365.3635470398471,117,-386.5712301689282,114,-365.3635470398471,117
1019.2408951739876,98,1071.9686860737047,95,1019.2408951739876,98
3756.8691945177443,141,3686.216754636903,138,3784.125300162179,140
617.5180292412787,101,551.6572909545898,100,551.6572909545898,100
-1658.5212297712053,35,-1774.6621416877297,34,-50000,0
