original performance,number of trades,q learning performance,number of trades
1204.2041569295193,743,1149.5568216959634,735,1339.415475040252,706
