original performance,number of trades,q learning performance,number of trades
1204.2041569295193,743,1161.4207168641212,737,1339.415475040252,706
