original performance,number of trades,q learning performance,number of trades
1204.2041569295193,743,1172.5457357325952,733,1339.415475040252,706
