original performance,number of trades,q learning performance,number of trades
1204.2041569295193,743,1188.979746680085,737,1339.415475040252,706
