original performance,number of trades,q learning performance,number of trades
1204.2041569295193,743,1179.0598033295091,738,1339.415475040252,706
