original performance,number of trades,q learning performance,number of trades
1234.142142324277,503,1132.5088038965262,467,1506.0664895678324,441
