original performance,number of trades,q learning performance,number of trades
1234.142142324277,503,979.3031838079681,359,1506.0664895678324,441
