original performance,number of trades,q learning performance,number of trades
1234.142142324277,503,1038.4333144101229,352,1506.0664895678324,441
