original performance,number of trades,q learning performance,number of trades
1234.142142324277,503,745.577193398512,262,1506.0664895678324,441
