original performance,number of trades,q learning performance,number of trades
1234.142142324277,503,1162.9202871788332,471,1506.0664895678324,441
