original performance,number of trades,q learning performance,number of trades
1234.142142324277,503,576.1112765815315,254,1506.0664895678324,441
