original performance,number of trades,q learning performance,number of trades
1234.142142324277,503,1117.2390508994492,473,1506.0664895678324,441
