original performance,number of trades,q learning performance,number of trades
1234.142142324277,503,1225.9460011498402,472,1506.0664895678324,441
