original performance,number of trades,q learning performance,number of trades
1234.142142324277,503,1143.5774019780542,474,1506.0664895678324,441
