original performance,number of trades,q learning performance,number of trades
1234.142142324277,503,1163.4159005227602,473,1506.0664895678324,441
