original performance,number of trades,q learning performance,number of trades
1234.142142324277,503,1193.8148259757452,478,1506.0664895678324,441
