original performance,number of trades,q learning performance,number of trades
1234.142142324277,503,1276.5794579809838,455,1506.0664895678324,441
