original performance,number of trades,q learning performance,number of trades
1234.142142324277,503,1153.581483539782,475,1506.0664895678324,441
