original performance,number of trades,q learning performance,number of trades
1234.142142324277,503,621.9060999057637,257,1506.0664895678324,441
