original performance,number of trades,q learning performance,number of trades
1234.142142324277,503,611.6177540193653,259,1506.0664895678324,441
