original performance,number of trades,q learning performance,number of trades
1234.142142324277,503,1219.8990355037793,477,1506.0664895678324,441
