original performance,number of trades,q learning performance,number of trades,q learning training performance,number of trades
384.62500461485325,205,293.09491595099956,170,421.2860615040996,202
2506.5096548897877,245,2813.888574133386,143,2422.910198642619,239
-1361.6885623572007,53,-1709.911410522461,40,-50000,0
