original performance,number of trades,q learning performance,number of trades,q learning training performance,number of trades
384.62500461485325,205,421.2860615040996,202,421.2860615040996,202
2506.5096548897877,245,2495.613562254779,226,2422.910198642619,239
-1361.6885623572007,53,-1361.5434218696926,46,-50000,0
