original performance,number of trades,q learning performance,number of trades
1234.142142324277,503,947.4178011194505,353,1506.0664895678324,441
