original performance,number of trades,q learning performance,number of trades
1234.142142324277,503,1180.5493370543136,470,1506.0664895678324,441
