original performance,number of trades,q learning performance,number of trades
1234.142142324277,503,1230.2102268585643,489,1506.0664895678324,441
