original performance,number of trades,q learning performance,number of trades
1234.142142324277,503,1181.6670863633385,477,1506.0664895678324,441
