original performance,number of trades,q learning performance,number of trades
1234.142142324277,503,1205.6454774215508,482,1506.0664895678324,441
