original performance,number of trades,q learning performance,number of trades
1234.142142324277,503,1219.3717348052235,492,1506.0664895678324,441
