original performance,number of trades,q learning performance,number of trades
1234.142142324277,503,663.8129340018935,262,1506.0664895678324,441
