original performance,number of trades,q learning performance,number of trades
1234.142142324277,503,952.5865026169274,338,1506.0664895678324,441
