original performance,number of trades,q learning performance,number of trades
1234.142142324277,503,648.271410210188,258,1506.0664895678324,441
