original performance,number of trades,q learning performance,number of trades,q learning training performance,number of trades
384.62500461485325,205,220.458428534146,145,421.2860615040996,202
2506.5096548897877,245,3047.477079932369,67,2422.910198642619,239
-1361.6885623572007,53,-1693.7626251220704,40,-50000,0
