original performance,number of trades,q learning performance,number of trades
1234.142142324277,503,1193.7112995494497,484,1506.0664895678324,441
