original performance,number of trades,q learning performance,number of trades
1234.142142324277,503,752.2823923896341,272,1506.0664895678324,441
