original performance,number of trades,q learning performance,number of trades
1234.142142324277,503,1216.471607952197,482,1506.0664895678324,441
