original performance,number of trades,q learning performance,number of trades
1234.142142324277,503,1196.4502132195087,484,1506.0664895678324,441
