original performance,number of trades,q learning performance,number of trades
1234.142142324277,503,1158.6746033876188,473,1506.0664895678324,441
