original performance,number of trades,q learning performance,number of trades
1234.142142324277,503,993.0575850132534,350,1506.0664895678324,441
