original performance,number of trades,q learning performance,number of trades,q learning training performance,number of trades
384.62500461485325,205,421.2860615040996,202,421.2860615040996,202
2506.5096548897877,245,2368.422748097202,228,2422.910198642619,239
-1361.6885623572007,53,-1591.4756921132405,48,-50000,0
