original performance,number of trades,q learning performance,number of trades
1234.142142324277,503,658.5942766933367,259,1506.0664895678324,441
