original performance,number of trades,q learning performance,number of trades
1234.142142324277,503,1060.3985102861777,348,1506.0664895678324,441
