original performance,number of trades,q learning performance,number of trades
1234.142142324277,503,1188.3497289343725,474,1506.0664895678324,441
