original performance,number of trades,q learning performance,number of trades
1234.142142324277,503,1278.3102184416118,475,1506.0664895678324,441
