original performance,number of trades,q learning performance,number of trades
1234.142142324277,503,561.5981703258697,252,1506.0664895678324,441
