original performance,number of trades,q learning performance,number of trades
-59.92019241323687,1637,-94.26266271466532,1423,-1.1353516571281492,645
