original performance,number of trades,q learning performance,number of trades
-59.92019241323687,1637,-104.2580071713926,1409,-1.1353516571281492,645
