original performance,number of trades,q learning performance,number of trades
-59.92019241323687,1637,-95.13257480675065,1420,-1.1353516571281492,645
