original performance,number of trades,q learning performance,number of trades
-59.92019241323687,1637,-101.15247227223176,1419,-1.1353516571281492,645
