original performance,number of trades,q learning performance,number of trades
-59.92019241323687,1637,-85.44022905751066,1421,-1.1353516571281492,645
