original performance,number of trades,q learning performance,number of trades
-59.92019241323687,1637,-91.85857231472782,1422,-1.1353516571281492,645
