original performance,number of trades,q learning performance,number of trades
-59.92019241323687,1637,-105.88019672012604,1391,-1.1353516571281492,645
