original performance,number of trades,q learning performance,number of trades
-59.92019241323687,1637,-96.45971386373675,1415,-1.1353516571281492,645
