original performance,number of trades,q learning performance,number of trades
-59.92019241323687,1637,-95.8204950478742,1423,-1.1353516571281492,645
