original performance,number of trades,q learning performance,number of trades
-59.92019241323687,1637,-93.414443036828,1423,-1.1353516571281492,645
